InChIKey,Odors
XMGQYMWWDOXHJM-SNVBAGLBSA-N,"terpenic, peppery, herbal, pine, orange"
ULDHMXUKGWMISQ-VIFPVBQESA-N,"minty, bready, spicy"
NOOLISFMXDJSKH-AEJSXWLSSA-N,mentholic
FYGHSUNMUKGBRK-UHFFFAOYSA-N,gasoline
LRHPLDYGYMQRHN-UHFFFAOYSA-N,"balsamic, winey, oily, solvent, fermented, sweet, alcoholic"
RWNUSVWFHDHRCJ-UHFFFAOYSA-N,
LQZZUXJYWNFBMV-UHFFFAOYSA-N,"soapy, honey, fatty, oily, citrus, floral, coconut, earthy, waxy"
KBPLFHHGFOOTCA-UHFFFAOYSA-N,"fatty, citrus, sweet, floral, coconut, rose, green, mushroom, waxy, aldehydic, orange"
BDERNNFJNOPAEC-UHFFFAOYSA-N,"musty, fermented, pear, sweet, fruity, alcoholic, apple"
FJPGAMCQJNLTJC-UHFFFAOYSA-N,"cheesy, fatty, buttery, oily, sweet"
LCZUOKDVTBMCMX-UHFFFAOYSA-N,"powdery, musty, chocolate, nutty, earthy, roasted, woody, cocoa, medicinal, grassy"
QPRQEDXDYOZYLA-UHFFFAOYSA-N,"leathery, fatty, winey, solvent, fermented, ethereal, cocoa, alcoholic"
PFCHFHIRKBAQGU-UHFFFAOYSA-N,"rummy, winey, grape, sweet, waxy, fruity, ethereal"
AQIXEPGDORPWBJ-UHFFFAOYSA-N,"herbal, oily, fermented, nutty, sweet, fruity, ethereal"
GRWFGVWFFZKLTI-UHFFFAOYSA-N,"terpenic, cooling, herbal, sweet, camphoreous, earthy, pine, fresh, woody"
LNIMMWYNSBZESE-UHFFFAOYSA-N,"bready, musty, hazelnut, potato, burnt, nutty, earthy, roasted, green"
WTARULDDTDQWMU-UHFFFAOYSA-N,"minty, terpenic, cooling, peppery, herbal, spicy, camphoreous, dry, pine, fresh, green, woody, hay"
QTBSBXVTEAMEQO-UHFFFAOYSA-N,"acidic, pungent, sharp, sour"
FERIUCNNQQJTOY-UHFFFAOYSA-N,"cheesy, buttery, sharp, dairy, fruity, sour"
ZYGHJZDHTFUPRJ-UHFFFAOYSA-N,"sweet, hay"
POULHZVOKOAJMA-UHFFFAOYSA-N,"fatty, coconut, fresh, waxy"
RGXWDWUGBIJHDO-UHFFFAOYSA-N,"fatty, winey, oily, grape, brandy, nutty, cognac, sweet, waxy, fruity, apple"
MMXKVMNBHPAILY-UHFFFAOYSA-N,"clean, soapy, fatty, oily, sweet, floral, waxy, fruity"
XIRNKXNNONJFQO-UHFFFAOYSA-N,"balsamic, milky, oily, sweet, waxy, fruity, creamy"
MVLVMROFTAUDAG-UHFFFAOYSA-N,"odorless, waxy"
YYZUSRORWSJGET-UHFFFAOYSA-N,"apricot, musty, winey, pear, brandy, dairy, pineapple, sweet, banana, waxy, fruity, creamy"
MMKRHZKQPFCLLS-UHFFFAOYSA-N,"fatty, orris, violet, sweet, waxy"
RRAFCDWBNXTKKO-UHFFFAOYSA-N,"clove, spicy, phenolic, pungent, cinnamon, smoky, sweet, dry, savory, woody"
CRDAMVZIKSXKFV-YFVJMOTDSA-N,"muguet, lily, oily, sweet, floral, waxy"
GLZPCOQZEFWAFX-JXMROGBWSA-N,"citrus, sweet, floral, rose, waxy, fruity"
MNWFXJYAOYHMED-UHFFFAOYSA-N,"cheesy, fatty, fermented, pineapple, waxy, fruity, sour"
HJFZAYHYIWGLNL-UHFFFAOYSA-N,"brown, coffee, potato, chocolate, nutty, beefy, roasted, ethereal, cocoa"
FUZZWVXGSFPDMH-UHFFFAOYSA-N,"cheesy, fatty, sour"
GWYFCOCPABKNJV-UHFFFAOYSA-N,"acidic, cheesy, pungent, tropical, fatty, ripe, dairy, fruity, sour"
JVTAAEKCZFNVCJ-UHFFFAOYSA-N,"odorless, buttery, sour"
SDQFDHOLCGWZPU-UHFFFAOYSA-N,"floral, fresh, green"
CDOSHBSSFJOMGT-UHFFFAOYSA-N,"citrus, sweet, floral, rose, green, woody"
ORMHZBNNECIKOH-UHFFFAOYSA-N,"muguet, floral, aldehydic, woody"
DRLFMBDRBRZALE-UHFFFAOYSA-N,
YRHYCMZPEVDGFQ-UHFFFAOYSA-N,"fatty, winey, oily, fermented, cognac, floral, fruity"
UQDUPQYQJKYHQI-UHFFFAOYSA-N,"soapy, coconut, mushroom, waxy, creamy"
FLIACVVOZYBSBS-UHFFFAOYSA-N,"fatty, orris, oily, sweet, waxy"
HPEUJPJOZXNMSJ-UHFFFAOYSA-N,"odorless, oily, waxy"
JGHZJRVDZXSNKQ-UHFFFAOYSA-N,"herbal, winey, sweet, green, waxy, aldehydic, fruity, vegetable, orange"
ZAZKJZBWRNNLDS-UHFFFAOYSA-N,"fatty, orris, oily, cognac, waxy"
IVSZLXZYQVIEFR-UHFFFAOYSA-N,plastic
GYHFUZHODSMOHU-UHFFFAOYSA-N,"cucumber, fatty, orris, citrus, floral, rose, fresh, green, waxy, aldehydic"
ALHUZKCOMYUFRB-UHFFFAOYSA-N,"natural, powdery, soapy, fatty, animal, sweet, floral, musk"
QIQXTHQIDYTFRH-UHFFFAOYSA-N,odorless
NUJGJRNETVAIRJ-UHFFFAOYSA-N,"herbal, fatty, citrus, fresh, green, waxy, aldehydic, fruity, orange"
WWZKQHOCKIZLMA-UHFFFAOYSA-N,"cheesy, fatty, oily, animal, waxy, vegetable"
IPCSVZSSVZVIGE-UHFFFAOYSA-N,"odorless, fatty, waxy, creamy"
ZRSNZINYAWTAHE-UHFFFAOYSA-N,"hawthorn, powdery, herbal, anisic, sweet, floral, vanilla, fruity, hay"
HFPZCAJZSCWRBC-UHFFFAOYSA-N,"citrus, fresh, woody"
WQEPLUUGTLDZJY-UHFFFAOYSA-N,"fatty, waxy"
XBDQKXXYIPTUBI-UHFFFAOYSA-N,"acidic, cheesy, pungent, milky, dairy, sour"
UNYNVICDCJHOPO-UHFFFAOYSA-N,"coffee, sweet, caramellic"
TUNFSRHWOTWDNC-UHFFFAOYSA-N,"soapy, odorless, fatty, oily, pineapple, coconut, waxy"
KMPQYAYAQWNLME-UHFFFAOYSA-N,"soapy, fatty, citrus, pineapple, sweet, floral, green, waxy, aldehydic, orange"
MWOOGOJBHIARFG-UHFFFAOYSA-N,"chocolate, sweet, vanilla, creamy"
YZEFQPIMXZVPKP-UHFFFAOYSA-N,"roasted, peanut, nutty, earthy, grain, baked"
KANZWHBYRHQMKZ-UHFFFAOYSA-N,"burnt, nutty, green"
OXQOBQJCDNLAPO-UHFFFAOYSA-N,"powdery, musty, coffee, potato, nutty, meaty, roasted, caramellic, green, cocoa"
WKSXRWSOSLGSTN-UHFFFAOYSA-N,"winey, chocolate, nutty, sweet, earthy, roasted, green, cocoa"
DBZAKQWXICEWNW-UHFFFAOYSA-N,"popcorn, musty, coffee, hazelnut, potato, chocolate, nutty, roasted"
CAWHJQAVHZEVTJ-UHFFFAOYSA-N,"brown, musty, potato, chocolate, fishy, nutty, earthy, roasted, green, cocoa"
NVIPUOMWGQAOIT-RQOWECAXSA-N,"musty, animal, musk"
QMQDJVIJVPEQHE-UHFFFAOYSA-N,"peppery, musty, potato, nutty, green, vegetable"
CIBKSMZEVHTQLG-UHFFFAOYSA-N,"popcorn, chocolate, burnt, nutty, roasted, almond, cocoa"
PSINWXIDJYEXLO-UHFFFAOYSA-N,"musty, hazelnut, potato, chocolate, nutty, meaty, earthy, roasted, green, vegetable"
ZYEMGPIYFIJGTP-UHFFFAOYSA-N,"clove, peppery, herbal, spicy, phenolic, musty, cinnamon, tea, warm, sweet, fresh, waxy, vegetable"
GZXXANJCCWGCSV-UHFFFAOYSA-N,"potato, nutty, earthy, roasted"
DPCILIMHENXHQX-UHFFFAOYSA-N,"musty, nutty, earthy, green, vegetable"
YTZKOQUCBOVLHL-UHFFFAOYSA-N,
MYHGOWDLVRDUFA-UHFFFAOYSA-N,"hyacinth, herbal, green"
GLZPCOQZEFWAFX-YFHOEESVSA-N,"natural, citrus, sweet, rose, fresh"
FKUPPRZPSYCDRS-UHFFFAOYSA-N,"natural, brown, powdery, tobacco, pear, animal, sweet, coumarinic, fruity, musk"
KHLFMZDGADSQGR-ACCUITESSA-N,"sweet, waxy, musk"
PGMYKACGEOXYJE-UHFFFAOYSA-N,"pear, banana, fruity, ethereal, apple"
JHIVVAPYMSGYDF-UHFFFAOYSA-N,"minty, ketonic, mint, solvent, sweet, camphoreous"
CATSNJVOTSVZJV-UHFFFAOYSA-N,"herbal, spicy, cheesy, ketonic, cinnamon, sweet, coconut, banana, green, woody, fruity, creamy"
KWOLFJPFCHCOCG-UHFFFAOYSA-N,"chemical, hawthorn, pungent, nutty, sweet, floral, coumarinic, vanilla, almond, cherry"
AIVVNNYXOSPRCW-UHFFFAOYSA-N,
XMWRWTSZNLOZFN-UHFFFAOYSA-N,"soapy, fatty, sweet, dry, musk"
NOOLISFMXDJSKH-KXUCPTDWSA-N,"minty, cooling, mentholic, mint"
ZWEHNKRNPOVVGH-UHFFFAOYSA-N,"ketonic, solvent, sweet, camphoreous, fruity, ethereal"
MMFCJPPRCYDLLZ-CMDGGOBGSA-N,"fatty, chicken, earthy, green, mushroom, waxy, aldehydic"
KIPCKEJKGCXRGA-UHFFFAOYSA-N,"musty, camphoreous, earthy"
PETRWTHZSKVLRE-UHFFFAOYSA-N,"clove, spicy, phenolic, leathery, smoky, burnt, sweet, woody, vanilla, medicinal"
FGKJLKRYENPLQH-UHFFFAOYSA-N,"cheesy, pungent, sour"
HFVMLYAGWXSTQI-QYXZOKGRSA-N,
FZJUFJKVIYFBSY-UHFFFAOYSA-N,"sweet, floral, fresh"
DKPFZGUDAPQIHT-UHFFFAOYSA-N,"sharp, solvent, pear, pineapple, sweet, banana, fruity, ethereal"
WEEGYLXZBRQIMU-UHFFFAOYSA-N,"herbal, camphoreous, fresh, medicinal"
UFLHIIWVXFIJGU-ARJAWSKDSA-N,"herbal, pungent, oily, fresh, green, vegetable, grassy"
WTEVQBCEXWBHNA-JXMROGBWSA-N,"lemon, citrus, fresh, fruity"
KSMVZQYAVGTKIV-UHFFFAOYSA-N,"citrus, sweet, floral, waxy, aldehydic, orange"
QSJXEFYPDANLFS-UHFFFAOYSA-N,"pungent, buttery, sweet, caramellic, creamy"
UBJVUCKUDDKUJF-UHFFFAOYSA-N,"pungent, metallic, sweet, onion, garlic, horseradish, sulfurous"
USIUVYZYUHIAEV-UHFFFAOYSA-N,"geranium, phenolic, metallic, floral, green"
XRHCAGNSDHCHFJ-UHFFFAOYSA-N,"powdery, fatty, oily, sweet, floral, woody, musk"
SCCDQYPEOIRVGX-UHFFFAOYSA-N,"clove, spicy, balsamic, sweet, floral, malty, fresh, woody, fruity"
LHXDLQBQYFFVNW-OIBJUYFYSA-N,"herbal, sweet, camphoreous, earthy, pine, woody"
HNDHDMOSWUAEAW-VMXHOPILSA-N,
HIGQPQRQIQDZMP-DHZHZOJOSA-N,"lavender, sweet, floral, rose, green, waxy, fruity"
LHGVFZTZFXWLCP-UHFFFAOYSA-N,"spicy, phenolic, smoky, meaty, sweet, savory, woody, vanilla, medicinal"
ZCZSIDMEHXZRLG-UHFFFAOYSA-N,"rummy, apricot, fatty, winey, pear, citrus, floral, fresh, green, waxy, aldehydic, woody, fruity"
XAPCMTMQBXLDBB-UHFFFAOYSA-N,"estery, soapy, sweet, green, waxy, fruity, vegetable, apple"
KGEKLUUHTZCSIP-JFGNBEQYSA-N,"herbal, camphoreous, earthy, pine, woody, fruity"
AMIMRNSIRUDHCM-UHFFFAOYSA-N,"cheesy, pungent, chocolate, floral, fresh, banana, green, aldehydic, fruity"
KQNPFQTWMSNSAP-UHFFFAOYSA-N,"acidic, cheesy, buttery, dairy, fruity, sour"
BJIOGJUNALELMI-ONEGZZNKSA-N,"spicy, phenolic, sweet, floral"
LSDPWZHWYPCBBB-UHFFFAOYSA-N,"alliaceous, cabbage, oily, garlic, savory, creamy, vegetable, sulfurous"
OSWPMRLSEDHDFF-UHFFFAOYSA-N,"minty, phenolic, aromatic, warm, sweet, camphoreous"
YLYBTZIQSIBWLI-UHFFFAOYSA-N,"jasmin, herbal, peach, citrus, floral, earthy, green, mushroom, waxy, fruity, orange"
DTUQWGWMVIHBKE-UHFFFAOYSA-N,"powdery, hyacinth, honey, chocolate, fermented, sweet, floral, earthy, rose, green, cocoa"
KYQCOXFCLRTKLS-UHFFFAOYSA-N,"musty, pungent, hazelnut, nutty, sweet, roasted"
WUOACPNHFRMFPN-UHFFFAOYSA-N,"clean, herbal, sweet, floral, pine, fresh, woody"
IGODOXYLBBXFDW-UHFFFAOYSA-N,"bergamot, lavender, herbal, spicy, citrus, sweet"
QPJVMBTYPHYUOC-UHFFFAOYSA-N,"phenolic, sweet, floral, fruity, almond"
RMBFBMJGBANMMK-UHFFFAOYSA-N,
ONKNPOPIGWHAQC-UHFFFAOYSA-N,"sweet, floral, musk"
CIEKNJJOENYFQL-UHFFFAOYSA-N,
IAEGWXHKWJGQAZ-UHFFFAOYSA-N,"powdery, musty, coffee, hazelnut, potato, burnt, nutty, earthy, roasted, cocoa"
NTOPKICPEQUPPH-UHFFFAOYSA-N,"potato, chocolate, nutty, earthy, vegetable"
UXFSPRAGHGMRSQ-UHFFFAOYSA-N,green
NQPDZGIKBAWPEJ-UHFFFAOYSA-N,"acidic, cheesy, tobacco, milky, sharp, fruity, sour"
BSAIUMLZVGUGKX-BQYQJAHWSA-N,"cucumber, fatty, orris, melon, citrus, green, waxy, aldehydic"
JLIDVCMBCGBIEY-UHFFFAOYSA-N,"peppery, spicy, pungent, alliaceous, radish, onion, garlic, ethereal"
INAXVXBDKKUCGI-UHFFFAOYSA-N,"brown, strawberry, burnt, pineapple, sweet, roasted, caramellic, savory, fruity"
KLTVSWGXIAYTHO-UHFFFAOYSA-N,"herbal, musty, cabbage, metallic, chicken, fishy, earthy, savory, mushroom, vegetable"
CLUWOWRTHNNBBU-UHFFFAOYSA-N,"bready, musty, potato, oily, meaty, earthy, onion, brothy, savory, creamy, tomato, vegetable"
GETQZCLCWQTVFV-UHFFFAOYSA-N,"pungent, fishy, oily, fruity"
WXCMHFPAUCOJIG-UHFFFAOYSA-N,"powdery, soapy, fatty, floral, dry, musk"
SIMKGHMLPVDSJE-UHFFFAOYSA-N,"musty, coffee, potato, winey, brandy, meaty, sweet, caramellic, mushroom, fruity, cocoa, vegetable"
PPJSYGVFDJEMRP-UHFFFAOYSA-N,"popcorn, musty, hazelnut, potato, nutty, meaty, earthy"
KVFIJIWMDBAGDP-UHFFFAOYSA-N,"musty, coffee, buttery, fermented, nutty, meaty, roasted, woody, cocoa"
WTOYNNBCKUYIKC-JMSVASOKSA-N,"citrus, sweet, grapefruit, woody, orange"
BOPPSUHPZARXTH-UHFFFAOYSA-N,"ozone, melon, floral, fresh, green, hay"
BAVONGHXFVOKBV-UHFFFAOYSA-N,"minty, cooling, herbal, spicy, sweet, green"
FXHGMKSSBGDXIY-UHFFFAOYSA-N,"ozone, herbal, fatty, citrus, nutty, cognac, sweet, fresh, green, aldehydic"
GJWSUKYXUMVMGX-UHFFFAOYSA-N,"tobacco, fatty, smoky, floral, green, waxy, vegetable, grassy"
NFLGAXVYCFJBMK-BDAKNGLRSA-N,"minty, cooling, anise, mentholic, herbal, sweet, camphoreous, fresh, green"
ZWRUINPWMLAQRD-UHFFFAOYSA-N,"clean, fatty, oily, floral, rose, fresh, orange"
YTHRBOFHFYZBRJ-JHJMLUEUSA-N,
FBUKVWPVBMHYJY-UHFFFAOYSA-N,"cheesy, fatty, nutty, dairy, waxy"
VSMOENVRRABVKN-UHFFFAOYSA-N,"chicken, oily, sweet, earthy, green, mushroom, vegetable"
CZUGFKJYCPYHHV-UHFFFAOYSA-N,"cooked, meaty, sweet, onion, savory, mushroom, vegetable, sulfurous"
KFUSEUYYWQURPO-UHFFFAOYSA-N,
WPFVBOQKRVRMJB-UHFFFAOYSA-N,"lily, tropical, melon, sweet, floral, green, waxy"
DNRJTBAOUJJKDY-UHFFFAOYSA-N,"amber, powdery, sweet, fruity, musk"
IKTHMQYJOWTSJO-UHFFFAOYSA-N,"cedar, animal, woody, musk"
MIZGSAALSYARKU-UHFFFAOYSA-N,"clean, spicy, woody, musk"
WTEVQBCEXWBHNA-UHFFFAOYSA-N,"sharp, lemon, sweet"
QMVPMAAFGQKVCJ-SNVBAGLBSA-N,"oily, leafy, floral, rose"
HLCSDJLATUNSSI-JXMROGBWSA-N,"metallic, sharp, lemon, sweet, green, fruity"
QUNOTZOHYZZWKQ-UHFFFAOYSA-N,"popcorn, coffee, hazelnut, nutty, roasted, caramellic, cocoa, vegetable"
WNLRTRBMVRJNCN-UHFFFAOYSA-N,odorless
KDYFGRWQOYBRFD-UHFFFAOYSA-N,odorless
NJGBTKGETPDVIK-UHFFFAOYSA-N,"jammy, raspberry, berry, ripe, sweet, floral, woody, fruity"
WQAQPCDUOCURKW-UHFFFAOYSA-N,"cheesy, coffee, fatty, meaty, beefy, onion, roasted, garlic, savory, sulfurous"
ZSIAUFGUXNUGDI-UHFFFAOYSA-N,"herbal, pungent, fatty, winey, oily, sweet, green, fruity, ethereal, alcoholic"
BBMCTIGTTCKYKF-UHFFFAOYSA-N,"herbal, musty, pungent, fatty, violet, leafy, sweet, fresh, banana, green, woody, fruity, vegetable, apple"
AMQJEAYHLZJPGS-UHFFFAOYSA-N,"bready, pungent, balsamic, winey, oily, solvent, fermented, sweet, alcoholic"
GTGTXZRPJHDASG-UHFFFAOYSA-N,
HZTPKMIMXLTOSK-UHFFFAOYSA-N,
JARKCYVAAOWBJS-UHFFFAOYSA-N,"clean, fatty, leafy, fresh, green, aldehydic, woody, fruity, vegetable, grassy"
WLJVXDMOQOGPHL-UHFFFAOYSA-M,
RFFOTVCVTJUTAD-UHFFFAOYSA-N,"minty, terpenic, cooling, herbal, camphoreous, pine, fresh, green"
FTZILAQGHINQQR-UHFFFAOYSA-N,"cheesy, green, fruity, ethereal, cocoa, vegetable"
WMFATTFQNRPXBQ-UHFFFAOYSA-N,
ULDHMXUKGWMISQ-SECBINFHSA-N,"minty, herbal, sweet"
ZSKAJFSSXURRGL-PKNBQFBNSA-N,"lemon, citrus"
RDOXTESZEPMUJZ-UHFFFAOYSA-N,"anise, phenolic, anisic, sweet, gasoline, ethereal"
MLFHJEHSLIIPHL-UHFFFAOYSA-N,"estery, ripe, solvent, pear, sweet, banana, fruity"
QMVPMAAFGQKVCJ-JTQLQIEISA-N,"geranium, powdery, citrus, sweet, floral, rose, green, waxy, fruity"
RWRDLPDLKQPQOW-UHFFFAOYSA-N,"fishy, animal"
NEHNMFOYXAPHSD-JTQLQIEISA-N,"clean, herbal, citrus"
NEHNMFOYXAPHSD-SNVBAGLBSA-N,"herbal, lemon, citrus, fresh, green, woody"
YAQLSKVCTLCIIE-UHFFFAOYSA-N,
WLAMNBDJUVNPJU-UHFFFAOYSA-N,"acidic, cheesy, pungent, fermented, fruity"
POIARNZEYGURDG-FNORWQNLSA-N,"raspberry, natural, tobacco, tea, grape, plum, sweet, floral, earthy, rose, green, woody, fruity, apple"
JZQKTMZYLHNFPL-BLHCBFLLSA-N,"cucumber, fatty, chicken, oily, melon, citrus, nutty, brothy"
HZYHMHHBBBSGHB-ODYTWBPASA-N,"cucumber, fatty, violet, melon, leafy, dry, green, vegetable"
UZFLPKAIBPNNCA-BQYQJAHWSA-N,"balsamic, tropical, orris, violet, sweet, floral, woody, fruity"
HZYHMHHBBBSGHB-KPDBFRNYSA-N,
CWRKZMLUDFBPAO-SREVYHEPSA-N,"citrus, aldehydic, orange"
UZFFFFWQKMPLAC-ARJAWSKDSA-N,"cucumber, citrus, aldehydic"
BGTBFNDXYDYBEY-FNORWQNLSA-N,"minty, honey, tobacco, berry, plum, floral, rose, woody, fruity"
KMRMUZKLFIEVAO-IUCAKERBSA-N,
FQTLCLSUCSAZDY-SDNWHVSQSA-N,"citrus, floral, green, waxy, woody"
PSQYTAPXSHCGMF-BQYQJAHWSA-N,"tropical, berry, violet, sweet, floral, woody, fruity"
HIGQPQRQIQDZMP-UHFFFAOYSA-N,
CWRKZMLUDFBPAO-VOTSOKGWSA-N,"fatty, citrus, fresh, green, aldehydic, fruity, orange"
QKTZBZWNADPFOL-BNFZFUHLSA-N,"fatty, citrus, meaty, grapefruit, orange"
ZHHYXNZJDGDGPJ-BSWSSELBSA-N,"cucumber, fatty, chicken, melon, nutty, green, waxy"
CXENHBSYCFFKJS-VDQVFBMKSA-N,"bergamot, lavender, herbal, berry, citrus, floral, green, woody, vegetable, apple"
GHVNFZFCNZKVNT-UHFFFAOYSA-N,"cheesy, fatty, citrus, dairy, waxy, sour"
BDJRBEYXGGNYIS-UHFFFAOYSA-N,odorless
XUPYJHCZDLZNFP-UHFFFAOYSA-N,"ripe, pear, pineapple, sweet, fresh, banana, green, fruity, cherry, apple"
XNLICIUVMPYHGG-UHFFFAOYSA-N,"ketonic, winey, fermented, rum, dairy, sweet, banana, woody, fruity, ethereal"
HGBOYTHUEUWSSQ-UHFFFAOYSA-N,"bready, pungent, berry, chocolate, fermented, nutty, fruity"
LSTSBZKIQFOPHA-UHFFFAOYSA-N,"pear, floral, woody, fruity, musk"
SRONXYPFSAKOGH-UHFFFAOYSA-N,
FFVHXGZXDRXFLQ-UHFFFAOYSA-N,
,
SXOZDDAFVJANJP-UHFFFAOYSA-N,
UPOSSYJVWXLPTA-UHFFFAOYSA-N,
CJPNOLIZCWDHJK-UHFFFAOYSA-N,"celery, jasmin, fatty, oily, burnt, dairy, floral, fresh, waxy, fruity"
PQYGSSYFJIJDFK-UHFFFAOYSA-N,
HABNNYNSJFKZFE-UHFFFAOYSA-N,"onion, sulfurous"
ALHUZKCOMYUFRB-OAHLLOKOSA-N,"powdery, animal, musk"
ALHUZKCOMYUFRB-HNNXBMFYSA-N,
HUIYGGQINIVDNW-UHFFFAOYSA-N,"powdery, winey, berry, grape, plum, sweet, floral, fruity"
KJPRLNWUNMBNBZ-QPJJXVBHSA-N,"spicy, cinnamon, warm, sweet"
CFNJLPHOBMVMNS-UHFFFAOYSA-N,"tropical, pineapple, sweet, banana, fruity, cherry"
ZCDYAMJXVAUTIM-UHFFFAOYSA-N,"rummy, honey, pineapple, sweet, fruity"
GTNCESCYZPMXCJ-UHFFFAOYSA-N,"hyacinth, balsamic, floral, fruity"
BADXJIPKFRBFOT-UHFFFAOYSA-N,
BDFAOUQQXJIZDG-UHFFFAOYSA-N,"cooked, onion, garlic, vegetable, sulfurous"
FEWLNYSYJNLUOO-UHFFFAOYSA-N,
CBJPZHSWLMJQRI-UHFFFAOYSA-N,"coffee, cabbage, potato, chicken, meaty, onion, roasted, sulfurous"
CWERGRDVMFNCDR-UHFFFAOYSA-N,sulfurous
KZCOBXFFBQJQHH-UHFFFAOYSA-N,"meaty, roasted, vegetable, sulfurous"
YCIXWYOBMVNGTB-UHFFFAOYSA-N,"jasmin, powdery, herbal, spicy, sweet, floral, woody, fruity"
PBGWNXWNCSSXCO-UHFFFAOYSA-N,"estery, herbal, fatty, berry, green, waxy, fruity, apple"
UHOVQNZJYSORNB-UHFFFAOYSA-N,
AZOCECCLWFDTAP-RKDXNWHRSA-N,"minty, mentholic, herbal"
NTWSIWWJPQHFTO-UHFFFAOYSA-N,
SMWDFEZZVXVKRB-UHFFFAOYSA-N,"musty, leathery, tobacco, animal, sweet, earthy, medicinal"
ODHAQPXNQDBHSH-UHFFFAOYSA-N,"musty, coffee, alliaceous, berry, meaty, onion, green, cocoa"
JUJWROOIHBZHMG-UHFFFAOYSA-N,"fishy, burnt, sour"
NDVASEGYNIMXJL-NXEZZACHSA-N,
LHXDLQBQYFFVNW-UHFFFAOYSA-N,"sweet, camphoreous, pine"
ARJWAURHQDJJAC-GQCTYLIASA-N,"hazelnut, metallic, nutty"
AMXYRHBJZOVHOL-ODYTWBPASA-N,"herbal, cucumber, fatty, oily, violet, leafy, nutty, green"
DIVCBWJKVSFZKJ-UHFFFAOYSA-M,
TWOGJUHCCNLYPC-UHFFFAOYSA-N,"meaty, onion, roasted, grapefruit, sulfurous"
CZCBTSFUTPZVKJ-UHFFFAOYSA-N,"geranium, herbal, spicy, floral, camphoreous, earthy, rose, fresh, green, vegetable"
ROWKJAVDOGWPAT-UHFFFAOYSA-N,"fatty, milky, buttery, dairy, sweet, creamy"
BGVBGAIWXAXBLP-UHFFFAOYSA-N,"burnt, caramellic, fruity, hay"
SZECUQRKLXRGSJ-UHFFFAOYSA-N,"meaty, savory"
LEGGANXCVQPIAI-UHFFFAOYSA-N,"lactonic, musty, fatty, milky, dairy, waxy, creamy"
IFYYFLINQYPWGJ-UHFFFAOYSA-N,"fatty, buttery, oily, peach, sweet, coconut, fresh, waxy, fruity, creamy"
WGPCZPLRVAWXPW-UHFFFAOYSA-N,"metallic, fatty, peach, sweet, fruity"
OALYTRUKMRCXNH-UHFFFAOYSA-N,"fatty, buttery, oily, sweet, coconut, waxy, creamy"
IPBFYZQJXZJBFQ-UHFFFAOYSA-N,"fatty, dairy, sweet, coconut, coumarinic, waxy, creamy"
PHXATPHONSXBIL-UHFFFAOYSA-N,"lactonic, apricot, ketonic, fatty, peach, coconut, fruity, creamy"
WNVCMFHPRIBNCW-YUMQZZPRSA-N,coconut
IUFQZPBIRYFPFD-UHFFFAOYSA-N,"nutty, sweet, caramellic, fruity"
QRPLZGZHJABGRS-UHFFFAOYSA-N,"apricot, tropical, metallic, fatty, milky, buttery, oily, peach, dairy, sweet, coconut, fresh, fruity, creamy"
FYTRVXSHONWYNE-UHFFFAOYSA-N,"lactonic, tropical, fatty, dairy, sweet, coconut, coumarinic, green, creamy"
NDFKTBCGKNOHPJ-AATRIKPKSA-N,"pungent, fatty, oily, sweet, fresh, green, fruity, vegetable, apple"
PANBRUWVURLWGY-MDZDMXLPSA-N,"fatty, lemon, citrus, sweet, fresh, green, waxy, aldehydic, fruity, orange"
OGLDWXZKYODSOB-SNVBAGLBSA-N,"terpenic, spicy, citrus, fresh, medicinal"
XMGQYMWWDOXHJM-UHFFFAOYSA-N,"terpenic, herbal, citrus, camphoreous, gasoline"
BSAIUMLZVGUGKX-FPLPWBNLSA-N,"cucumber, fatty, orris, melon, waxy"
LVBXEMGDVWVTGY-SREVYHEPSA-N,"fatty, leafy, green, fruity"
NPFVOOAXDOBMCE-PLNGDYQASA-N,"melon, pear, sweet, fresh, banana, green, fruity, grassy, apple"
GXANMBISFKBPEX-ARJAWSKDSA-N,"weedy, pungent, fatty, leafy, fresh, green, fruity, grassy, apple"
VVGOCOMZRGWHPI-ARJAWSKDSA-N,"fatty, milky, oily, dairy, green, creamy, vegetable"
VWYBQOFZVSNDAW-WAYWQWQTSA-N,"geranium, metallic, green"
DHKHKXVYLBGOIT-UHFFFAOYSA-N,"nutty, sweet, earthy, green, fruity, ethereal, alcoholic, vegetable"
SATCULPHIDQDRE-UHFFFAOYSA-N,"spicy, tropical, sweet, floral, vanilla, creamy, cherry"
OQWNKUAZQSLNSR-UHFFFAOYSA-N,"cooked, fatty, citrus, meaty, beefy, animal, sweet, brothy, savory, waxy, fruity"
ZFMSMUAANRJZFM-UHFFFAOYSA-N,"minty, anise, herbal, spicy, phenolic, anisic, sweet, green"
RUVINXPYWBROJD-ONEGZZNKSA-N,"anise, herbal, anisic, sweet, medicinal"
MMSLOZQEMPDGPI-UHFFFAOYSA-N,"clove, spicy, phenolic, musty, coffee, lemon, citrus, nutty, pine"
KUFFULVDNCHOFZ-UHFFFAOYSA-N,"phenolic, sharp, smoky, burnt, roasted"
KLIDCXVFHGNTTM-UHFFFAOYSA-N,"powdery, phenolic, balsamic, smoky, sweet, woody, medicinal"
NXXYKOUNUYWIHA-UHFFFAOYSA-N,"phenolic, coffee, sharp, smoky, sweet, medicinal"
ZQPCOAKGRYBBMR-UHFFFAOYSA-N,"aromatic, alliaceous, tropical, citrus, onion, grapefruit, garlic, woody, sulfurous"
FZOZFDAMVVEZSJ-UHFFFAOYSA-N,"bready, herbal, popcorn, chicken, nutty, onion, roasted, green, grassy"
HEQOJEGTZCTHCF-UHFFFAOYSA-N,
IFNDEOYXGHGERA-UHFFFAOYSA-N,"phenolic, smoky, sweet, vanilla, medicinal"
SRUTWBWLFKSTIS-UHFFFAOYSA-N,"chemical, coffee, meaty, onion, brothy, roasted, vegetable, sulfurous"
BYGQBDHUGHBGMD-UHFFFAOYSA-N,"phenolic, musty, coffee, fatty, chocolate, fermented, nutty, malty, green, fruity, cocoa, alcoholic"
RUYNUXHHUVUINQ-UHFFFAOYSA-N,"metallic, fishy, meaty, beefy, sweet, brothy, roasted, sulfurous"
QWVGKYWNOKOFNN-UHFFFAOYSA-N,"herbal, phenolic, musty, leathery, medicinal"
HSDXVAOHEOSTFZ-UHFFFAOYSA-N,"herbal, fatty, meaty, green, mushroom, vegetable"
ZMRFRBHYXOQLDK-UHFFFAOYSA-N,"tropical, roasted, sulfurous"
WRMNZCZEMHIOCP-UHFFFAOYSA-N,"bready, honey, sweet, floral, rose, fresh"
MDHYEMXUFSJLGV-UHFFFAOYSA-N,"honey, balsamic, tropical, sweet, floral, rose, fruity, cocoa"
OVNCGQSYSSYBPO-UHFFFAOYSA-N,"fishy, roasted"
HMNKTRSOROOSPP-UHFFFAOYSA-N,"phenolic, musty"
XPCTZQVDEJYUGT-UHFFFAOYSA-N,"jammy, bready, strawberry, berry, burnt, sweet, caramellic, fruity"
ZFRKQXVRDFCRJG-UHFFFAOYSA-N,"animal, floral, fruity"
VTAPYUYITKYXJB-UHFFFAOYSA-N,"coffee, tropical, meaty, onion, roasted, caramellic, sulfurous"
PHTQWCKDNZKARW-UHFFFAOYSA-N,"pungent, fermented, cognac, banana, fruity, ethereal, alcoholic"
YGHRJJRRZDOVPD-UHFFFAOYSA-N,"cheesy, pungent, fatty, chocolate, peach, green, aldehydic, fruity, ethereal, cocoa"
NHIMSNHOEAVUKE-UHFFFAOYSA-N,
RLSSMJSEOOYNOY-UHFFFAOYSA-N,"phenolic, leathery, dry, woody, medicinal"
XMIIGOLPHOKFCH-UHFFFAOYSA-N,"balsamic, cinnamon, fatty, sweet, floral, rose, musk"
TYZFMFVWHZKYSE-UHFFFAOYSA-N,"alliaceous, tropical, chicken, meaty, grapefruit, savory, fruity, sulfurous"
JUCARGIKESIVLB-UHFFFAOYSA-N,"raspberry, tropical, pear, floral, grapefruit, fruity, sulfurous"
WTWBUQJHJGUZCY-UHFFFAOYSA-N,"herbal, spicy, pungent, green"
YOMSJEATGXXYPX-UHFFFAOYSA-N,"clove, peppery, powdery, spicy, phenolic, smoky, sweet, woody"
FUGYGGDSWSUORM-UHFFFAOYSA-N,"chemical, spicy, phenolic, musty, meaty, sweet, medicinal"
PWKJMPFEQOHBAC-UHFFFAOYSA-N,fatty
HXDOZKJGKXYMEW-UHFFFAOYSA-N,"phenolic, smoky, animal, savory, woody"
CBOQJANXLMLOSS-UHFFFAOYSA-N,"sweet, vanilla, creamy"
XVHGKKGBUDMTIQ-UHFFFAOYSA-N,"minty, tropical, peach, sweet, grapefruit, sulfurous"
GNKZMNRKLCTJAY-UHFFFAOYSA-N,"hawthorn, powdery, sweet, floral, coumarinic, vanilla, fruity, cherry, hay"
IWDCLRJOBJJRNH-UHFFFAOYSA-N,"phenolic, smoky, animal, medicinal"
PXIKRTCSSLJURC-UHFFFAOYSA-N,"clove, powdery, spicy, phenolic, balsamic, sharp, sweet"
GWCRPYGYVRXVLI-UHFFFAOYSA-N,"sweet, caramellic"
LIIALPBMIOVAHH-UHFFFAOYSA-N,"balsamic, sweet"
NVLPQIPTCCLBEU-UHFFFAOYSA-N,"alliaceous, onion, garlic, sulfurous"
LOCDPORVFVOGCR-UHFFFAOYSA-N,"spicy, pungent, alliaceous, metallic, meaty, onion, garlic, green, mushroom, horseradish, sulfurous"
WJSDHUCWMSHDCR-VMPITWQZSA-N,"spicy, balsamic, cinnamon, sweet, floral, fruity"
OOCCDEMITAIZTP-QPJJXVBHSA-N,"powdery, hyacinth, spicy, balsamic, sweet, green"
PFRGXCVKLLPLIP-UHFFFAOYSA-N,"pungent, alliaceous, metallic, onion, garlic"
QMMFVYPAHWMCMS-UHFFFAOYSA-N,"pungent, radish, cabbage, berry, fishy, sweet, onion, green, fruity, creamy, tomato, vegetable, sulfurous"
YWHLKYXPLRWGSE-UHFFFAOYSA-N,"cooked, alliaceous, cabbage, meaty, onion, fresh, garlic, savory, vegetable, sulfurous"
WQOXQRCZOLPYPM-UHFFFAOYSA-N,"cabbage, onion, vegetable, sulfurous"
ALVPFGSHPUPROW-UHFFFAOYSA-N,"alliaceous, tropical, metallic, burnt, earthy, onion, fresh, garlic, green, sulfurous"
GAZXPZNJTZIGBO-UHFFFAOYSA-N,"pungent, alliaceous, tropical, onion, garlic, green, vegetable, sulfurous"
MBDOYVRWFFCFHM-SNAWJCMRSA-N,"clean, herbal, spicy, cheesy, pungent, fatty, sharp, leafy, fresh, banana, green, aldehydic, fruity, vegetable, grassy, apple"
LFQSCWFLJHTTHZ-UHFFFAOYSA-N,"sweet, ethereal, alcoholic, medicinal"
LYRIITRHDCNUHV-SSDOTTSWSA-N,
HCRBXQFHJMCTLF-UHFFFAOYSA-N,"estery, tropical, strawberry, berry, sharp, sweet, fresh, green, fruity, apple"
WDAXFOBOLVPGLV-UHFFFAOYSA-N,"rummy, pungent, rum, sweet, fruity, ethereal, alcoholic, apple"
YSNWHRKJEKWJNY-UHFFFAOYSA-N,"metallic, ripe, pineapple, caramellic, fruity, tomato, sulfurous"
PPXUHEORWJQRHJ-UHFFFAOYSA-N,"estery, winey, buttery, sharp, pineapple, sweet, banana, green, fruity, orange, apple"
OFQRUTMGVBMTFQ-UHFFFAOYSA-N,"pineapple, fruity, apple"
XEKOWRVHYACXOJ-UHFFFAOYSA-N,"rummy, weedy, winey, sharp, grape, brandy, sweet, green, fruity, ethereal"
MTZQAGJQAFMTAQ-UHFFFAOYSA-N,"minty, musty, grape, sweet, floral, dry, fruity, medicinal, cherry"
OBNCKNCVKJNDBV-UHFFFAOYSA-N,"juicy, buttery, ripe, cognac, pineapple, banana, fruity, ethereal"
KBEBGUQPQBELIU-CMDGGOBGSA-N,"honey, balsamic, cinnamon, plum, floral"
SHZIWNPUGXLXDT-UHFFFAOYSA-N,"estery, tropical, fatty, strawberry, pear, pineapple, sweet, banana, green, waxy, fruity"
ICMAFTSLXCXHRK-UHFFFAOYSA-N,"acidic, tropical, berry, pineapple, sweet, green, fruity, apple"
DULCUDSUACXJJC-UHFFFAOYSA-N,"honey, balsamic, anisic, sweet, floral, rose, cocoa"
JJOYCHKVKWDMEA-UHFFFAOYSA-N,"cheesy, winey, berry, fermented, brandy, fruity, apple"
ZFFTZDQKIXPDAF-UHFFFAOYSA-N,"coffee, alliaceous, fatty, chicken, oily, smoky, burnt, meaty, caramellic, savory, sulfurous"
CETWDUZRCINIHU-UHFFFAOYSA-N,"herbal, lemon, citrus, sweet, floral, fresh, green, fruity"
AOGQPLXWSUTHQB-UHFFFAOYSA-N,"fatty, pear, sweet, fresh, banana, green, fruity, apple"
BHIWKHZACMWKOJ-UHFFFAOYSA-N,"apricot, rum, pineapple, sweet, floral, fruity, ethereal, apple"
UUIQMZJEGPQKFD-UHFFFAOYSA-N,"pungent, buttery, fermented, pineapple, sweet, banana, fruity, ethereal, creamy, apple"
ZOYASYRPGHCQHW-UHFFFAOYSA-N,"cooked, clean, metallic, sweet, onion, garlic, green, sulfurous"
UAHWPYUMFXYFJY-UHFFFAOYSA-N,"terpenic, celery, peppery, herbal, spicy, balsamic, rose, woody"
VKCYHJWLYTUGCC-UHFFFAOYSA-N,"weedy, soapy, herbal, cheesy, fatty, sweet, coconut, earthy, fresh, green, waxy, fruity"
TZMFJUDUGYTVRY-UHFFFAOYSA-N,"cheesy, pungent, fatty, buttery, oily, nutty, sweet, caramellic, creamy"
NBBJYMSMWIIQGU-UHFFFAOYSA-N,"pungent, winey, grape, brandy, nutty, cognac, meaty, earthy, green, ethereal, cocoa, alcoholic"
GCZQHDFWKVMZOE-UHFFFAOYSA-N,"coffee, fishy, meaty, sulfurous"
CCRCUPLGCSFEDV-BQYQJAHWSA-N,"balsamic, strawberry, sweet, fruity, cherry"
UYLKDZXJEKFFHJ-UHFFFAOYSA-N,"coffee, burnt, nutty, meaty, earthy, roasted, savory, mushroom, cocoa, sulfurous"
NWYGPVZOBBHKLI-UHFFFAOYSA-N,"cabbage, metallic, onion, green, vegetable, sulfurous"
CLSLQQCDHOZMDT-UHFFFAOYSA-N,"coffee, alliaceous, meaty, onion, roasted, garlic, sulfurous"
OFQPKKGMNWASPN-UHFFFAOYSA-N,"chicken, burnt, meaty, beefy, roasted, savory, horseradish, sulfurous"
QZZBJCFNHPYNKO-UHFFFAOYSA-N,"tropical, meaty, floral, sulfurous"
UENWRTRMUIOCKN-UHFFFAOYSA-N,"minty, coffee, alliaceous, sharp, onion, garlic, horseradish, sulfurous"
SKSFHXVDHVKIBN-UHFFFAOYSA-N,"pungent, alliaceous, radish, onion, garlic, horseradish, vegetable, sulfurous"
VAJVDSVGBWFCLW-UHFFFAOYSA-N,"hyacinth, spicy, balsamic, sweet, floral"
XPFVYQJUAUNWIW-UHFFFAOYSA-N,"chemical, estery, brown, bready, musty, coffee, sweet, caramellic, alcoholic, sulfurous"
WVDDGKGOMKODPV-UHFFFAOYSA-N,"chemical, phenolic, balsamic, sweet, floral, rose, fruity, almond"
HYBBIBNJHNGZAN-UHFFFAOYSA-N,"brown, bready, spicy, phenolic, sweet, caramellic, woody, almond"
XHIUFYZDQBSEMF-UHFFFAOYSA-N,"estery, tropical, ripe, sweet, banana, fruity, ethereal, apple"
WNVCMFHPRIBNCW-UHFFFAOYSA-N,"lactonic, celery, burnt, nutty, coconut, coumarinic, woody"
AMXYRHBJZOVHOL-DYWGDJMRSA-N,green
XMGQYMWWDOXHJM-JTQLQIEISA-N,"citrus, sweet, gasoline, fresh, orange"
OGLDWXZKYODSOB-UHFFFAOYSA-N,"minty, spicy, mint, citrus, fresh, woody"
HVNICCSXGONRCB-UHFFFAOYSA-N,
VGHBEMPMIVEGJP-UHFFFAOYSA-N,
ASOSVCXGWPDUGN-UHFFFAOYSA-N,"estery, coffee, buttery, burnt, sweet, roasted, caramellic, fruity"
FCIVYWQHILCTLI-UHFFFAOYSA-N,
OCZSUTGSYBERRF-UHFFFAOYSA-N,
RFMHFOPFUZZBAD-UHFFFAOYSA-N,"meaty, onion, green, sulfurous"
XVFIAOJQUHTZSV-UHFFFAOYSA-N,
WUOACPNHFRMFPN-SECBINFHSA-N,"terpenic, floral"
GRWFGVWFFZKLTI-IUCAKERBSA-N,"terpenic, herbal, sharp, warm, earthy, pine, fresh, woody"
GRWFGVWFFZKLTI-RKDXNWHRSA-N,"minty, terpenic, herbal, aromatic"
WTARULDDTDQWMU-IUCAKERBSA-N,"herbal, dry, pine, fresh, green, woody, hay"
WTARULDDTDQWMU-RKDXNWHRSA-N,"terpenic, sweet, pine, fresh, green, woody, hay"
NDVASEGYNIMXJL-UHFFFAOYSA-N,"terpenic, spicy, oily, citrus, camphoreous, pine, green, woody"
POIARNZEYGURDG-UHFFFAOYSA-N,
CHWNEIVBYREQRF-UHFFFAOYSA-N,"clove, spicy, phenolic, smoky, sweet, woody, vanilla, medicinal"
QRNZMFDCKKEPSX-UHFFFAOYSA-N,"tropical, meaty, savory, green, fruity, sulfurous"
ZHHYXNZJDGDGPJ-IGTJQSIKSA-N,"geranium, pungent, green"
IKHGUXGNUITLKF-UHFFFAOYSA-N,"musty, pungent, nutty, fresh, aldehydic, fruity, ethereal, alcoholic"
OCWLYWIFNDCWRZ-UHFFFAOYSA-N,"estery, powdery, tropical, fatty, berry, ripe, sweet, green, fruity, ethereal, apple"
ZXEKIIBDNHEJCQ-UHFFFAOYSA-N,"winey, fermented, sweet, ethereal"
NGSWKAQJJWESNS-ZZXKWVIFSA-N,balsamic
WLJVXDMOQOGPHL-UHFFFAOYSA-N,"powdery, honey, tobacco, chocolate, animal, sweet, floral, rose, waxy, sour"
GHBSPIPJMLAMEP-UHFFFAOYSA-N,"lactonic, fatty, milky, buttery, oily, peach, nutty, dairy, sweet, coconut, fresh, fruity, creamy"
GTDQGKWDWVUKTI-UHFFFAOYSA-N,"grape, sweet"
OSOIQJGOYGSIMF-UHFFFAOYSA-N,"natural, powdery, animal, musk"
ABRIMXGLNHCLIP-UHFFFAOYSA-N,
NKMKFQCVDZVEJR-UHFFFAOYSA-N,
ZGEHHVDYDNXYMW-OWOJBTEDSA-N,
ZFGBKXBPHOUSJX-VQHVLOKHSA-N,
VPQWBNWSLZYYFH-UHFFFAOYSA-N,
RWCCWEUUXYIKHB-UHFFFAOYSA-N,"geranium, powdery, herbal, balsamic, metallic, rose"
CAERSDJFKGMKLY-UHFFFAOYSA-N,
BLEMRRXGTKTJGT-UHFFFAOYSA-N,
DGEZNRSVGBDHLK-UHFFFAOYSA-N,
GUMOJENFFHZAFP-UHFFFAOYSA-N,"powdery, grape, floral, orange"
RAPXVKLHABTPOM-UHFFFAOYSA-N,
ULDHMXUKGWMISQ-UHFFFAOYSA-N,minty
KJIOQYGWTQBHNH-UHFFFAOYSA-N,"oily, citrus, floral, fruity"
HFJRKMMYBMWEAD-UHFFFAOYSA-N,"soapy, citrus, sweet, floral, green, waxy, aldehydic"
LWBHHRRTOZQPDM-UHFFFAOYSA-N,
NVRVNSHHLPQGCU-UHFFFAOYSA-N,
BKJFDZSBZWHRNH-UHFFFAOYSA-N,
PGVRSPIEZYGOAD-UHFFFAOYSA-N,
IUDGNRWYNOEIKF-UHFFFAOYSA-N,
YYKBWYBUCFHYPR-UHFFFAOYSA-N,
ZDPHROOEEOARMN-UHFFFAOYSA-N,"cheesy, fatty, coconut, waxy, creamy"
MWKFXSUHUHTGQN-UHFFFAOYSA-N,"clean, fatty, oily, sweet, floral, waxy, orange"
JFCQEDHGNNZCLN-UHFFFAOYSA-N,odorless
WLJVNTCWHIRURA-UHFFFAOYSA-N,
TYFQFVWCELRYAO-UHFFFAOYSA-N,
CXMXRPHRNRROMY-UHFFFAOYSA-N,
TVIDDXQYHWJXFK-UHFFFAOYSA-N,
LODLFUCEWWWXPR-UHFFFAOYSA-N,"jasmin, herbal, spicy, oily, fresh, green"
WVYKHQRCBWWGFK-UHFFFAOYSA-N,"herbal, earthy, green, woody, fruity"
YIWUKEYIRIRTPP-UHFFFAOYSA-N,"oily, fermented, citrus, sweet, floral, rose, fresh"
SJWFXCIHNDVPSH-UHFFFAOYSA-N,"herbal, spicy, musty, leafy, floral, earthy, fresh, green, woody"
NMRPBPVERJPACX-UHFFFAOYSA-N,"minty, herbal, spicy, musty, oily, melon, fermented, citrus, nutty, dairy, earthy, green, mushroom, waxy, woody, creamy"
WOFPPJOZXUTRAU-UHFFFAOYSA-N,
NGDNVOAEIVQRFH-UHFFFAOYSA-N,"cheesy, musty, citrus, dairy, green, waxy, fruity, creamy, orange"
NOOLISFMXDJSKH-UHFFFAOYSA-N,"minty, cooling, mentholic, musty, mint"
MGSRCZKZVOBKFT-UHFFFAOYSA-N,"chemical, herbal, spicy, phenolic, sweet, camphoreous, medicinal"
WBYWAXJHAXSJNI-VOTSOKGWSA-N,"balsamic, sweet"
HUMNYLRZRPPJDN-UHFFFAOYSA-N,"powdery, sharp, nutty, sweet, fruity, almond, cherry"
NEHNMFOYXAPHSD-UHFFFAOYSA-N,"herbal, citrus, sweet, floral, dry, rose, green, waxy, aldehydic"
ZPVFWPFBNIEHGJ-UHFFFAOYSA-N,"natural, weedy, herbal, cheesy, ketonic, musty, fatty, dairy, earthy, green, woody, fruity, apple"
RHLVCLIPMVJYKS-UHFFFAOYSA-N,"lavender, herbal, cheesy, ketonic, musty, fermented, sweet, earthy, fresh, green, mushroom, fruity, vegetable"
IYTXKIXETAELAV-UHFFFAOYSA-N,"jasmin, herbal, spicy, leafy, sweet, floral, fresh, green, fruity, grassy"
ZAJNGDIORYACQU-UHFFFAOYSA-N,"fatty, peach, floral, orange"
LSKONYYRONEBKA-UHFFFAOYSA-N,"citrus, floral, fruity, orange"
UHEPJGULSIKKTP-UHFFFAOYSA-N,"herbal, cheesy, ketonic, musty, oily, citrus, banana, green, fruity, creamy, apple"
TZJLGGWGVLADDN-UHFFFAOYSA-N,"jammy, raspberry, powdery, berry, sweet, floral, woody, fruity, cherry"
KVWWIYGFBYDJQC-UHFFFAOYSA-N,"lactonic, jasmin, natural, tropical, oily, floral, green, fruity"
DSSYKIVIOFKYAU-UHFFFAOYSA-N,"mint, camphoreous, fresh"
TVQGDYNRXLTQAP-UHFFFAOYSA-N,"rummy, estery, winey, berry, cognac, pineapple, sweet, banana, green, fruity"
BYEVBITUADOIGY-UHFFFAOYSA-N,"natural, tropical, fatty, oily, grape, nutty, rum, cognac, rose, waxy, fruity"
NUKZAGXMHTUAFE-UHFFFAOYSA-N,"apricot, strawberry, pineapple, banana, fruity, ethereal, apple"
XNCNNDVCAUWAIT-UHFFFAOYSA-N,"berry, orris, sweet, floral, green, waxy, fruity, apple"
IJXHLVMUNBOGRR-UHFFFAOYSA-N,"tropical, winey, pear, nutty, sweet, coconut, green, waxy, fruity"
GRLJIIJNZJVMGP-UHFFFAOYSA-N,"cheesy, cabbage, milky, sweet, garlic, fruity, cocoa, tomato, sulfurous"
FZWLAAWBMGSTSO-UHFFFAOYSA-N,"fishy, nutty, meaty"
IOJUPLGTWVMSFF-UHFFFAOYSA-N,"cooked, brown, coffee, burnt, nutty, meaty, beefy, vegetable, sulfurous"
SIKJAQJRHWYJAI-UHFFFAOYSA-N,"cheesy, musty, pungent, animal, floral"
ZMQAAUBTXCXRIC-UHFFFAOYSA-N,"anise, spicy, aromatic, warm, sweet, floral, woody"
LVBXEMGDVWVTGY-VOTSOKGWSA-N,"herbal, cucumber, fatty, leafy, fresh, banana, green, waxy, vegetable"
DVVATNQISMINCX-YTXTXJHMSA-N,"fatty, melon, pear, citrus, green, fruity"
LCLLDHVSJPTTSF-UHFFFAOYSA-N,
LHXDLQBQYFFVNW-XCBNKYQSSA-N,"terpenic, cedar, cooling, mentholic, herbal, balsamic, mint, sweet, camphoreous, earthy, pine, fresh, woody"
CZCBTSFUTPZVKJ-ZJUUUORDSA-N,
DSSYKIVIOFKYAU-OIBJUYFYSA-N,
WAPNOHKVXSQRPX-SSDOTTSWSA-N,"floral, earthy, green"
OFJWFSNDPCAWDK-VIFPVBQESA-N,
OFJWFSNDPCAWDK-SECBINFHSA-N,
QQZOPKMRPOGIEB-UHFFFAOYSA-N,"cheesy, ketonic, buttery, meaty, dairy, fruity"
BTANRVKWQNVYAZ-UHFFFAOYSA-N,"apricot, winey, oily, solvent, fermented, sweet, fruity, alcoholic"
CETWDUZRCINIHU-SSDOTTSWSA-N,"fatty, oily, sweet, fruity"
ACBMYYVZWKYLIP-UHFFFAOYSA-N,
SJWFXCIHNDVPSH-QMMMGPOBSA-N,"fatty, oily, grape, mushroom, creamy"
BTANRVKWQNVYAZ-BYPYZUCNSA-N,"winey, oily"
CETWDUZRCINIHU-ZETCQYMHSA-N,"cheesy, fatty, oily, mushroom"
WAPNOHKVXSQRPX-ZETCQYMHSA-N,"hyacinth, strawberry, floral"
RJUFJBKOKNCXHH-UHFFFAOYSA-N,"rummy, strawberry, rum, fresh, fruity, ethereal, apple"
JAELLLITIZHOGQ-UHFFFAOYSA-N,"brandy, rum, fruity"
HUAZGNHGCJGYNP-UHFFFAOYSA-N,"apricot, pineapple, sweet, fruity, ethereal"
KDSNLYIMUZNERS-UHFFFAOYSA-N,"cheesy, ripe, fishy, malty"
DLRJIFUOBPOJNS-UHFFFAOYSA-N,"anisic, sweet"
CXBDYQVECUFKRK-UHFFFAOYSA-N,
NZGWDASTMWDZIW-MRVPVSSYSA-N,"minty, herbal, metallic, mint, sweet, camphoreous, fresh, sulfurous"
BMFVGAAISNGQNM-UHFFFAOYSA-N,cheesy
JBFHTYHTHYHCDJ-UHFFFAOYSA-N,"herbal, tobacco, sweet, coconut, coumarinic, creamy"
KWKAKUADMBZCLK-UHFFFAOYSA-N,gasoline
SJWKGDGUQTWDRV-UHFFFAOYSA-N,"ripe, fermented, cognac, pineapple, sweet, banana, waxy, fruity, apple"
HMKKIXGYKWDQSV-SDNWHVSQSA-N,floral
WRFZKAGPPQGDDQ-UHFFFAOYSA-N,"estery, fatty, pear, cognac, pineapple, sweet, green, waxy, fruity, apple"
QUKGYYKBILRGFE-UHFFFAOYSA-N,"jasmin, sweet, floral, fresh, fruity"
ZCTQGTTXIYCGGC-UHFFFAOYSA-N,"clean, herbal, balsamic, oily, sweet"
YPQSPODHFDGVAC-UHFFFAOYSA-N,"herbal, tropical, winey, oily, pear, green, fruity, grassy, apple"
DSSYKIVIOFKYAU-XCBNKYQSSA-N,"minty, cooling, mentholic, herbal, phenolic, camphoreous, green, woody, medicinal"
HQKQRXZEXPXXIG-DTWJZALFSA-N,
QMVPMAAFGQKVCJ-UHFFFAOYSA-N,"geranium, powdery, spicy, fatty, lemon, citrus, sweet, floral, rose, fresh, waxy"
RFDUMBPGZUIKOG-UHFFFAOYSA-N,"estery, apricot, herbal, tropical, warm, peach, pineapple, sweet, floral, green, fruity, cherry, apple"
GUUHFMWKWLOQMM-NTCAYCPXSA-N,"jasmin, sweet, floral"
KGEKLUUHTZCSIP-FOGDFJRCSA-N,
UPPSFGGDKACIKP-UHFFFAOYSA-N,"lily, warm, animal, floral, green, fruity"
FDJBDZVTTXWIQM-UHFFFAOYSA-N,"phenolic, berry, fruity, medicinal"
OJEQSSJFSNLMLB-UHFFFAOYSA-N,"lily, hyacinth, honey, animal, rose"
VKJIAEQRKBQLLA-UHFFFAOYSA-N,"hazelnut, chocolate, nutty, roasted"
XXIKYCPRDXIMQM-UHFFFAOYSA-N,"jasmin, balsamic, ripe, sweet, fresh, banana, green, fruity, apple"
ZMANZCXQSJIPKH-UHFFFAOYSA-N,"cheesy, ripe, fishy"
ZTQSAGDEMFDKMZ-UHFFFAOYSA-N,"bready, musty, pungent, chocolate, malty, green, fruity, cocoa"
HGEVGSTXQGZPCL-UHFFFAOYSA-N,
WKOLLVMJNQIZCI-UHFFFAOYSA-N,"brown, powdery, phenolic, odorless, milky, dairy, sweet, vanilla, creamy"
IXQGCWUGDFDQMF-UHFFFAOYSA-N,"phenolic, sweet"
ACZGCWSMSTYWDQ-UHFFFAOYSA-N,
MSTDXOZUKAQDRL-UHFFFAOYSA-N,
BHUIUXNAPJIDOG-UHFFFAOYSA-N,"powdery, sweet, vanilla"
VXIXUWQIVKSKSA-UHFFFAOYSA-N,
AZOCECCLWFDTAP-UHFFFAOYSA-N,"minty, terpenic, cooling, herbal, warm, mint, camphoreous, woody, hay"
MWVFCEVNXHTDNF-UHFFFAOYSA-N,"jammy, phenolic, fatty, buttery, oily, sweet, dry, caramellic, fruity, creamy"
NGAZZOYFWWSOGK-UHFFFAOYSA-N,"cheesy, ketonic, musty, fatty, sweet, banana, green, fruity"
KVFQMAZOBTXCAZ-UHFFFAOYSA-N,"buttery, nutty, caramellic"
HJWLCRVIBGQPNF-UHFFFAOYSA-N,
NORZZKKLCYMBBF-UHFFFAOYSA-N,"cheesy, fatty, buttery, dairy, sweet, green, waxy, fruity, creamy, sour"
NMJJFJNHVMGPGM-UHFFFAOYSA-N,"rummy, plum, brandy, rum, fruity, ethereal"
ZVEZMVFBMOOHAT-UHFFFAOYSA-N,
IPBVNPXQWQGGJP-UHFFFAOYSA-N,"jasmin, phenolic, metallic, smoky, burnt, animal, woody, medicinal"
MMFCJPPRCYDLLZ-UHFFFAOYSA-N,"fatty, floral, rose, green, aldehydic, orange"
KGEKLUUHTZCSIP-UHFFFAOYSA-N,"cedar, mentholic, herbal, spicy, balsamic, sweet, camphoreous, pine, woody"
JRFITZGBELIFQM-UHFFFAOYSA-N,
IGIDLTISMCAULB-UHFFFAOYSA-N,"acidic, cheesy, sharp, animal, green, fruity"
OVBFMEVBMNZIBR-UHFFFAOYSA-N,"cheesy, pungent, dairy, creamy, sour"
KRKNYBCHXYNGOX-UHFFFAOYSA-N,odorless
WPYMKLBDIGXBTP-UHFFFAOYSA-N,balsamic
XIYPXOFSURQTTJ-NSCUHMNNSA-N,
KCDXJAYRVLXPFO-UHFFFAOYSA-N,"balsamic, chocolate, smoky, sweet, floral, green, woody, vanilla"
OTMFQLIUPDESAI-UHFFFAOYSA-N,"herbal, spicy, musty, tea, warm, sweet"
QGNDNDFXCNBMKI-FPLPWBNLSA-N,
YBBNUDDZOWRHOD-WAYWQWQTSA-N,
QPULDJYQYDGZEI-WAYWQWQTSA-N,
CRPUJAZIXJMDBK-BDAKNGLRSA-N,"terpenic, fresh, woody"
KRCZYMFUWVJCLI-OPRDCNLKSA-N,
CCEFMUBVSUDRLG-IDKOKCKLSA-N,minty
RUMOYJJNUMEFDD-SNVBAGLBSA-N,"minty, herbal, spicy, fatty, oily, fresh, green, cherry, grassy"
CRPUJAZIXJMDBK-DTWKUNHWSA-N,"herbal, camphoreous, fresh, woody"
KRCZYMFUWVJCLI-GUBZILKMSA-N,
CCEFMUBVSUDRLG-UHFFFAOYSA-N,"minty, clean, herbal, citrus, sweet, fresh, fruity"
RUMOYJJNUMEFDD-JTQLQIEISA-N,
LJSQFQKUNVCTIA-UHFFFAOYSA-N,"meaty, garlic, savory, ethereal, tomato, sulfurous"
ALVZNPYWJMLXKV-UHFFFAOYSA-N,
VADKRMSMGWJZCF-UHFFFAOYSA-N,
DHXVGJBLRPWPCS-UHFFFAOYSA-N,"pungent, sweet, ethereal"
QCHZKUPVENJLAW-FYWRMAATSA-N,"jasmin, floral, green"
HEVMDQBCAHEHDY-UHFFFAOYSA-N,"potato, winey, sharp, nutty, sweet, floral, earthy, green, fruity, almond, vegetable"
RWOZGGOKRKSHKN-UHFFFAOYSA-N,
BGTBFNDXYDYBEY-UHFFFAOYSA-N,"honey, tobacco, plum, floral, rose, fruity"
OHDFENKFSKIFBJ-UHFFFAOYSA-N,"chicken, meaty, onion, roasted, savory, sulfurous"
SWUIQEBPZIHZQS-UHFFFAOYSA-N,"marine, clean, ozone, phenolic, melon, fresh, green"
HQKQRXZEXPXXIG-UHFFFAOYSA-N,
RTNPCOBSXBGDMO-ARJAWSKDSA-N,"cucumber, orris, melon, citrus, fresh, green, waxy, woody, vegetable"
TXWOGHSRPAYOML-UHFFFAOYSA-N,
VOATZOQREKBJMT-UHFFFAOYSA-N,
GVOWHGSUZUUUDR-UHFFFAOYSA-N,"powdery, phenolic, musty, sweet, floral, fruity, orange"
JSNRRGGBADWTMC-UHFFFAOYSA-N,
HZPKNSYIDSNZKW-UHFFFAOYSA-N,"natural, fatty, melon, pear, pineapple, fresh, green, waxy, fruity"
CETBSQOFQKLHHZ-UHFFFAOYSA-N,"alliaceous, tropical, ripe, onion, garlic, fruity, vegetable, sulfurous"
YIKYNHJUKRTCJL-UHFFFAOYSA-N,"strawberry, sweet, caramellic, fruity"
FVUGZKDGWGKCFE-UHFFFAOYSA-N,"cedar, ketonic, phenolic, dry, woody"
NUPSHWCALHZGOV-UHFFFAOYSA-N,"clean, soapy, fatty, citrus, pineapple, sweet, rose, fresh, waxy, fruity, creamy, orange"
OGJYXQFXLSCKTP-LCYFTJDESA-N,"raspberry, strawberry, melon, pear, citrus, sweet, floral, rose, fresh, green, fruity"
AVBRYQRTMPHARE-UHFFFAOYSA-N,"cucumber, orris, citrus, rose, green, waxy, fruity, orange"
TWSRVQVEYJNFKQ-UHFFFAOYSA-N,"apricot, tropical, pineapple, sweet, banana, fruity, apple"
PFWYHTORQZAGCA-UHFFFAOYSA-N,"jammy, jasmin, hawthorn, powdery, soapy, aromatic, metallic, strawberry, sweet, floral, cherry"
WYURNTSHIVDZCO-UHFFFAOYSA-N,
SSNZFFBDIMUILS-ZHACJKMWSA-N,"herbal, metallic, citrus, waxy, aldehydic, orange"
ACWQBUSCFPJUPN-HWKANZROSA-N,"herbal, green, fruity, almond"
GRHQDJDRGZFIPO-UHFFFAOYSA-N,
WNXNUPJZWYOKMW-UHFFFAOYSA-N,
VLFBSPUPYFTTNF-UHFFFAOYSA-N,"raspberry, anise, anisic, sweet, green"
MNRZECIRFMLTEY-UHFFFAOYSA-N,
YGCZTXZTJXYWCO-UHFFFAOYSA-N,"cortex, balsamic, melon, leafy, floral, fresh, green, aldehydic"
NHFRGTVSKOPUBK-UHFFFAOYSA-N,
SQGBBDFDRHDJCJ-UHFFFAOYSA-N,
RWGFKTVRMDUZSP-UHFFFAOYSA-N,
FINOPSACFXSAKB-UHFFFAOYSA-N,
NFLGAXVYCFJBMK-DTWKUNHWSA-N,"minty, mentholic, mint"
BAVONGHXFVOKBV-YHMJZVADSA-N,
GSOHKPVFCOWKPU-UHFFFAOYSA-N,"ketonic, burnt, fruity"
IGMOYJSFRIASIE-UHFFFAOYSA-N,
GJYXGIIWJFZCLN-UHFFFAOYSA-N,
KFBXUKHERGLHLG-UHFFFAOYSA-N,
ZFNVDHOSLNRHNN-UHFFFAOYSA-N,"musty, floral, fresh, green"
JFTSYAALCNQOKO-UHFFFAOYSA-N,"marine, clean, ozone, floral, fresh, green, aldehydic"
DYUQAZSOFZSPHD-UHFFFAOYSA-N,"balsamic, sweet, floral, rose"
XPDORSROGAZEGY-UHFFFAOYSA-N,"powdery, spicy, anisic, sweet, floral, green, vanilla, fruity"
NFAVNWJJYQAGNB-UHFFFAOYSA-N,"amber, metallic, fatty, citrus, dry, fresh, coumarinic, waxy, aldehydic, fruity"
VLUMOWNVWOXZAU-UHFFFAOYSA-N,"spicy, balsamic, cinnamon, warm, sweet"
XHJJEWBMBSQVCJ-UHFFFAOYSA-N,
DFJMIMVMOIFPQG-UHFFFAOYSA-N,"lily, fresh, green, waxy, aldehydic, woody"
HEPHYCJJLAUKSB-UHFFFAOYSA-N,
SGVBCLGVIOFAFT-UHFFFAOYSA-N,"amber, powdery, balsamic, melon, citrus, sweet, floral, dry, fresh, green, aldehydic, woody, fruity, almond, cherry, orange"
VSBHYRPUJHEOBE-UHFFFAOYSA-N,"jammy, tropical, strawberry, berry, burnt, sweet, caramellic, fruity"
XWEOGMYZFCHQNT-UHFFFAOYSA-N,"tropical, plum, sweet, pine, green, woody, fruity, apple"
VSRVCSJJKWDZSH-UHFFFAOYSA-N,"lactonic, jasmin, herbal, tea, oily, sweet, floral, green, mushroom"
XCWPXUNHSPOFGV-UHFFFAOYSA-N,"herbal, pineapple, green, fruity, apple"
UWKAYLJWKGQEPM-UHFFFAOYSA-N,"bergamot, lavender, pear, citrus, sweet, floral, green, woody, fruity"
UOGMZEGKCNHMBF-UHFFFAOYSA-N,"marine, ozone, floral, fresh, aldehydic, woody"
NKZPGPZCKPODMT-UHFFFAOYSA-N,"muguet, powdery, floral, green"
RECUKUPTGUEGMW-UHFFFAOYSA-N,"cooling, herbal, spicy, phenolic, smoky, camphoreous, woody, medicinal"
WSTQLNQRVZNEDV-CSKARUKUSA-N,"lily, oily, violet, green, fruity"
GFVWSUIPAJYAEG-UHFFFAOYSA-N,
HGDVHRITTGWMJK-UHFFFAOYSA-N,"herbal, citrus, floral, fresh, woody"
VPKMGDRERYMTJX-CMDGGOBGSA-N,"powdery, tea, orris, oily, violet, sweet, floral, woody, fruity"
CRIGTVCBMUKRSL-FNORWQNLSA-N,"berry, mint, plum, sweet, floral, rose, green, woody, fruity, apple"
ZALVGSSYVAPZDA-UHFFFAOYSA-N,
GPMLJOOQCIHFET-UHFFFAOYSA-N,"herbal, aromatic, citrus, floral, grapefruit, fresh, green, woody"
CHLICZRVGGXEOD-UHFFFAOYSA-N,"powdery, phenolic, leathery, sharp, nutty, sweet, floral, green"
XMLSXPIVAXONDL-PLNGDYQASA-N,"celery, jasmin, herbal, spicy, citrus, floral, woody, fruity"
BVWTXUYLKBHMOX-UHFFFAOYSA-N,"spicy, phenolic, warm, sweet, floral, fresh, green, vanilla"
NNWHUJCUHAELCL-SNAWJCMRSA-N,"clove, spicy, tea, sweet, floral"
ZGEHHVDYDNXYMW-UPHRSURJSA-N,"balsamic, tobacco, animal, floral, dry, waxy, musk"
KHQDWCKZXLWDNM-KPKJPENVSA-N,
NKMKFQCVDZVEJR-CSKARUKUSA-N,"soapy, animal, musk"
DEFJQIDDEAULHB-QWWZWVQMSA-N,
JYWNYMJKURVPFH-UHFFFAOYSA-N,
VMJQLPNCUPGMNQ-UHFFFAOYSA-N,
HHDDCCUIIUWNGJ-UHFFFAOYSA-N,"radish, cabbage, buttery, burnt, creamy, sour"
KMYWVDDIPVNLME-KQYNXXCUSA-N,
BZLYOWSSNHNYKW-UHFFFAOYSA-N,musk
RBNPOMFGQQGHHO-REOHCLBHSA-N,
XGUHPTGEXRHMQQ-BGJMDTOESA-N,
RAJWOBJTTGJROA-WZNAKSSCSA-N,
RFMMMVDNIPUKGG-YFKPBYRVSA-N,
PZDOWFGHCNHPQD-OQPGPFOOSA-N,
QXZGBUJJYSLZLT-FDISYFBBSA-N,
MCSCIFLXNFLCDV-UHFFFAOYSA-N,
XVFMGWDSJLBXDZ-UHFFFAOYSA-O,
DHMQDGOQFOQNFH-UHFFFAOYSA-N,odorless
KPGXRSRHYNQIFN-UHFFFAOYSA-N,odorless
XSQUKJJJFZCRTK-UHFFFAOYSA-N,
ZQISRDCJNBUVMM-YFKPBYRVSA-N,
CLGFIVUFZRGQRP-UHFFFAOYSA-N,
HNJBEVLQSNELDL-UHFFFAOYSA-N,
MUMGGOZAMZWBJJ-KZYORJDKSA-N,
PROQIPRRNZUXQM-ZXXIGWHRSA-N,
LBTVHXHERHESKG-UHFFFAOYSA-N,
JFLIEFSWGNOPJJ-JTQLQIEISA-N,
MUMGGOZAMZWBJJ-DYKIIFRCSA-N,
OTGQIQQTPXJQRG-UHFFFAOYSA-N,
AEMFNILZOJDQLW-QAGGRKNESA-N,
HXYVTAGFYLMHSO-UHFFFAOYSA-N,
GUBGYTABKSRVRQ-QUYVBRFLSA-N,
FKCRAVPPBFWEJD-XVFCMESISA-N,
RZVAJINKPMORJF-UHFFFAOYSA-N,
YZXBAPSDXZZRGB-DOFZRALJSA-N,
CCPPLLJZDQAOHD-FLIBITNWSA-N,
SHGAZHPCJJPHSC-XFYACQKRSA-N,
UKDKTHYZLXZOSS-UHFFFAOYSA-N,
NPAGDVCDWIYMMC-IZPLOLCNSA-N,
MQTAVJHICJWXBR-UHFFFAOYSA-N,
MNQZXJOMYWMBOU-UHFFFAOYSA-N,
QUOGESRFPZDMMT-YFKPBYRVSA-N,
FONIWJIDLJEJTL-UHFFFAOYSA-N,
UZTFMUBKZQVKLK-UHFFFAOYSA-N,
PECYZEOJVXMISF-UHFFFAOYSA-N,
YDGMGEXADBMOMJ-LURJTMIESA-N,
JSJWCHRYRHKBBW-UHFFFAOYSA-N,
PHENTZNALBMCQD-UHFFFAOYSA-N,
KLZGKIDSEJWEDW-UHFFFAOYSA-N,
FCCDDURTIIUXBY-UHFFFAOYSA-N,
NTYJJOPFIAHURM-UHFFFAOYSA-N,
XLSMFKSTNGKWQX-UHFFFAOYSA-N,"pungent, winey, sweet, caramellic, green, ethereal"
YNYAYWLBAHXHLL-UHFFFAOYSA-N,
UHWURQRPEIFIAK-UHFFFAOYSA-N,"powdery, sweet, dry, musk"
SUAUILGSCPYJCS-UHFFFAOYSA-N,"musty, sweet, floral, musk"
RWSDULKUTPNPMB-UHFFFAOYSA-N,"animal, sweet, musk"
WRFXXJKURVTLSY-UHFFFAOYSA-N,"lily, citrus, sweet, floral, fresh"
ZYIJXTQXQNXPSH-FMIVXFBMSA-N,
VDBHOHJWUDKDRW-UHFFFAOYSA-N,"amber, powdery, sweet, dry, fruity, musk"
IMRYETFJNLKUHK-UHFFFAOYSA-N,"amber, herbal, sweet, dry, creamy, musk"
OHHWFLWQMHUVFQ-YNZJMPHRSA-N,
ZGXVZQZFVYSUDU-ULYHCOEVSA-N,
LOKPJYNMYCVCRM-UHFFFAOYSA-N,"amber, balsamic, animal, sweet, musk"
JIYIHILAGIZIMD-UHFFFAOYSA-N,
MKEIDVFLAWJKMY-UHFFFAOYSA-N,"amber, oily, animal, sweet, musk"
ABRIMXGLNHCLIP-VURMDHGXSA-N,"amber, powdery, dry, musk"
ZKVZSBSZTMPBQR-UPHRSURJSA-N,"clean, animal, sweet, dry, musk"
GJJSUPSPZIZYPM-UHFFFAOYSA-N,"clean, animal, sweet, waxy, musk"
MRMOPGVGWFNHIN-UHFFFAOYSA-N,"sweet, waxy, woody, fruity, musk"
NUSRNVWNTPMBJA-VURMDHGXSA-N,
QILMAYXCYBTEDM-IWQZZHSRSA-N,"fatty, warm, sweet, waxy, fruity, musk"
MZLRFHKWWCSGHB-UHFFFAOYSA-N,"oily, animal, sweet, floral, fruity, musk"
XSNQECSCDATQEL-UHFFFAOYSA-N,"weedy, clean, herbal, citrus, floral, fresh"
IPWBXORAIBJDDQ-UHFFFAOYSA-N,"jasmin, herbal, oily, floral, fresh, green"
DUNCVNHORHNONW-UHFFFAOYSA-N,"lavender, citrus, floral, fresh, woody"
KZZASWGRLOTITL-UHFFFAOYSA-N,floral
FUNYLZYOEJSMTO-UHFFFAOYSA-N,
DRTBYQJIHFSKDT-UHFFFAOYSA-N,
AKGGYBADQZYZPD-UHFFFAOYSA-N,"jasmin, balsamic, floral, fresh, green"
DLHQZZUEERVIGQ-UHFFFAOYSA-N,"lily, citrus, sweet, floral, fresh"
PRNCMAKCNVRZFX-UHFFFAOYSA-N,"soapy, musty, leathery, citrus, sweet, rose, green, waxy, aldehydic"
WPPOGHDFAVQKLN-UHFFFAOYSA-N,
DPVYDTACPLLHCF-UHFFFAOYSA-N,"geranium, spicy, floral, rose"
QQLIGMASAVJVON-UHFFFAOYSA-N,"orangeflower, powdery, sweet, floral, orange"
OXYRENDGHPGWKV-UHFFFAOYSA-N,"geranium, muguet, lily, honey, tropical, floral, rose, fresh, green"
RPLWLQJSZFPHGM-NSCUHMNNSA-N,
DSOXXQLCMAEPEZ-ODYTWBPASA-N,"floral, green"
LLYJRIQMURUPPF-XQRVVYSFSA-N,
YZRXRLLRSPQHDK-UHFFFAOYSA-N,"fatty, peach, coconut, waxy, fruity, creamy"
SAPMLSXAXRULJB-UHFFFAOYSA-N,"metallic, fatty, lemon, citrus, aldehydic"
VDHRTASWKDTLER-ARJAWSKDSA-N,"melon, green, mushroom, fruity"
XJHRZBIBSSVCEL-ARJAWSKDSA-N,"juicy, clean, cucumber, fatty, melon, fresh, green, waxy, fruity, vegetable"
KRLBLPBPZSSIGH-CSKARUKUSA-N,"bergamot, lavender, herbal, floral, fresh, green"
FMPXLXBVYDFXIC-UHFFFAOYSA-N,"spicy, metallic, rose, green"
MTDAKBBUYMYKAR-UHFFFAOYSA-N,"metallic, lemon, citrus, floral, fresh, waxy"
XPCSGXMQGQGBKU-UHFFFAOYSA-N,"lactonic, jasmin, peach, floral, fruity"
UIKJRDSCEYGECG-UHFFFAOYSA-N,"jasmin, juicy, powdery, tropical, oily, sweet, floral, rose, woody, fruity"
JIMGVOCOYZFDKB-UHFFFAOYSA-N,"apricot, balsamic, ripe, peach, pineapple, sweet, floral, rose, fruity, apple"
WXPWPYISTQCNDP-UHFFFAOYSA-N,
GVONPEQEUQYVNH-SNAWJCMRSA-N,"lactonic, jasmin, herbal, spicy, fatty, sweet, floral, waxy, fruity, creamy"
QGFSQVPRCWJZQK-UHFFFAOYSA-N,"clean, rose, fresh, waxy, aldehydic"
FHUODBDRWMIBQP-UHFFFAOYSA-N,"powdery, spicy, anisic, sweet, floral, fruity, cherry"
PRNJXUQTUSFYLV-NTCAYCPXSA-N,"citrus, sweet, floral, fresh, waxy, woody"
YXVSKJDFNJFXAJ-UHFFFAOYSA-N,"clean, lily, herbal, violet, sweet, floral, rose, fresh, green"
TWXUTZNBHUWMKJ-UHFFFAOYSA-N,"tropical, pineapple, sweet, waxy, fruity"
JTHVYOIHZNYRCC-UHFFFAOYSA-N,"jasmin, floral, green, fruity"
VZBFPIMCUSPDLS-UHFFFAOYSA-N,
VONGZNXBKCOUHB-UHFFFAOYSA-N,"jasmin, apricot, tropical, plum, pineapple, sweet, floral, fresh, waxy, fruity, apple"
MQBIZQLCHSZBOI-UHFFFAOYSA-N,"marine, citrus, floral, aldehydic"
VNWOJVJCRAHBJJ-UHFFFAOYSA-N,"jasmin, herbal, oily, floral, coconut, rose, green"
LOQFOBUZYRBURV-UHFFFAOYSA-N,"lactonic, metallic, buttery, plum, floral, coconut, waxy"
VHOMAPWVLKRQAZ-UHFFFAOYSA-N,"jasmin, sweet, floral, banana, fruity"
AXORVIZLPOGIRG-UHFFFAOYSA-N,
SKQYTJLYRIFFCO-UHFFFAOYSA-N,"cheesy, fatty, milky, buttery, oily, dairy, sweet, waxy, creamy"
XPTXKXKPWKNYKB-UHFFFAOYSA-N,"lactonic, fatty, buttery, dairy, coconut, waxy, creamy"
HETFMJQWNWIBPN-UHFFFAOYSA-N,
STZUZYMKSMSTOU-UHFFFAOYSA-N,"minty, bergamot, herbal, fatty, anisic, mint, citrus, floral, rose, grapefruit, fresh, green, waxy, aldehydic, woody, apple"
SZMNDOUFZGODBR-UHFFFAOYSA-N,
PJXHBTZLHITWFX-UHFFFAOYSA-N,"jasmin, tropical, oily, peach, fresh, fruity"
LMETVDMCIJNNKH-UHFFFAOYSA-N,"muguet, melon, citrus, sweet, floral, rose, fresh, green, waxy, aldehydic"
KGWPHCDTOLQQEP-UHFFFAOYSA-N,
FTXUQEKXCJSWMO-UHFFFAOYSA-N,
ZWKNLRXFUTWSOY-QPJJXVBHSA-N,"spicy, cinnamon"
VXCUURYYWGCLIH-UHFFFAOYSA-N,"spicy, metallic, citrus, dry"
MJTPMXWJHPOWGH-UHFFFAOYSA-N,"powdery, honey, tropical, sweet, floral, rose, green, waxy, fruity, apple"
YPKBCLZFIYBSHK-UHFFFAOYSA-N,
GOMAKLPNAAZVCJ-UHFFFAOYSA-N,"strawberry, berry, sweet, caramellic, fruity"
HFNGYHHRRMSKEU-UHFFFAOYSA-N,"powdery, balsamic, plum, sweet, floral, coumarinic, vanilla, fruity, cherry"
FQMZVFJYMPNUCT-YRNVUSSQSA-N,"tropical, leafy, peach, floral, rose, fresh, green, fruity, apple"
HIGQPQRQIQDZMP-FLIBITNWSA-N,"soapy, tropical, pear, citrus, sweet, floral, rose, grapefruit, fruity"
PXRBWNLUQYZAAX-UHFFFAOYSA-N,"fatty, milky, oily, sweet, coconut, coumarinic, creamy"
RZZLMGATMUAJPX-UHFFFAOYSA-N,"musty, fatty, milky, buttery, oily, dairy, creamy"
BYCHQEILESTMQU-FMIVXFBMSA-N,"geranium, powdery, honey, tropical, grape, citrus, sweet, floral, rose, waxy, fruity, vegetable"
NTPLXRHDUXRPNE-UHFFFAOYSA-N,"hawthorn, powdery, balsamic, anisic, sweet, floral, vanilla, hay"
UCSIFMPORANABL-UHFFFAOYSA-N,"lemon, citrus, fresh, green, aldehydic"
ZSBOMYJPSRFZAL-JLHYYAGUSA-N,"raspberry, apricot, tropical, peach, sweet, rose, fresh, green, waxy, fruity"
BLRHMMGNCXNXJL-UHFFFAOYSA-N,
YNBADRVTZLEFNH-UHFFFAOYSA-N,"herbal, tobacco, warm, sweet"
MINYPECWDZURGR-UHFFFAOYSA-N,"powdery, fatty, sweet, musk"
ZFGBKXBPHOUSJX-UHFFFAOYSA-N,"powdery, fatty, anisic, animal, woody, musk"
YWVSYRJWCROMKO-UHFFFAOYSA-N,"geranium, floral, rose, fruity, musk"
CVKMFSAVYPAZTQ-UHFFFAOYSA-N,"acidic, cheesy, fatty, chicken, oily, roasted, savory, fruity"
NZQMQVJXSRMTCJ-UHFFFAOYSA-N,"cheesy, fruity, sour"
NTWSIWWJPQHFTO-AATRIKPKSA-N,
RGRNSTGIHROKJB-UHFFFAOYSA-N,
NKBWMBRPILTCRD-UHFFFAOYSA-N,"cheesy, fatty, green, waxy, sour"
JZBCTZLGKSYRSF-UHFFFAOYSA-N,"musty, coffee, hazelnut, chocolate, burnt, nutty, roasted, caramellic, almond, cocoa"
CHCKBDDEJDVRSJ-UHFFFAOYSA-N,
ZBYPSGBBPAPHDG-UHFFFAOYSA-N,
FYGUSUBEMUKACF-UHFFFAOYSA-N,"green, fruity"
LXXNWCFBZHKFPT-UHFFFAOYSA-N,"meaty, fruity, sulfurous"
XSAYZAUNJMRRIR-UHFFFAOYSA-N,"orangeflower, powdery, honey, sweet, floral, orange"
JZBCTZLGKSYRSF-UHFFFAOYSA-N WHMWOHBXYIZFPF-UHFFFAOYSA-N,
UCGOSAWBWFUKDT-UHFFFAOYSA-N JFUVDGXTDCVGHA-UHFFFAOYSA-N,
RAFHQTNQEZECFL-UHFFFAOYSA-N OXCKCFJIKRGXMM-UHFFFAOYSA-N,
OQAGVSWESNCJJT-UHFFFAOYSA-N OCWLYWIFNDCWRZ-UHFFFAOYSA-N,
KIDHWZJUCRJVML-UHFFFAOYSA-N ZMANZCXQSJIPKH-UHFFFAOYSA-N PAYRUJLWNCNPSJ-UHFFFAOYSA-N JUJWROOIHBZHMG-UHFFFAOYSA-N BMFVGAAISNGQNM-UHFFFAOYSA-N LCZUOKDVTBMCMX-UHFFFAOYSA-N MMOXZBCLCQITDF-UHFFFAOYSA-N DZGWFCGJZKJUFP-UHFFFAOYSA-N,
LRHPLDYGYMQRHN-UHFFFAOYSA-N KBPLFHHGFOOTCA-UHFFFAOYSA-N MWKFXSUHUHTGQN-UHFFFAOYSA-N LQZZUXJYWNFBMV-UHFFFAOYSA-N FCBBRODPXVPZAH-UHFFFAOYSA-N YIWUKEYIRIRTPP-UHFFFAOYSA-N ZXEKIIBDNHEJCQ-UHFFFAOYSA-N,
ZTQSAGDEMFDKMZ-UHFFFAOYSA-N JARKCYVAAOWBJS-UHFFFAOYSA-N NUJGJRNETVAIRJ-UHFFFAOYSA-N KSMVZQYAVGTKIV-UHFFFAOYSA-N HFJRKMMYBMWEAD-UHFFFAOYSA-N JZQKTMZYLHNFPL-ANYPYVPJSA-N,
FDPIMTJIUBPUKL-UHFFFAOYSA-N CATSNJVOTSVZJV-UHFFFAOYSA-N VKCYHJWLYTUGCC-UHFFFAOYSA-N,
FERIUCNNQQJTOY-UHFFFAOYSA-N FUZZWVXGSFPDMH-UHFFFAOYSA-N WWZKQHOCKIZLMA-UHFFFAOYSA-N FBUKVWPVBMHYJY-UHFFFAOYSA-N GHVNFZFCNZKVNT-UHFFFAOYSA-N,
YLYBTZIQSIBWLI-UHFFFAOYSA-N GJQIMXVRFNLMTB-UHFFFAOYSA-N PWLNAUNEAKQYLH-UHFFFAOYSA-N MMXKVMNBHPAILY-UHFFFAOYSA-N MDHYEMXUFSJLGV-UHFFFAOYSA-N XAOGXQMKWQFZEM-UHFFFAOYSA-N,
UHOVQNZJYSORNB-UHFFFAOYSA-N HJWLCRVIBGQPNF-UHFFFAOYSA-N WRMNZCZEMHIOCP-UHFFFAOYSA-N MTZQAGJQAFMTAQ-UHFFFAOYSA-N RDOXTESZEPMUJZ-UHFFFAOYSA-N MDHYEMXUFSJLGV-UHFFFAOYSA-N,
MWOOGOJBHIARFG-UHFFFAOYSA-N LPIRKPUURBAMMR-UHFFFAOYSA-N JVTZFYYHCGSXJV-UHFFFAOYSA-N JJVNINGBHGBWJH-UHFFFAOYSA-N MYLBIQHZWFWSMH-UHFFFAOYSA-N POQJHLBMLVTHAU-UHFFFAOYSA-N,
YEJRWHAVMIAJKC-UHFFFAOYSA-N IPBFYZQJXZJBFQ-UHFFFAOYSA-N IFYYFLINQYPWGJ-UHFFFAOYSA-N PHXATPHONSXBIL-UHFFFAOYSA-N WGPCZPLRVAWXPW-UHFFFAOYSA-N,
QSJXEFYPDANLFS-UHFFFAOYSA-N FERIUCNNQQJTOY-UHFFFAOYSA-N GHBSPIPJMLAMEP-UHFFFAOYSA-N,
UFLHIIWVXFIJGU-ARJAWSKDSA-N MBDOYVRWFFCFHM-SNAWJCMRSA-N,
XSAYZAUNJMRRIR-UHFFFAOYSA-N ULDHMXUKGWMISQ-SECBINFHSA-N NNWHUJCUHAELCL-SNAWJCMRSA-N MDHYEMXUFSJLGV-UHFFFAOYSA-N,
ULDHMXUKGWMISQ-SECBINFHSA-N ULDHMXUKGWMISQ-VIFPVBQESA-N UFLHIIWVXFIJGU-ARJAWSKDSA-N ZRSNZINYAWTAHE-UHFFFAOYSA-N XSAYZAUNJMRRIR-UHFFFAOYSA-N CDOSHBSSFJOMGT-UHFFFAOYSA-N,
JLPUXFOGCDVKGO-TUAOUCFPSA-N,"herbal, musty, earthy, fresh, green"
JDLKFOPOAOFWQN-UHFFFAOYSA-N,
RTUMCNDCAVLXEP-UHFFFAOYSA-N,"gasoline, woody"
