InChIKey,SMILES,Odors
XMGQYMWWDOXHJM-SNVBAGLBSA-N,CC1=CC[C@H](CC1)C(=C)C,"terpenic, peppery, herbal, pine, orange"
ULDHMXUKGWMISQ-VIFPVBQESA-N,CC1=CC[C@@H](CC1=O)C(=C)C,"minty, bready, spicy"
NOOLISFMXDJSKH-AEJSXWLSSA-N,C[C@H]1CC[C@@H]([C@H](C1)O)C(C)C,mentholic
FYGHSUNMUKGBRK-UHFFFAOYSA-N,CC1=C(C(=CC=C1)C)C,
LRHPLDYGYMQRHN-UHFFFAOYSA-N,CCCCO,"balsamic, winey, oily, solvent, fermented, sweet, alcoholic"
RWNUSVWFHDHRCJ-UHFFFAOYSA-N,CCCCOCC(C)O,
LQZZUXJYWNFBMV-UHFFFAOYSA-N,CCCCCCCCCCCCO,"soapy, honey, fatty, oily, citrus, floral, coconut, earthy, waxy"
KBPLFHHGFOOTCA-UHFFFAOYSA-N,CCCCCCCCO,"fatty, citrus, sweet, floral, coconut, rose, green, mushroom, waxy, aldehydic, orange"
BDERNNFJNOPAEC-UHFFFAOYSA-N,CCCO,"musty, fermented, pear, sweet, fruity, alcoholic, apple"
FJPGAMCQJNLTJC-UHFFFAOYSA-N,CCCCC(=O)C(=O)C,"cheesy, fatty, buttery, oily, sweet"
LCZUOKDVTBMCMX-UHFFFAOYSA-N,CC1=CN=C(C=N1)C,"powdery, musty, chocolate, nutty, earthy, roasted, woody, cocoa, medicinal, grassy"
QPRQEDXDYOZYLA-UHFFFAOYSA-N,CCC(C)CO,"leathery, fatty, winey, solvent, fermented, ethereal, cocoa, alcoholic"
PFCHFHIRKBAQGU-UHFFFAOYSA-N,CCCC(=O)CC,"rummy, winey, grape, sweet, waxy, fruity, ethereal"
AQIXEPGDORPWBJ-UHFFFAOYSA-N,CCC(CC)O,"herbal, oily, fermented, nutty, sweet, fruity, ethereal"
GRWFGVWFFZKLTI-UHFFFAOYSA-N,CC1=CCC2CC1C2(C)C,"terpenic, cooling, herbal, sweet, camphoreous, earthy, pine, fresh, woody"
LNIMMWYNSBZESE-UHFFFAOYSA-N,CCC1=NC=CN=C1C,"bready, musty, hazelnut, potato, burnt, nutty, earthy, roasted, green"
WTARULDDTDQWMU-UHFFFAOYSA-N,CC1(C2CCC(=C)C1C2)C,"minty, terpenic, cooling, peppery, herbal, spicy, camphoreous, dry, pine, fresh, green, woody, hay"
QTBSBXVTEAMEQO-UHFFFAOYSA-N,CC(=O)O,"acidic, pungent, sharp, sour"
FERIUCNNQQJTOY-UHFFFAOYSA-N,CCCC(=O)O,"cheesy, buttery, sharp, dairy, fruity, sour"
ZYGHJZDHTFUPRJ-UHFFFAOYSA-N,C1=CC=C2C(=C1)C=CC(=O)O2,"sweet, hay"
POULHZVOKOAJMA-UHFFFAOYSA-N,CCCCCCCCCCCC(=O)O,"fatty, coconut, fresh, waxy"
RGXWDWUGBIJHDO-UHFFFAOYSA-N,CCCCCCCCCC(=O)OCC,"fatty, winey, oily, grape, brandy, nutty, cognac, sweet, waxy, fruity, apple"
MMXKVMNBHPAILY-UHFFFAOYSA-N,CCCCCCCCCCCC(=O)OCC,"clean, soapy, fatty, oily, sweet, floral, waxy, fruity"
XIRNKXNNONJFQO-UHFFFAOYSA-N,CCCCCCCCCCCCCCCC(=O)OCC,"balsamic, milky, oily, sweet, waxy, fruity, creamy"
MVLVMROFTAUDAG-UHFFFAOYSA-N,CCCCCCCCCCCCCCCCCC(=O)OCC,"odorless, waxy"
YYZUSRORWSJGET-UHFFFAOYSA-N,CCCCCCCC(=O)OCC,"apricot, musty, winey, pear, brandy, dairy, pineapple, sweet, banana, waxy, fruity, creamy"
MMKRHZKQPFCLLS-UHFFFAOYSA-N,CCCCCCCCCCCCCC(=O)OCC,"fatty, orris, violet, sweet, waxy"
RRAFCDWBNXTKKO-UHFFFAOYSA-N,COC1=C(C=CC(=C1)CC=C)O,"clove, spicy, phenolic, pungent, cinnamon, smoky, sweet, dry, savory, woody"
CRDAMVZIKSXKFV-YFVJMOTDSA-N,CC(=CCC/C(=C/CC/C(=C/CO)/C)/C)C,"muguet, lily, oily, sweet, floral, waxy"
GLZPCOQZEFWAFX-JXMROGBWSA-N,CC(=CCC/C(=C/CO)/C)C,"citrus, sweet, floral, rose, waxy, fruity"
MNWFXJYAOYHMED-UHFFFAOYSA-N,CCCCCCC(=O)O,"cheesy, fatty, fermented, pineapple, waxy, fruity, sour"
HJFZAYHYIWGLNL-UHFFFAOYSA-N,CC1=CN=CC(=N1)C,"brown, coffee, potato, chocolate, nutty, beefy, roasted, ethereal, cocoa"
FUZZWVXGSFPDMH-UHFFFAOYSA-N,CCCCCC(=O)O,"cheesy, fatty, sour"
GWYFCOCPABKNJV-UHFFFAOYSA-N,CC(C)CC(=O)O,"acidic, cheesy, pungent, tropical, fatty, ripe, dairy, fruity, sour"
JVTAAEKCZFNVCJ-UHFFFAOYSA-N,CC(C(=O)O)O,"odorless, buttery, sour"
SDQFDHOLCGWZPU-UHFFFAOYSA-N,CC(CC1=CC=C(C=C1)C(C)(C)C)C=O,"floral, fresh, green"
CDOSHBSSFJOMGT-UHFFFAOYSA-N,CC(=CCCC(C)(C=C)O)C,"citrus, sweet, floral, rose, green, woody"
ORMHZBNNECIKOH-UHFFFAOYSA-N,CC(C)(CCCC1=CCC(CC1)C=O)O,"muguet, floral, aldehydic, woody"
DRLFMBDRBRZALE-UHFFFAOYSA-N,CC(=O)NCCC1=CNC2=C1C=C(C=C2)OC,
YRHYCMZPEVDGFQ-UHFFFAOYSA-N,CCCCCCCCCC(=O)OC,"fatty, winey, oily, fermented, cognac, floral, fruity"
UQDUPQYQJKYHQI-UHFFFAOYSA-N,CCCCCCCCCCCC(=O)OC,"soapy, coconut, mushroom, waxy, creamy"
FLIACVVOZYBSBS-UHFFFAOYSA-N,CCCCCCCCCCCCCCCC(=O)OC,"fatty, orris, oily, sweet, waxy"
HPEUJPJOZXNMSJ-UHFFFAOYSA-N,CCCCCCCCCCCCCCCCCC(=O)OC,"odorless, oily, waxy"
JGHZJRVDZXSNKQ-UHFFFAOYSA-N,CCCCCCCC(=O)OC,"herbal, winey, sweet, green, waxy, aldehydic, fruity, vegetable, orange"
ZAZKJZBWRNNLDS-UHFFFAOYSA-N,CCCCCCCCCCCCCC(=O)OC,"fatty, orris, oily, cognac, waxy"
IVSZLXZYQVIEFR-UHFFFAOYSA-N,CC1=CC(=CC=C1)C,
GYHFUZHODSMOHU-UHFFFAOYSA-N,CCCCCCCCC=O,"cucumber, fatty, orris, citrus, floral, rose, fresh, green, waxy, aldehydic"
ALHUZKCOMYUFRB-UHFFFAOYSA-N,CC1CCCCCCCCCCCCC(=O)C1,"natural, powdery, soapy, fatty, animal, sweet, floral, musk"
QIQXTHQIDYTFRH-UHFFFAOYSA-N,CCCCCCCCCCCCCCCCCC(=O)O,odorless
NUJGJRNETVAIRJ-UHFFFAOYSA-N,CCCCCCCC=O,"herbal, fatty, citrus, fresh, green, waxy, aldehydic, fruity, orange"
WWZKQHOCKIZLMA-UHFFFAOYSA-N,CCCCCCCC(=O)O,"cheesy, fatty, oily, animal, waxy, vegetable"
IPCSVZSSVZVIGE-UHFFFAOYSA-N,CCCCCCCCCCCCCCCC(=O)O,"odorless, fatty, waxy, creamy"
ZRSNZINYAWTAHE-UHFFFAOYSA-N,COC1=CC=C(C=C1)C=O,"hawthorn, powdery, herbal, anisic, sweet, floral, vanilla, fruity, hay"
HFPZCAJZSCWRBC-UHFFFAOYSA-N,CC1=CC=C(C=C1)C(C)C,"citrus, fresh, woody"
WQEPLUUGTLDZJY-UHFFFAOYSA-N,CCCCCCCCCCCCCCC(=O)O,"fatty, waxy"
XBDQKXXYIPTUBI-UHFFFAOYSA-N,CCC(=O)O,"acidic, cheesy, pungent, milky, dairy, sour"
UNYNVICDCJHOPO-UHFFFAOYSA-N,CC1C(=C(C(=O)O1)O)C,"coffee, sweet, caramellic"
TUNFSRHWOTWDNC-UHFFFAOYSA-N,CCCCCCCCCCCCCC(=O)O,"soapy, odorless, fatty, oily, pineapple, coconut, waxy"
KMPQYAYAQWNLME-UHFFFAOYSA-N,CCCCCCCCCCC=O,"soapy, fatty, citrus, pineapple, sweet, floral, green, waxy, aldehydic, orange"
MWOOGOJBHIARFG-UHFFFAOYSA-N,COC1=C(C=CC(=C1)C=O)O,"chocolate, sweet, vanilla, creamy"
YZEFQPIMXZVPKP-UHFFFAOYSA-N,CC1CCC2=NC=CN=C12,
KANZWHBYRHQMKZ-UHFFFAOYSA-N,C=CC1=NC=CN=C1,"burnt, nutty, green"
OXQOBQJCDNLAPO-UHFFFAOYSA-N,CC1=NC=CN=C1C,"powdery, musty, coffee, potato, nutty, meaty, roasted, caramellic, green, cocoa"
WKSXRWSOSLGSTN-UHFFFAOYSA-N,COC1=NC=CN=C1,"winey, chocolate, nutty, sweet, earthy, roasted, green, cocoa"
DBZAKQWXICEWNW-UHFFFAOYSA-N,CC(=O)C1=NC=CN=C1,"popcorn, musty, coffee, hazelnut, potato, chocolate, nutty, roasted"
CAWHJQAVHZEVTJ-UHFFFAOYSA-N,CC1=NC=CN=C1,"brown, musty, potato, chocolate, fishy, nutty, earthy, roasted, green, cocoa"
NVIPUOMWGQAOIT-RQOWECAXSA-N,C1CCCCOC(=O)CCCCC/C=C\CCC1,"musty, animal, musk"
QMQDJVIJVPEQHE-UHFFFAOYSA-N,CCC(C)C1=NC=CN=C1OC,"peppery, musty, potato, nutty, green, vegetable"
CIBKSMZEVHTQLG-UHFFFAOYSA-N,CCC1=CN=C(C(=N1)C)C,"popcorn, chocolate, burnt, nutty, roasted, almond, cocoa"
PSINWXIDJYEXLO-UHFFFAOYSA-N,CCC1=NC=C(N=C1CC)C,"musty, hazelnut, potato, chocolate, nutty, meaty, earthy, roasted, green, vegetable"
ZYEMGPIYFIJGTP-UHFFFAOYSA-N,COC1=C(C=C(C=C1)CC=C)OC,"clove, peppery, herbal, spicy, phenolic, musty, cinnamon, tea, warm, sweet, fresh, waxy, vegetable"
GZXXANJCCWGCSV-UHFFFAOYSA-N,CCC1=NC=CN=C1CC,"potato, nutty, earthy, roasted"
DPCILIMHENXHQX-UHFFFAOYSA-N,CCC1=NC=CN=C1OC,"musty, nutty, earthy, green, vegetable"
YTZKOQUCBOVLHL-UHFFFAOYSA-N,CC(C)(C)C1=CC=CC=C1,
MYHGOWDLVRDUFA-UHFFFAOYSA-N,CC(CC=O)C1=CC=CC=C1,"hyacinth, herbal, green"
GLZPCOQZEFWAFX-YFHOEESVSA-N,CC(=CCC/C(=C\CO)/C)C,"natural, citrus, sweet, rose, fresh"
FKUPPRZPSYCDRS-UHFFFAOYSA-N,C1CCCCCCCOC(=O)CCCCCC1,"natural, brown, powdery, tobacco, pear, animal, sweet, coumarinic, fruity, musk"
KHLFMZDGADSQGR-ACCUITESSA-N,C1CCCCCCOC(=O)/C=C/CCCCC1,"sweet, waxy, musk"
PGMYKACGEOXYJE-UHFFFAOYSA-N,CCCCCOC(=O)C,"pear, banana, fruity, ethereal, apple"
JHIVVAPYMSGYDF-UHFFFAOYSA-N,C1CCC(=O)CC1,"minty, ketonic, mint, solvent, sweet, camphoreous"
CATSNJVOTSVZJV-UHFFFAOYSA-N,CCCCCC(=O)C,"herbal, spicy, cheesy, ketonic, cinnamon, sweet, coconut, banana, green, woody, fruity, creamy"
KWOLFJPFCHCOCG-UHFFFAOYSA-N,CC(=O)C1=CC=CC=C1,"chemical, hawthorn, pungent, nutty, sweet, floral, coumarinic, vanilla, almond, cherry"
AIVVNNYXOSPRCW-UHFFFAOYSA-N,CC1C(=NC(S1)C)C,
XMWRWTSZNLOZFN-UHFFFAOYSA-N,CC1=C(C(=C(C(=C1[N+](=O)[O-])C(C)(C)C)[N+](=O)[O-])C)[N+](=O)[O-],"soapy, fatty, sweet, dry, musk"
NOOLISFMXDJSKH-KXUCPTDWSA-N,C[C@@H]1CC[C@H]([C@@H](C1)O)C(C)C,"minty, cooling, mentholic, mint"
ZWEHNKRNPOVVGH-UHFFFAOYSA-N,CCC(=O)C,"ketonic, solvent, sweet, camphoreous, fruity, ethereal"
MMFCJPPRCYDLLZ-CMDGGOBGSA-N,CCCCCCC/C=C/C=O,"fatty, chicken, earthy, green, mushroom, waxy, aldehydic"
KIPCKEJKGCXRGA-UHFFFAOYSA-N,CCC1(C(C2CCC1(C2)C)(C)C)O,"musty, camphoreous, earthy"
PETRWTHZSKVLRE-UHFFFAOYSA-N,CC1=CC(=C(C=C1)O)OC,"clove, spicy, phenolic, leathery, smoky, burnt, sweet, woody, vanilla, medicinal"
FGKJLKRYENPLQH-UHFFFAOYSA-N,CC(C)CCC(=O)O,"cheesy, pungent, sour"
HFVMLYAGWXSTQI-QYXZOKGRSA-N,C[C@]12CC[C@H]3[C@H]([C@@H]1CC=C2)CC[C@@H]4[C@@]3(CCC(=O)C4)C,
FZJUFJKVIYFBSY-UHFFFAOYSA-N,CC(C)(C)C1=CC=C(C=C1)CCC=O,"sweet, floral, fresh"
DKPFZGUDAPQIHT-UHFFFAOYSA-N,CCCCOC(=O)C,"sharp, solvent, pear, pineapple, sweet, banana, fruity, ethereal"
WEEGYLXZBRQIMU-UHFFFAOYSA-N,CC1(C2CCC(O1)(CC2)C)C,"herbal, camphoreous, fresh, medicinal"
UFLHIIWVXFIJGU-ARJAWSKDSA-N,CC/C=C\CCO,"herbal, pungent, oily, fresh, green, vegetable, grassy"
WTEVQBCEXWBHNA-JXMROGBWSA-N,CC(=CCC/C(=C/C=O)/C)C,"lemon, citrus, fresh, fruity"
KSMVZQYAVGTKIV-UHFFFAOYSA-N,CCCCCCCCCC=O,"citrus, sweet, floral, waxy, aldehydic, orange"
QSJXEFYPDANLFS-UHFFFAOYSA-N,CC(=O)C(=O)C,"pungent, buttery, sweet, caramellic, creamy"
UBJVUCKUDDKUJF-UHFFFAOYSA-N,C=CCSCC=C,"pungent, metallic, sweet, onion, garlic, horseradish, sulfurous"
USIUVYZYUHIAEV-UHFFFAOYSA-N,C1=CC=C(C=C1)OC2=CC=CC=C2,"geranium, phenolic, metallic, floral, green"
XRHCAGNSDHCHFJ-UHFFFAOYSA-N,C1CCCCCC(=O)OCCOC(=O)CCCCC1,"powdery, fatty, oily, sweet, floral, woody, musk"
SCCDQYPEOIRVGX-UHFFFAOYSA-N,CC(=O)OC1=C(C=C(C=C1)CC=C)OC,"clove, spicy, balsamic, sweet, floral, malty, fresh, woody, fruity"
LHXDLQBQYFFVNW-OIBJUYFYSA-N,C[C@@]12CC[C@@H](C1)C(C2=O)(C)C,"herbal, sweet, camphoreous, earthy, pine, woody"
HNDHDMOSWUAEAW-VMXHOPILSA-N,C[C@]12CC[C@H]3[C@H]([C@@H]1CC=C2)CCC4=CC(=O)CC[C@]34C,
HIGQPQRQIQDZMP-DHZHZOJOSA-N,CC(=CCC/C(=C/COC(=O)C)/C)C,"lavender, sweet, floral, rose, green, waxy, fruity"
LHGVFZTZFXWLCP-UHFFFAOYSA-N,COC1=CC=CC=C1O,"spicy, phenolic, smoky, meaty, sweet, savory, woody, vanilla, medicinal"
ZCZSIDMEHXZRLG-UHFFFAOYSA-N,CCCCCCCOC(=O)C,"rummy, apricot, fatty, winey, pear, citrus, floral, fresh, green, waxy, aldehydic, woody, fruity"
XAPCMTMQBXLDBB-UHFFFAOYSA-N,CCCCCCOC(=O)CCC,"estery, soapy, sweet, green, waxy, fruity, vegetable, apple"
KGEKLUUHTZCSIP-JFGNBEQYSA-N,CC(=O)O[C@H]1C[C@H]2CC[C@]1(C2(C)C)C,"herbal, camphoreous, earthy, pine, woody, fruity"
AMIMRNSIRUDHCM-UHFFFAOYSA-N,CC(C)C=O,"cheesy, pungent, chocolate, floral, fresh, banana, green, aldehydic, fruity"
KQNPFQTWMSNSAP-UHFFFAOYSA-N,CC(C)C(=O)O,"acidic, cheesy, buttery, dairy, fruity, sour"
BJIOGJUNALELMI-ONEGZZNKSA-N,C/C=C/C1=CC(=C(C=C1)O)OC,"spicy, phenolic, sweet, floral"
LSDPWZHWYPCBBB-UHFFFAOYSA-N,CS,"alliaceous, cabbage, oily, garlic, savory, creamy, vegetable, sulfurous"
OSWPMRLSEDHDFF-UHFFFAOYSA-N,COC(=O)C1=CC=CC=C1O,"minty, phenolic, aromatic, warm, sweet, camphoreous"
YLYBTZIQSIBWLI-UHFFFAOYSA-N,CCCCCCCCOC(=O)C,"jasmine, herbal, peach, citrus, floral, earthy, green, mushroom, waxy, fruity, orange"
DTUQWGWMVIHBKE-UHFFFAOYSA-N,C1=CC=C(C=C1)CC=O,"powdery, hyacinth, honey, chocolate, fermented, sweet, floral, earthy, rose, green, cocoa"
KYQCOXFCLRTKLS-UHFFFAOYSA-N,C1=CN=CC=N1,"musty, pungent, hazelnut, nutty, sweet, roasted"
WUOACPNHFRMFPN-UHFFFAOYSA-N,CC1=CCC(CC1)C(C)(C)O,"clean, herbal, sweet, floral, pine, fresh, woody"
IGODOXYLBBXFDW-UHFFFAOYSA-N,CC1=CCC(CC1)C(C)(C)OC(=O)C,"bergamot, lavender, herbal, spicy, citrus, sweet"
QPJVMBTYPHYUOC-UHFFFAOYSA-N,COC(=O)C1=CC=CC=C1,"phenolic, sweet, floral, fruity, almond"
RMBFBMJGBANMMK-UHFFFAOYSA-N,CC1=C(C=C(C=C1)[N+](=O)[O-])[N+](=O)[O-],
ONKNPOPIGWHAQC-UHFFFAOYSA-N,CC1COCC2=CC3=C(C=C12)C(C(C3(C)C)C)(C)C,"sweet, floral, musk"
CIEKNJJOENYFQL-UHFFFAOYSA-N,CC1C(SC(=N1)C)C,
IAEGWXHKWJGQAZ-UHFFFAOYSA-N,CC1=CN=C(C(=N1)C)C,"powdery, musty, coffee, hazelnut, potato, burnt, nutty, earthy, roasted, cocoa"
NTOPKICPEQUPPH-UHFFFAOYSA-N,CC(C)C1=NC=CN=C1OC,"potato, chocolate, nutty, earthy, vegetable"
UXFSPRAGHGMRSQ-UHFFFAOYSA-N,CC(C)CC1=NC=CN=C1OC,green
NQPDZGIKBAWPEJ-UHFFFAOYSA-N,CCCCC(=O)O,"acidic, cheesy, tobacco, milky, sharp, fruity, sour"
BSAIUMLZVGUGKX-BQYQJAHWSA-N,CCCCCC/C=C/C=O,"cucumber, fatty, orris, melon, citrus, green, waxy, aldehydic"
JLIDVCMBCGBIEY-UHFFFAOYSA-N,CCC(=O)C=C,"peppery, spicy, pungent, alliaceous, radish, onion, garlic, ethereal"
INAXVXBDKKUCGI-UHFFFAOYSA-N,CC1C(=O)C(=C(O1)C)O,"brown, strawberry, burnt, pineapple, sweet, roasted, caramellic, savory, fruity"
KLTVSWGXIAYTHO-UHFFFAOYSA-N,CCCCCC(=O)C=C,"herbal, musty, cabbage, metallic, chicken, fishy, earthy, savory, mushroom, vegetable"
CLUWOWRTHNNBBU-UHFFFAOYSA-N,CSCCC=O,"bready, musty, potato, oily, meaty, earthy, onion, brothy, savory, creamy, tomato, vegetable"
GETQZCLCWQTVFV-UHFFFAOYSA-N,CN(C)C,"pungent, fishy, oily, fruity"
WXCMHFPAUCOJIG-UHFFFAOYSA-N,CC1=C(C(=C(C(=C1[N+](=O)[O-])C(C)(C)C)[N+](=O)[O-])C)C(=O)C,"powdery, soapy, fatty, floral, dry, musk"
SIMKGHMLPVDSJE-UHFFFAOYSA-N,CC1C(=O)C(=C(O1)C)OC,"musty, coffee, potato, winey, brandy, meaty, sweet, caramellic, mushroom, fruity, cocoa, vegetable"
PPJSYGVFDJEMRP-UHFFFAOYSA-N,CCC1=NC=CN=C1C(=O)C,"popcorn, musty, hazelnut, potato, nutty, meaty, earthy"
KVFIJIWMDBAGDP-UHFFFAOYSA-N,CCC1=NC=CN=C1,"musty, coffee, buttery, fermented, nutty, meaty, roasted, woody, cocoa"
WTOYNNBCKUYIKC-JMSVASOKSA-N,C[C@@H]1CC(=O)C=C2[C@]1(C[C@@H](CC2)C(=C)C)C,"citrus, sweet, grapefruit, woody, orange"
BOPPSUHPZARXTH-UHFFFAOYSA-N,CC(CC1=CC2=C(C=C1)OCO2)C=O,"ozone, melon, floral, fresh, green, hay"
BAVONGHXFVOKBV-UHFFFAOYSA-N,CC1=CCC(CC1O)C(=C)C,"minty, cooling, herbal, spicy, sweet, green"
FXHGMKSSBGDXIY-UHFFFAOYSA-N,CCCCCCC=O,"ozone, herbal, fatty, citrus, nutty, cognac, sweet, fresh, green, aldehydic"
GJWSUKYXUMVMGX-UHFFFAOYSA-N,CC(CCC=C(C)C)CC(=O)O,"tobacco, fatty, smoky, floral, green, waxy, vegetable, grassy"
NFLGAXVYCFJBMK-BDAKNGLRSA-N,C[C@@H]1CC[C@H](C(=O)C1)C(C)C,"minty, cooling, anise, mentholic, herbal, sweet, camphoreous, fresh, green"
ZWRUINPWMLAQRD-UHFFFAOYSA-N,CCCCCCCCCO,"clean, fatty, oily, floral, rose, fresh, orange"
YTHRBOFHFYZBRJ-JHJMLUEUSA-N,CC1=CC[C@H](CC1OC(=O)C)C(=C)C,
FBUKVWPVBMHYJY-UHFFFAOYSA-N,CCCCCCCCC(=O)O,"cheesy, fatty, nutty, dairy, waxy"
VSMOENVRRABVKN-UHFFFAOYSA-N,CCCCCC(C=C)O,"chicken, oily, sweet, earthy, green, mushroom, vegetable"
CZUGFKJYCPYHHV-UHFFFAOYSA-N,CSCCCO,"cooked, meaty, sweet, onion, savory, mushroom, vegetable, sulfurous"
KFUSEUYYWQURPO-UHFFFAOYSA-N,C(=CCl)Cl,
WPFVBOQKRVRMJB-UHFFFAOYSA-N,CC(CCCC(C)(C)O)CC=O,"lily, tropical, melon, sweet, floral, green, waxy"
DNRJTBAOUJJKDY-UHFFFAOYSA-N,CC1CC(C2=C(C1(C)C)C=C(C(=C2)C(=O)C)C)(C)C,"amber, powdery, sweet, fruity, musk"
IKTHMQYJOWTSJO-UHFFFAOYSA-N,CC(=O)C1=C2CCC(C2=CC(=C1)C(C)(C)C)(C)C,"cedar, animal, woody, musk"
MIZGSAALSYARKU-UHFFFAOYSA-N,CC1C(C2=C(C1(C)C)C(=O)CCC2)(C)C,"clean, spicy, woody, musk"
WTEVQBCEXWBHNA-UHFFFAOYSA-N,CC(=CCCC(=CC=O)C)C,"sharp, lemon, sweet"
QMVPMAAFGQKVCJ-SNVBAGLBSA-N,C[C@H](CCC=C(C)C)CCO,"oily, leafy, floral, rose"
HLCSDJLATUNSSI-JXMROGBWSA-N,CC(=CCC/C(=C/C#N)/C)C,"metallic, sharp, lemon, sweet, green, fruity"
QUNOTZOHYZZWKQ-UHFFFAOYSA-N,CC1=NC=CN=C1C(=O)C,"popcorn, coffee, hazelnut, nutty, roasted, caramellic, cocoa, vegetable"
WNLRTRBMVRJNCN-UHFFFAOYSA-N,C(CCC(=O)O)CC(=O)O,odorless
KDYFGRWQOYBRFD-UHFFFAOYSA-N,C(CC(=O)O)C(=O)O,odorless
NJGBTKGETPDVIK-UHFFFAOYSA-N,CC(=O)CCC1=CC=C(C=C1)O,"jammy, raspberry, berry, ripe, sweet, floral, woody, fruity"
WQAQPCDUOCURKW-UHFFFAOYSA-N,CCCCS,"cheesy, coffee, fatty, meaty, beefy, onion, roasted, garlic, savory, sulfurous"
ZSIAUFGUXNUGDI-UHFFFAOYSA-N,CCCCCCO,"herbal, pungent, fatty, winey, oily, sweet, green, fruity, ethereal, alcoholic"
BBMCTIGTTCKYKF-UHFFFAOYSA-N,CCCCCCCO,"herbal, musty, pungent, fatty, violet, leafy, sweet, fresh, banana, green, woody, fruity, vegetable, apple"
AMQJEAYHLZJPGS-UHFFFAOYSA-N,CCCCCO,"bready, pungent, balsamic, winey, oily, solvent, fermented, sweet, alcoholic"
GTGTXZRPJHDASG-UHFFFAOYSA-N,CCCCCCC(C(=O)O)Br,
HZTPKMIMXLTOSK-UHFFFAOYSA-N,CCCCC(C(=O)O)Br,
JARKCYVAAOWBJS-UHFFFAOYSA-N,CCCCCC=O,"clean, fatty, leafy, fresh, green, aldehydic, woody, fruity, vegetable, grassy"
WLJVXDMOQOGPHL-UHFFFAOYSA-M,C1=CC=C(C=C1)CC(=O)[O-],
RFFOTVCVTJUTAD-UHFFFAOYSA-N,CC(C)C12CCC(O1)(CC2)C,"minty, terpenic, cooling, herbal, camphoreous, pine, fresh, green"
FTZILAQGHINQQR-UHFFFAOYSA-N,CCCC(C)C=O,"cheesy, green, fruity, ethereal, cocoa, vegetable"
WMFATTFQNRPXBQ-UHFFFAOYSA-N,CCCC(C(=O)O)Br,
ULDHMXUKGWMISQ-SECBINFHSA-N,CC1=CC[C@H](CC1=O)C(=C)C,"minty, herbal, sweet"
ZSKAJFSSXURRGL-PKNBQFBNSA-N,CC(=CCC/C(=C/C(OC)OC)/C)C,"lemon, citrus"
RDOXTESZEPMUJZ-UHFFFAOYSA-N,COC1=CC=CC=C1,"anise, phenolic, anisic, sweet, gasoline, ethereal"
MLFHJEHSLIIPHL-UHFFFAOYSA-N,CC(C)CCOC(=O)C,"estery, ripe, solvent, pear, sweet, banana, fruity"
QMVPMAAFGQKVCJ-JTQLQIEISA-N,C[C@@H](CCC=C(C)C)CCO,"geranium, powdery, citrus, sweet, floral, rose, green, waxy, fruity"
RWRDLPDLKQPQOW-UHFFFAOYSA-N,C1CCNC1,"fishy, animal"
NEHNMFOYXAPHSD-JTQLQIEISA-N,C[C@@H](CCC=C(C)C)CC=O,"clean, herbal, citrus"
NEHNMFOYXAPHSD-SNVBAGLBSA-N,C[C@H](CCC=C(C)C)CC=O,"herbal, lemon, citrus, fresh, green, woody"
YAQLSKVCTLCIIE-UHFFFAOYSA-N,CCC(C(=O)O)Br,
WLAMNBDJUVNPJU-UHFFFAOYSA-N,CCC(C)C(=O)O,"acidic, cheesy, pungent, fermented, fruity"
POIARNZEYGURDG-FNORWQNLSA-N,C/C=C/C(=O)C1=C(C=CCC1(C)C)C,"raspberry, natural, tobacco, tea, grape, plum, sweet, floral, earthy, rose, green, woody, fruity, apple"
JZQKTMZYLHNFPL-BLHCBFLLSA-N,CCCCC/C=C/C=C/C=O,"cucumber, fatty, chicken, oily, melon, citrus, nutty, brothy"
HZYHMHHBBBSGHB-ODYTWBPASA-N,CC/C=C\CC/C=C/C=O,"cucumber, fatty, violet, melon, leafy, dry, green, vegetable"
UZFLPKAIBPNNCA-BQYQJAHWSA-N,CC1=CCCC(C1/C=C/C(=O)C)(C)C,"balsamic, tropical, orris, violet, sweet, floral, woody, fruity"
HZYHMHHBBBSGHB-KPDBFRNYSA-N,CC/C=C\CC/C=C\C=O,
CWRKZMLUDFBPAO-SREVYHEPSA-N,CCCCC/C=C\CCC=O,"citrus, aldehydic, orange"
UZFFFFWQKMPLAC-ARJAWSKDSA-N,CC/C=C\CCCCCC=O,"cucumber, citrus, aldehydic"
BGTBFNDXYDYBEY-FNORWQNLSA-N,C/C=C/C(=O)C1=C(CCCC1(C)C)C,"minty, honey, tobacco, berry, plum, floral, rose, woody, fruity"
KMRMUZKLFIEVAO-IUCAKERBSA-N,CC1([C@H]2CC=C([C@@H]1C2)C=O)C,
FQTLCLSUCSAZDY-SDNWHVSQSA-N,CC(=CCC/C(=C/CCC(C)(C=C)O)/C)C,"citrus, floral, green, waxy, woody"
PSQYTAPXSHCGMF-BQYQJAHWSA-N,CC1=C(C(CCC1)(C)C)/C=C/C(=O)C,"tropical, berry, violet, sweet, floral, woody, fruity"
HIGQPQRQIQDZMP-UHFFFAOYSA-N,CC(=CCCC(=CCOC(=O)C)C)C,
CWRKZMLUDFBPAO-VOTSOKGWSA-N,CCCCC/C=C/CCC=O,"fatty, citrus, fresh, green, aldehydic, fruity, orange"
QKTZBZWNADPFOL-BNFZFUHLSA-N,CCCCCCC/C=C/C=C/C=O,"fatty, citrus, meaty, grapefruit, orange"
ZHHYXNZJDGDGPJ-BSWSSELBSA-N,CCCC/C=C/C=C/C=O,"cucumber, fatty, chicken, melon, nutty, green, waxy"
CXENHBSYCFFKJS-VDQVFBMKSA-N,CC(=CCC/C(=C/C/C=C(\C)/C=C)/C)C,"bergamot, lavender, herbal, berry, citrus, floral, green, woody, vegetable, apple"
GHVNFZFCNZKVNT-UHFFFAOYSA-N,CCCCCCCCCC(=O)O,"cheesy, fatty, citrus, dairy, waxy, sour"
BDJRBEYXGGNYIS-UHFFFAOYSA-N,C(CCCC(=O)O)CCCC(=O)O,odorless
XUPYJHCZDLZNFP-UHFFFAOYSA-N,CCCCOC(=O)CCC,"ripe, pear, pineapple, sweet, fresh, banana, green, fruity, cherry, apple"
XNLICIUVMPYHGG-UHFFFAOYSA-N,CCCC(=O)C,"ketonic, winey, fermented, rum, dairy, sweet, banana, woody, fruity, ethereal"
HGBOYTHUEUWSSQ-UHFFFAOYSA-N,CCCCC=O,"bready, pungent, berry, chocolate, fermented, nutty, fruity"
LSTSBZKIQFOPHA-UHFFFAOYSA-N,CCC(=O)OCC(C)(C)OC(C)C1CCCC(C1)(C)C,"pear, floral, woody, fruity, musk"
SRONXYPFSAKOGH-UHFFFAOYSA-N,C1CCCCCCCCCCCCCC1,
FFVHXGZXDRXFLQ-UHFFFAOYSA-N,C1CCCCCCCC(CCCCCC1)O,
,CCCCCC(C(C)CO)S,
SXOZDDAFVJANJP-UHFFFAOYSA-N,C1CCCCC(=O)CCCC1,
UPOSSYJVWXLPTA-UHFFFAOYSA-N,C1CCCCCC(=O)CCCC1,
CJPNOLIZCWDHJK-UHFFFAOYSA-N,CCCCCCCCCCCCCC(=O)C,"celery, jasmin, fatty, oily, burnt, dairy, floral, fresh, waxy, fruity"
PQYGSSYFJIJDFK-UHFFFAOYSA-N,CCCCCCCC(=O)CCCCCCC,
HABNNYNSJFKZFE-UHFFFAOYSA-N,CCC(C(C)CO)S,"onion, sulfurous"
ALHUZKCOMYUFRB-OAHLLOKOSA-N,C[C@@H]1CCCCCCCCCCCCC(=O)C1,"powdery, animal, musk"
ALHUZKCOMYUFRB-HNNXBMFYSA-N,C[C@H]1CCCCCCCCCCCCC(=O)C1,
HUIYGGQINIVDNW-UHFFFAOYSA-N,CCCCOC(=O)C1=CC=CC=C1N,"powdery, winey, berry, grape, plum, sweet, floral, fruity"
KJPRLNWUNMBNBZ-QPJJXVBHSA-N,C1=CC=C(C=C1)/C=C/C=O,"spicy, cinnamon, warm, sweet"
CFNJLPHOBMVMNS-UHFFFAOYSA-N,CCCCCOC(=O)CCC,"tropical, pineapple, sweet, banana, fruity, cherry"
ZCDYAMJXVAUTIM-UHFFFAOYSA-N,C=CCOC(=O)CC1=CC=CC=C1,"rummy, honey, pineapple, sweet, fruity"
GTNCESCYZPMXCJ-UHFFFAOYSA-N,CCC(=O)OCCCC1=CC=CC=C1,"hyacinth, balsamic, floral, fruity"
BADXJIPKFRBFOT-UHFFFAOYSA-N,CC1(CC(=O)CC(=O)C1)C,
BDFAOUQQXJIZDG-UHFFFAOYSA-N,CC(C)CS,"cooked, onion, garlic, vegetable, sulfurous"
FEWLNYSYJNLUOO-UHFFFAOYSA-N,C1CCN(CC1)C=O,
CBJPZHSWLMJQRI-UHFFFAOYSA-N,C1=COC(=C1)CSSCC2=CC=CO2,"coffee, cabbage, potato, chicken, meaty, onion, roasted, sulfurous"
CWERGRDVMFNCDR-UHFFFAOYSA-N,C(C(=O)O)S,sulfurous
KZCOBXFFBQJQHH-UHFFFAOYSA-N,CCCCCCCCS,"meaty, roasted, vegetable, sulfurous"
YCIXWYOBMVNGTB-UHFFFAOYSA-N,CCCCCC1=C(CCC1=O)C,"jasmin, powdery, jasmine, herbal, spicy, sweet, floral, woody, fruity"
PBGWNXWNCSSXCO-UHFFFAOYSA-N,CCCCCCCC(=O)OCCCCCC,"estery, herbal, fatty, berry, green, waxy, fruity, apple"
UHOVQNZJYSORNB-UHFFFAOYSA-N,C1=CC=CC=C1,
AZOCECCLWFDTAP-RKDXNWHRSA-N,C[C@@H]1CC[C@H](CC1=O)C(=C)C,"minty, mentholic, herbal"
NTWSIWWJPQHFTO-UHFFFAOYSA-N,CCCC(=CC(=O)O)C,
SMWDFEZZVXVKRB-UHFFFAOYSA-N,C1=CC=C2C(=C1)C=CC=N2,"musty, leathery, tobacco, animal, sweet, earthy, medicinal"
ODHAQPXNQDBHSH-UHFFFAOYSA-N,C1CCC(CC1)SSC2CCCCC2,"musty, coffee, alliaceous, berry, meaty, onion, green, cocoa"
JUJWROOIHBZHMG-UHFFFAOYSA-N,C1=CC=NC=C1,"fishy, burnt, sour"
NDVASEGYNIMXJL-NXEZZACHSA-N,CC(C)[C@]12CCC(=C)[C@H]1C2,
LHXDLQBQYFFVNW-UHFFFAOYSA-N,CC1(C2CCC(C2)(C1=O)C)C,"sweet, camphoreous, pine"
ARJWAURHQDJJAC-GQCTYLIASA-N,CCC(C)C(=O)/C=C/C,"hazelnut, metallic, nutty"
AMXYRHBJZOVHOL-ODYTWBPASA-N,CC/C=C\CC/C=C/CO,"herbal, cucumber, fatty, oily, violet, leafy, nutty, green"
DIVCBWJKVSFZKJ-UHFFFAOYSA-M,CCC(C)CCC(=O)[O-],
TWOGJUHCCNLYPC-UHFFFAOYSA-N,CCC(=O)C(C)S,"meaty, onion, roasted, grapefruit, sulfurous"
CZCBTSFUTPZVKJ-UHFFFAOYSA-N,CC1CCOC(C1)C=C(C)C,"geranium, herbal, spicy, floral, camphoreous, earthy, rose, fresh, green, vegetable"
ROWKJAVDOGWPAT-UHFFFAOYSA-N,CC(C(=O)C)O,"fatty, milky, buttery, dairy, sweet, creamy"
BGVBGAIWXAXBLP-UHFFFAOYSA-N,CCCCCC(=O)C(C)C(=O)C,"burnt, caramellic, fruity, hay"
SZECUQRKLXRGSJ-UHFFFAOYSA-N,CCC(C(=O)C)S,"meaty, savory"
LEGGANXCVQPIAI-UHFFFAOYSA-N,CCCCC(C)CCC(=O)O,"lactonic, musty, fatty, milky, dairy, waxy, creamy"
IFYYFLINQYPWGJ-UHFFFAOYSA-N,CCCCCCC1CCC(=O)O1,"fatty, buttery, oily, peach, sweet, coconut, fresh, waxy, fruity, creamy"
WGPCZPLRVAWXPW-UHFFFAOYSA-N,CCCCCCCCC1CCC(=O)O1,"metallic, fatty, peach, sweet, fruity"
OALYTRUKMRCXNH-UHFFFAOYSA-N,CCCCCC1CCC(=O)O1,"fatty, buttery, oily, sweet, coconut, waxy, creamy"
IPBFYZQJXZJBFQ-UHFFFAOYSA-N,CCCCC1CCC(=O)O1,"fatty, dairy, sweet, coconut, coumarinic, waxy, creamy"
PHXATPHONSXBIL-UHFFFAOYSA-N,CCCCCCCC1CCC(=O)O1,"lactonic, apricot, ketonic, fatty, peach, coconut, fruity, creamy"
WNVCMFHPRIBNCW-YUMQZZPRSA-N,CCCC[C@H]1[C@H](CC(=O)O1)C,coconut
IUFQZPBIRYFPFD-UHFFFAOYSA-N,CCC1C(=C(C(=O)O1)O)C,"nutty, sweet, caramellic, fruity"
QRPLZGZHJABGRS-UHFFFAOYSA-N,CCCCCCCC1CCCC(=O)O1,"apricot, tropical, metallic, fatty, milky, buttery, oily, peach, dairy, sweet, coconut, fresh, fruity, creamy"
FYTRVXSHONWYNE-UHFFFAOYSA-N,CCCC1CCCC(=O)O1,"lactonic, tropical, fatty, dairy, sweet, coconut, coumarinic, green, creamy"
NDFKTBCGKNOHPJ-AATRIKPKSA-N,CCCC/C=C/C=O,"pungent, fatty, oily, sweet, fresh, green, fruity, vegetable, apple"
PANBRUWVURLWGY-MDZDMXLPSA-N,CCCCCCCC/C=C/C=O,"fatty, lemon, citrus, sweet, fresh, green, waxy, aldehydic, fruity, orange"
OGLDWXZKYODSOB-SNVBAGLBSA-N,CC1=CC[C@@H](C=C1)C(C)C,"terpenic, spicy, citrus, fresh, medicinal"
XMGQYMWWDOXHJM-UHFFFAOYSA-N,CC1=CCC(CC1)C(=C)C,"terpenic, herbal, citrus, camphoreous, gasoline"
BSAIUMLZVGUGKX-FPLPWBNLSA-N,CCCCCC/C=C\C=O,"cucumber, fatty, orris, melon, waxy"
LVBXEMGDVWVTGY-SREVYHEPSA-N,CCCCC/C=C\C=O,"fatty, leafy, green, fruity"
NPFVOOAXDOBMCE-PLNGDYQASA-N,CC/C=C\CCOC(=O)C,"melon, pear, sweet, fresh, banana, green, fruity, grassy, apple"
GXANMBISFKBPEX-ARJAWSKDSA-N,CC/C=C\CC=O,"weedy, pungent, fatty, leafy, fresh, green, fruity, grassy, apple"
VVGOCOMZRGWHPI-ARJAWSKDSA-N,CC/C=C\CCC=O,"fatty, milky, oily, dairy, green, creamy, vegetable"
VWYBQOFZVSNDAW-WAYWQWQTSA-N,CC/C=C\CC(=O)C=C,"geranium, metallic, green"
DHKHKXVYLBGOIT-UHFFFAOYSA-N,CCOC(C)OCC,"nutty, sweet, earthy, green, fruity, ethereal, alcoholic, vegetable"
SATCULPHIDQDRE-UHFFFAOYSA-N,C1OC2=C(O1)C=C(C=C2)C=O,"spicy, tropical, sweet, floral, vanilla, creamy, cherry"
OQWNKUAZQSLNSR-UHFFFAOYSA-N,CC(C)CCCCCCCCCCC=O,"cooked, fatty, citrus, meaty, beefy, animal, sweet, brothy, savory, waxy, fruity"
ZFMSMUAANRJZFM-UHFFFAOYSA-N,COC1=CC=C(C=C1)CC=C,"minty, anise, herbal, spicy, phenolic, anisic, sweet, green"
RUVINXPYWBROJD-ONEGZZNKSA-N,C/C=C/C1=CC=C(C=C1)OC,"anise, herbal, anisic, sweet, medicinal"
MMSLOZQEMPDGPI-UHFFFAOYSA-N,CC1=CC=C(C=C1)C(=C)C,"clove, spicy, phenolic, musty, coffee, lemon, citrus, nutty, pine"
KUFFULVDNCHOFZ-UHFFFAOYSA-N,CC1=CC(=C(C=C1)O)C,"phenolic, sharp, smoky, burnt, roasted"
KLIDCXVFHGNTTM-UHFFFAOYSA-N,COC1=C(C(=CC=C1)OC)O,"powdery, phenolic, balsamic, smoky, sweet, woody, medicinal"
NXXYKOUNUYWIHA-UHFFFAOYSA-N,CC1=C(C(=CC=C1)C)O,"phenolic, coffee, sharp, smoky, sweet, medicinal"
ZQPCOAKGRYBBMR-UHFFFAOYSA-N,CC1=CCC(CC1)C(C)(C)S,"aromatic, alliaceous, tropical, citrus, onion, grapefruit, garlic, woody, sulfurous"
FZOZFDAMVVEZSJ-UHFFFAOYSA-N,CC(=O)C1=NCCS1,"bready, herbal, popcorn, chicken, nutty, onion, roasted, green, grassy"
HEQOJEGTZCTHCF-UHFFFAOYSA-N,C1=CC=C(C=C1)C(=O)CN,
IFNDEOYXGHGERA-UHFFFAOYSA-N,CC1=CC(=C(C=C1)OC)O,"phenolic, smoky, sweet, vanilla, medicinal"
SRUTWBWLFKSTIS-UHFFFAOYSA-N,CC1=C(C=CO1)SSC,"chemical, coffee, meaty, onion, brothy, roasted, vegetable, sulfurous"
BYGQBDHUGHBGMD-UHFFFAOYSA-N,CCC(C)C=O,"phenolic, musty, coffee, fatty, chocolate, fermented, nutty, malty, green, fruity, cocoa, alcoholic"
RUYNUXHHUVUINQ-UHFFFAOYSA-N,CC1=C(C=CO1)S,"metallic, fishy, meaty, beefy, sweet, brothy, roasted, sulfurous"
QWVGKYWNOKOFNN-UHFFFAOYSA-N,CC1=CC=CC=C1O,"herbal, phenolic, musty, leathery, medicinal"
HSDXVAOHEOSTFZ-UHFFFAOYSA-N,CCCCCC1=CC=CC=N1,"herbal, fatty, meaty, green, mushroom, vegetable"
ZMRFRBHYXOQLDK-UHFFFAOYSA-N,C1=CC=C(C=C1)CCS,"tropical, roasted, sulfurous"
WRMNZCZEMHIOCP-UHFFFAOYSA-N,C1=CC=C(C=C1)CCO,"bready, honey, sweet, floral, rose, fresh"
MDHYEMXUFSJLGV-UHFFFAOYSA-N,CC(=O)OCCC1=CC=CC=C1,"honey, balsamic, tropical, sweet, floral, rose, fruity, cocoa"
OVNCGQSYSSYBPO-UHFFFAOYSA-N,CCC(=O)C1=NCCC1,"fishy, roasted"
HMNKTRSOROOSPP-UHFFFAOYSA-N,CCC1=CC(=CC=C1)O,"phenolic, musty"
XPCTZQVDEJYUGT-UHFFFAOYSA-N,CC1=C(C(=O)C=CO1)O,"jammy, bready, strawberry, berry, burnt, sweet, caramellic, fruity"
ZFRKQXVRDFCRJG-UHFFFAOYSA-N,CC1=CNC2=CC=CC=C12,"animal, floral, fruity"
VTAPYUYITKYXJB-UHFFFAOYSA-N,CC(C)(CCOC=O)S,"coffee, tropical, meaty, onion, roasted, caramellic, sulfurous"
PHTQWCKDNZKARW-UHFFFAOYSA-N,CC(C)CCO,"pungent, fermented, cognac, banana, fruity, ethereal, alcoholic"
YGHRJJRRZDOVPD-UHFFFAOYSA-N,CC(C)CC=O,"cheesy, pungent, fatty, chocolate, peach, green, aldehydic, fruity, ethereal, cocoa"
NHIMSNHOEAVUKE-UHFFFAOYSA-N,CCCC(=O)C(C)CC,
RLSSMJSEOOYNOY-UHFFFAOYSA-N,CC1=CC(=CC=C1)O,"phenolic, leathery, dry, woody, medicinal"
XMIIGOLPHOKFCH-UHFFFAOYSA-N,C1=CC=C(C=C1)CCC(=O)O,"balsamic, cinnamon, fatty, sweet, floral, rose, musk"
TYZFMFVWHZKYSE-UHFFFAOYSA-N,CCCC(CCO)S,"alliaceous, tropical, chicken, meaty, grapefruit, savory, fruity, sulfurous"
JUCARGIKESIVLB-UHFFFAOYSA-N,CCCC(CCOC(=O)C)S,"raspberry, tropical, pear, floral, grapefruit, fruity, sulfurous"
WTWBUQJHJGUZCY-UHFFFAOYSA-N,CC(C)C1=CC=C(C=C1)C=O,"herbal, spicy, pungent, green"
YOMSJEATGXXYPX-UHFFFAOYSA-N,COC1=C(C=CC(=C1)C=C)O,"clove, peppery, powdery, spicy, phenolic, smoky, sweet, woody"
FUGYGGDSWSUORM-UHFFFAOYSA-N,C=CC1=CC=C(C=C1)O,"chemical, spicy, phenolic, musty, meaty, sweet, medicinal"
PWKJMPFEQOHBAC-UHFFFAOYSA-N,CCCCC(CC)CCC(=O)O,fatty
HXDOZKJGKXYMEW-UHFFFAOYSA-N,CCC1=CC=C(C=C1)O,"phenolic, smoky, animal, savory, woody"
CBOQJANXLMLOSS-UHFFFAOYSA-N,CCOC1=C(C=CC(=C1)C=O)O,"sweet, vanilla, creamy"
XVHGKKGBUDMTIQ-UHFFFAOYSA-N,CC(C)(CCOC)S,"minty, tropical, peach, sweet, grapefruit, sulfurous"
GNKZMNRKLCTJAY-UHFFFAOYSA-N,CC1=CC=C(C=C1)C(=O)C,"hawthorn, powdery, sweet, floral, coumarinic, vanilla, fruity, cherry, hay"
IWDCLRJOBJJRNH-UHFFFAOYSA-N,CC1=CC=C(C=C1)O,"phenolic, smoky, animal, medicinal"
PXIKRTCSSLJURC-UHFFFAOYSA-N,CCCC1=CC(=C(C=C1)O)OC,"clove, powdery, spicy, phenolic, balsamic, sharp, sweet"
GWCRPYGYVRXVLI-UHFFFAOYSA-N,CCC1C(=O)C(=C(O1)C)O,"sweet, caramellic"
LIIALPBMIOVAHH-UHFFFAOYSA-N,COC1=CC2=C(C=C1)C=CC(=O)O2,"balsamic, sweet"
NVLPQIPTCCLBEU-UHFFFAOYSA-N,CSCC=C,"alliaceous, onion, garlic, sulfurous"
LOCDPORVFVOGCR-UHFFFAOYSA-N,CSCSC,"spicy, pungent, alliaceous, metallic, meaty, onion, garlic, green, mushroom, horseradish, sulfurous"
WJSDHUCWMSHDCR-VMPITWQZSA-N,CC(=O)OC/C=C/C1=CC=CC=C1,"spicy, balsamic, cinnamon, sweet, floral, fruity"
OOCCDEMITAIZTP-QPJJXVBHSA-N,C1=CC=C(C=C1)/C=C/CO,"powdery, hyacinth, spicy, balsamic, sweet, green"
PFRGXCVKLLPLIP-UHFFFAOYSA-N,C=CCSSCC=C,"pungent, alliaceous, metallic, onion, garlic"
QMMFVYPAHWMCMS-UHFFFAOYSA-N,CSC,"pungent, radish, cabbage, berry, fishy, sweet, onion, green, fruity, creamy, tomato, vegetable, sulfurous"
YWHLKYXPLRWGSE-UHFFFAOYSA-N,CSSSC,"cooked, alliaceous, cabbage, meaty, onion, fresh, garlic, savory, vegetable, sulfurous"
WQOXQRCZOLPYPM-UHFFFAOYSA-N,CSSC,"cabbage, onion, vegetable, sulfurous"
ALVPFGSHPUPROW-UHFFFAOYSA-N,CCCSSCCC,"alliaceous, tropical, metallic, burnt, earthy, onion, fresh, garlic, green, sulfurous"
GAZXPZNJTZIGBO-UHFFFAOYSA-N,CCCSSSCCC,"pungent, alliaceous, tropical, onion, garlic, green, vegetable, sulfurous"
MBDOYVRWFFCFHM-SNAWJCMRSA-N,CCC/C=C/C=O,"clean, herbal, spicy, cheesy, pungent, fatty, sharp, leafy, fresh, banana, green, aldehydic, fruity, vegetable, grassy, apple"
LFQSCWFLJHTTHZ-UHFFFAOYSA-N,CCO,"sweet, ethereal, alcoholic, medicinal"
LYRIITRHDCNUHV-SSDOTTSWSA-N,CCC[C@H](CC(=O)OCC)O,
HCRBXQFHJMCTLF-UHFFFAOYSA-N,CCC(C)C(=O)OCC,"estery, tropical, strawberry, berry, sharp, sweet, fresh, green, fruity, apple"
WDAXFOBOLVPGLV-UHFFFAOYSA-N,CCOC(=O)C(C)C,"rummy, pungent, rum, sweet, fruity, ethereal, alcoholic, apple"
YSNWHRKJEKWJNY-UHFFFAOYSA-N,CCOC(=O)CCSC,"metallic, ripe, pineapple, caramellic, fruity, tomato, sulfurous"
PPXUHEORWJQRHJ-UHFFFAOYSA-N,CCOC(=O)CC(C)C,"estery, winey, buttery, sharp, pineapple, sweet, banana, green, fruity, orange, apple"
OFQRUTMGVBMTFQ-UHFFFAOYSA-N,CCOC(=O)CCC(C)C,"pineapple, fruity, apple"
XEKOWRVHYACXOJ-UHFFFAOYSA-N,CCOC(=O)C,"rummy, weedy, winey, sharp, grape, brandy, sweet, green, fruity, ethereal"
MTZQAGJQAFMTAQ-UHFFFAOYSA-N,CCOC(=O)C1=CC=CC=C1,"minty, musty, grape, sweet, floral, dry, fruity, medicinal, cherry"
OBNCKNCVKJNDBV-UHFFFAOYSA-N,CCCC(=O)OCC,"juicy, buttery, ripe, cognac, pineapple, banana, fruity, ethereal"
KBEBGUQPQBELIU-CMDGGOBGSA-N,CCOC(=O)/C=C/C1=CC=CC=C1,"honey, balsamic, cinnamon, plum, floral"
SHZIWNPUGXLXDT-UHFFFAOYSA-N,CCCCCC(=O)OCC,"estery, tropical, fatty, strawberry, pear, pineapple, sweet, banana, green, waxy, fruity"
ICMAFTSLXCXHRK-UHFFFAOYSA-N,CCCCC(=O)OCC,"acidic, tropical, berry, pineapple, sweet, green, fruity, apple"
DULCUDSUACXJJC-UHFFFAOYSA-N,CCOC(=O)CC1=CC=CC=C1,"honey, balsamic, anisic, sweet, floral, rose, cocoa"
JJOYCHKVKWDMEA-UHFFFAOYSA-N,CCOC(=O)C1CCCCC1,"cheesy, winey, berry, fermented, brandy, fruity, apple"
ZFFTZDQKIXPDAF-UHFFFAOYSA-N,C1=COC(=C1)CS,"coffee, alliaceous, fatty, chicken, oily, smoky, burnt, meaty, caramellic, savory, sulfurous"
CETWDUZRCINIHU-UHFFFAOYSA-N,CCCCCC(C)O,"herbal, lemon, citrus, sweet, floral, fresh, green, fruity"
AOGQPLXWSUTHQB-UHFFFAOYSA-N,CCCCCCOC(=O)C,"fatty, pear, sweet, fresh, banana, green, fruity, apple"
BHIWKHZACMWKOJ-UHFFFAOYSA-N,CC(C)C(=O)OC,"apricot, rum, pineapple, sweet, floral, fruity, ethereal, apple"
UUIQMZJEGPQKFD-UHFFFAOYSA-N,CCCC(=O)OC,"pungent, buttery, fermented, pineapple, sweet, banana, fruity, ethereal, creamy, apple"
ZOYASYRPGHCQHW-UHFFFAOYSA-N,CCCSSSC,"cooked, clean, metallic, sweet, onion, garlic, green, sulfurous"
UAHWPYUMFXYFJY-UHFFFAOYSA-N,CC(=CCCC(=C)C=C)C,"terpenic, celery, peppery, herbal, spicy, balsamic, rose, woody"
VKCYHJWLYTUGCC-UHFFFAOYSA-N,CCCCCCCC(=O)C,"weedy, soapy, herbal, cheesy, fatty, sweet, coconut, earthy, fresh, green, waxy, fruity"
TZMFJUDUGYTVRY-UHFFFAOYSA-N,CCC(=O)C(=O)C,"cheesy, pungent, fatty, buttery, oily, nutty, sweet, caramellic, creamy"
NBBJYMSMWIIQGU-UHFFFAOYSA-N,CCC=O,"pungent, winey, grape, brandy, nutty, cognac, meaty, earthy, green, ethereal, cocoa, alcoholic"
GCZQHDFWKVMZOE-UHFFFAOYSA-N,C1=CSC(=C1)CS,"coffee, fishy, meaty, sulfurous"
CCRCUPLGCSFEDV-BQYQJAHWSA-N,COC(=O)/C=C/C1=CC=CC=C1,"balsamic, strawberry, sweet, fruity, cherry"
UYLKDZXJEKFFHJ-UHFFFAOYSA-N,C1=COC(=C1)CSCC2=CC=CO2,"coffee, burnt, nutty, meaty, earthy, roasted, savory, mushroom, cocoa, sulfurous"
NWYGPVZOBBHKLI-UHFFFAOYSA-N,CSSCC1=CC=CC=C1,"cabbage, metallic, onion, green, vegetable, sulfurous"
CLSLQQCDHOZMDT-UHFFFAOYSA-N,CSSCC1=CC=CO1,"coffee, alliaceous, meaty, onion, roasted, garlic, sulfurous"
OFQPKKGMNWASPN-UHFFFAOYSA-N,CSCC1=CC=CC=C1,"chicken, burnt, meaty, beefy, roasted, savory, horseradish, sulfurous"
QZZBJCFNHPYNKO-UHFFFAOYSA-N,CC(C1=CC=CC=C1)S,"tropical, meaty, floral, sulfurous"
UENWRTRMUIOCKN-UHFFFAOYSA-N,C1=CC=C(C=C1)CS,"minty, coffee, alliaceous, sharp, onion, garlic, horseradish, sulfurous"
SKSFHXVDHVKIBN-UHFFFAOYSA-N,CSCC1=CC=CO1,"pungent, alliaceous, radish, onion, garlic, horseradish, vegetable, sulfurous"
VAJVDSVGBWFCLW-UHFFFAOYSA-N,C1=CC=C(C=C1)CCCO,"hyacinth, spicy, balsamic, sweet, floral"
XPFVYQJUAUNWIW-UHFFFAOYSA-N,C1=COC(=C1)CO,"chemical, estery, brown, bready, musty, coffee, sweet, caramellic, alcoholic, sulfurous"
WVDDGKGOMKODPV-UHFFFAOYSA-N,C1=CC=C(C=C1)CO,"chemical, phenolic, balsamic, sweet, floral, rose, fruity, almond"
HYBBIBNJHNGZAN-UHFFFAOYSA-N,C1=COC(=C1)C=O,"brown, bready, spicy, phenolic, sweet, caramellic, woody, almond"
XHIUFYZDQBSEMF-UHFFFAOYSA-N,CCC(C)COC(=O)C,"estery, tropical, ripe, sweet, banana, fruity, ethereal, apple"
WNVCMFHPRIBNCW-UHFFFAOYSA-N,CCCCC1C(CC(=O)O1)C,"lactonic, celery, burnt, nutty, coconut, coumarinic, woody"
AMXYRHBJZOVHOL-DYWGDJMRSA-N,CC/C=C/CC/C=C/CO,green
XMGQYMWWDOXHJM-JTQLQIEISA-N,CC1=CC[C@@H](CC1)C(=C)C,"citrus, sweet, gasoline, fresh, orange"
OGLDWXZKYODSOB-UHFFFAOYSA-N,CC1=CCC(C=C1)C(C)C,"minty, spicy, mint, citrus, fresh, woody"
HVNICCSXGONRCB-UHFFFAOYSA-N,CC1(C(=O)C=CO1)C,
VGHBEMPMIVEGJP-UHFFFAOYSA-N,CC1=CCOC1=O,
ASOSVCXGWPDUGN-UHFFFAOYSA-N,CC1C(=O)C=C(O1)C,"estery, coffee, buttery, burnt, sweet, roasted, caramellic, fruity"
FCIVYWQHILCTLI-UHFFFAOYSA-N,CC(CO)CS,
OCZSUTGSYBERRF-UHFFFAOYSA-N,CCCCC(C(C)CO)S,
RFMHFOPFUZZBAD-UHFFFAOYSA-N,CC(CO)C(C)S,"meaty, onion, green, sulfurous"
XVFIAOJQUHTZSV-UHFFFAOYSA-N,CCCC(C(C)CO)S,
WUOACPNHFRMFPN-SECBINFHSA-N,CC1=CC[C@H](CC1)C(C)(C)O,"terpenic, floral"
GRWFGVWFFZKLTI-IUCAKERBSA-N,CC1=CC[C@H]2C[C@@H]1C2(C)C,"terpenic, herbal, sharp, warm, earthy, pine, fresh, woody"
GRWFGVWFFZKLTI-RKDXNWHRSA-N,CC1=CC[C@@H]2C[C@H]1C2(C)C,"minty, terpenic, herbal, aromatic"
WTARULDDTDQWMU-IUCAKERBSA-N,CC1([C@H]2CCC(=C)[C@@H]1C2)C,"herbal, dry, pine, fresh, green, woody, hay"
WTARULDDTDQWMU-RKDXNWHRSA-N,CC1([C@@H]2CCC(=C)[C@H]1C2)C,"terpenic, sweet, pine, fresh, green, woody, hay"
NDVASEGYNIMXJL-UHFFFAOYSA-N,CC(C)C12CCC(=C)C1C2,"terpenic, spicy, oily, citrus, camphoreous, pine, green, woody"
POIARNZEYGURDG-UHFFFAOYSA-N,CC=CC(=O)C1=C(C=CCC1(C)C)C,
CHWNEIVBYREQRF-UHFFFAOYSA-N,CCC1=CC(=C(C=C1)O)OC,"clove, spicy, phenolic, smoky, sweet, woody, vanilla, medicinal"
QRNZMFDCKKEPSX-UHFFFAOYSA-N,CC(=O)CC(C)(C)S,"tropical, meaty, savory, green, fruity, sulfurous"
ZHHYXNZJDGDGPJ-IGTJQSIKSA-N,CCCC/C=C\C=C\C=O,"geranium, pungent, green"
IKHGUXGNUITLKF-UHFFFAOYSA-N,CC=O,"musty, pungent, nutty, fresh, aldehydic, fruity, ethereal, alcoholic"
OCWLYWIFNDCWRZ-UHFFFAOYSA-N,CCC(C)C(=O)OC,"estery, powdery, tropical, fatty, berry, ripe, sweet, green, fruity, ethereal, apple"
ZXEKIIBDNHEJCQ-UHFFFAOYSA-N,CC(C)CO,"winey, fermented, sweet, ethereal"
NGSWKAQJJWESNS-ZZXKWVIFSA-N,C1=CC(=CC=C1/C=C/C(=O)O)O,balsamic
WLJVXDMOQOGPHL-UHFFFAOYSA-N,C1=CC=C(C=C1)CC(=O)O,"powdery, honey, tobacco, chocolate, animal, sweet, floral, rose, waxy, sour"
GHBSPIPJMLAMEP-UHFFFAOYSA-N,CCCCCC1CCCC(=O)O1,"lactonic, fatty, milky, buttery, oily, peach, nutty, dairy, sweet, coconut, fresh, fruity, creamy"
GTDQGKWDWVUKTI-UHFFFAOYSA-N,CC(=O)C1=CC=CC=C1N,"grape, sweet"
OSOIQJGOYGSIMF-UHFFFAOYSA-N,C1CCCCCCCC(=O)CCCCCC1,"natural, powdery, animal, musk"
ABRIMXGLNHCLIP-UHFFFAOYSA-N,C1CCCCCC(=O)CCCC=CCCCC1,
NKMKFQCVDZVEJR-UHFFFAOYSA-N,CC1CC=CCCCCCCCCCC(=O)C1,
ZGEHHVDYDNXYMW-OWOJBTEDSA-N,C1CCC/C=C/CCCCCCC(=O)CCC1,
ZFGBKXBPHOUSJX-VQHVLOKHSA-N,CC1C/C=C/CCCCCCCCC(=O)C1,
VPQWBNWSLZYYFH-UHFFFAOYSA-N,CC1CCCCCCCCCCCC(=O)C1,
RWCCWEUUXYIKHB-UHFFFAOYSA-N,C1=CC=C(C=C1)C(=O)C2=CC=CC=C2,"geranium, powdery, herbal, balsamic, metallic, rose"
CAERSDJFKGMKLY-UHFFFAOYSA-N,CCOC(=O)CC1=CC(=CC=C1)Br,
BLEMRRXGTKTJGT-UHFFFAOYSA-N,CC1=CC=CC=C1CC(=O)OC,
DGEZNRSVGBDHLK-UHFFFAOYSA-N,C1=CC2=C(C3=C(C=CC=N3)C=C2)N=C1,
GUMOJENFFHZAFP-UHFFFAOYSA-N,CCOC1=CC2=CC=CC=C2C=C1,"powdery, grape, floral, orange"
RAPXVKLHABTPOM-UHFFFAOYSA-N,C=CC1=CC=C(C=C1)OCCCCOC2=CC=C(C=C2)C=C,
ULDHMXUKGWMISQ-UHFFFAOYSA-N,CC1=CCC(CC1=O)C(=C)C,minty
KJIOQYGWTQBHNH-UHFFFAOYSA-N,CCCCCCCCCCCO,"oily, citrus, floral, fruity"
HFJRKMMYBMWEAD-UHFFFAOYSA-N,CCCCCCCCCCCC=O,"soapy, citrus, sweet, floral, green, waxy, aldehydic"
LWBHHRRTOZQPDM-UHFFFAOYSA-N,C(CCCCC(=O)O)CCCCC(=O)O,
NVRVNSHHLPQGCU-UHFFFAOYSA-N,C(CCC(=O)O)CCBr,
BKJFDZSBZWHRNH-UHFFFAOYSA-N,C(CCCC(=O)O)CCCBr,
PGVRSPIEZYGOAD-UHFFFAOYSA-N,C(CCCCC(=O)O)CCCCBr,
IUDGNRWYNOEIKF-UHFFFAOYSA-N,C(CCCCCBr)CCCCC(=O)O,
YYKBWYBUCFHYPR-UHFFFAOYSA-N,C(CCCCCC(=O)O)CCCCCBr,
ZDPHROOEEOARMN-UHFFFAOYSA-N,CCCCCCCCCCC(=O)O,"cheesy, fatty, coconut, waxy, creamy"
MWKFXSUHUHTGQN-UHFFFAOYSA-N,CCCCCCCCCCO,"clean, fatty, oily, sweet, floral, waxy, orange"
JFCQEDHGNNZCLN-UHFFFAOYSA-N,C(CC(=O)O)CC(=O)O,odorless
WLJVNTCWHIRURA-UHFFFAOYSA-N,C(CCC(=O)O)CCC(=O)O,
TYFQFVWCELRYAO-UHFFFAOYSA-N,C(CCCC(=O)O)CCC(=O)O,
CXMXRPHRNRROMY-UHFFFAOYSA-N,C(CCCCC(=O)O)CCCC(=O)O,
TVIDDXQYHWJXFK-UHFFFAOYSA-N,C(CCCCCC(=O)O)CCCCC(=O)O,
LODLFUCEWWWXPR-UHFFFAOYSA-N,CCCC(C)C1OCC(CO1)(C)CCC,"jasmin, herbal, spicy, oily, fresh, green"
WVYKHQRCBWWGFK-UHFFFAOYSA-N,CC(C)C1C(COC(O1)(C)C)(C)C,"herbal, earthy, green, woody, fruity"
YIWUKEYIRIRTPP-UHFFFAOYSA-N,CCCCC(CC)CO,"oily, fermented, citrus, sweet, floral, rose, fresh"
SJWFXCIHNDVPSH-UHFFFAOYSA-N,CCCCCCC(C)O,"herbal, spicy, musty, leafy, floral, earthy, fresh, green, woody"
NMRPBPVERJPACX-UHFFFAOYSA-N,CCCCCC(CC)O,"minty, herbal, spicy, musty, oily, melon, fermented, citrus, nutty, dairy, earthy, green, mushroom, waxy, woody, creamy"
WOFPPJOZXUTRAU-UHFFFAOYSA-N,CCCCC(CCC)O,
NGDNVOAEIVQRFH-UHFFFAOYSA-N,CCCCCCCC(C)O,"cheesy, musty, citrus, dairy, green, waxy, fruity, creamy, orange"
NOOLISFMXDJSKH-UHFFFAOYSA-N,CC1CCC(C(C1)O)C(C)C,"minty, cooling, mentholic, musty, mint"
MGSRCZKZVOBKFT-UHFFFAOYSA-N,CC1=CC(=C(C=C1)C(C)C)O,"chemical, herbal, spicy, phenolic, sweet, camphoreous, medicinal"
WBYWAXJHAXSJNI-VOTSOKGWSA-N,C1=CC=C(C=C1)/C=C/C(=O)O,"balsamic, sweet"
HUMNYLRZRPPJDN-UHFFFAOYSA-N,C1=CC=C(C=C1)C=O,"powdery, sharp, nutty, sweet, fruity, almond, cherry"
NEHNMFOYXAPHSD-UHFFFAOYSA-N,CC(CCC=C(C)C)CC=O,"herbal, citrus, sweet, floral, dry, rose, green, waxy, aldehydic"
ZPVFWPFBNIEHGJ-UHFFFAOYSA-N,CCCCCCC(=O)C,"natural, weedy, herbal, cheesy, ketonic, musty, fatty, dairy, earthy, green, woody, fruity, apple"
RHLVCLIPMVJYKS-UHFFFAOYSA-N,CCCCCC(=O)CC,"lavender, herbal, cheesy, ketonic, musty, fermented, sweet, earthy, fresh, green, mushroom, fruity, vegetable"
IYTXKIXETAELAV-UHFFFAOYSA-N,CCCCCCC(=O)CC,"jasmin, herbal, spicy, leafy, sweet, floral, fresh, green, fruity, grassy"
ZAJNGDIORYACQU-UHFFFAOYSA-N,CCCCCCCCC(=O)C,"fatty, peach, floral, orange"
LSKONYYRONEBKA-UHFFFAOYSA-N,CCCCCCCCCCC(=O)C,"citrus, floral, fruity, orange"
UHEPJGULSIKKTP-UHFFFAOYSA-N,CC(=CCCC(=O)C)C,"herbal, cheesy, ketonic, musty, oily, citrus, banana, green, fruity, creamy, apple"
TZJLGGWGVLADDN-UHFFFAOYSA-N,CC(=O)CCC1=CC2=C(C=C1)OCO2,"jammy, raspberry, powdery, berry, sweet, floral, woody, fruity, cherry"
KVWWIYGFBYDJQC-UHFFFAOYSA-N,CCCCCC1C(CCC1=O)CC(=O)OC,"lactonic, jasmin, natural, jasmine, tropical, oily, floral, green, fruity"
DSSYKIVIOFKYAU-UHFFFAOYSA-N,CC1(C2CCC1(C(=O)C2)C)C,"mint, camphoreous, fresh"
TVQGDYNRXLTQAP-UHFFFAOYSA-N,CCCCCCC(=O)OCC,"rummy, estery, winey, berry, cognac, pineapple, sweet, banana, green, fruity"
BYEVBITUADOIGY-UHFFFAOYSA-N,CCCCCCCCC(=O)OCC,"natural, tropical, fatty, oily, grape, nutty, rum, cognac, rose, waxy, fruity"
NUKZAGXMHTUAFE-UHFFFAOYSA-N,CCCCCC(=O)OC,"apricot, strawberry, pineapple, banana, fruity, ethereal, apple"
XNCNNDVCAUWAIT-UHFFFAOYSA-N,CCCCCCC(=O)OC,"berry, orris, sweet, floral, green, waxy, fruity, apple"
IJXHLVMUNBOGRR-UHFFFAOYSA-N,CCCCCCCCC(=O)OC,"tropical, winey, pear, nutty, sweet, coconut, green, waxy, fruity"
GRLJIIJNZJVMGP-UHFFFAOYSA-N,CCCC(=O)SC,"cheesy, cabbage, milky, sweet, garlic, fruity, cocoa, tomato, sulfurous"
FZWLAAWBMGSTSO-UHFFFAOYSA-N,C1=CSC=N1,"fishy, nutty, meaty"
IOJUPLGTWVMSFF-UHFFFAOYSA-N,C1=CC=C2C(=C1)N=CS2,"cooked, brown, coffee, burnt, nutty, meaty, beefy, vegetable, sulfurous"
SIKJAQJRHWYJAI-UHFFFAOYSA-N,C1=CC=C2C(=C1)C=CN2,"cheesy, musty, pungent, animal, floral"
ZMQAAUBTXCXRIC-UHFFFAOYSA-N,C=CCC1=CC2=C(C=C1)OCO2,"anise, spicy, aromatic, warm, sweet, floral, woody"
LVBXEMGDVWVTGY-VOTSOKGWSA-N,CCCCC/C=C/C=O,"herbal, cucumber, fatty, leafy, fresh, banana, green, waxy, vegetable"
DVVATNQISMINCX-YTXTXJHMSA-N,CCC/C=C/C=C/C=O,"fatty, melon, pear, citrus, green, fruity"
LCLLDHVSJPTTSF-UHFFFAOYSA-N,CC(C)CC(C)CC=C(C)C=O,
LHXDLQBQYFFVNW-XCBNKYQSSA-N,C[C@]12CC[C@H](C1)C(C2=O)(C)C,"terpenic, cedar, cooling, mentholic, herbal, balsamic, mint, sweet, camphoreous, earthy, pine, fresh, woody"
CZCBTSFUTPZVKJ-ZJUUUORDSA-N,C[C@@H]1CCO[C@H](C1)C=C(C)C,
DSSYKIVIOFKYAU-OIBJUYFYSA-N,C[C@]12CC[C@H](C1(C)C)CC2=O,
WAPNOHKVXSQRPX-SSDOTTSWSA-N,C[C@H](C1=CC=CC=C1)O,"floral, earthy, green"
OFJWFSNDPCAWDK-VIFPVBQESA-N,CC[C@@H](C1=CC=CC=C1)C(=O)O,
OFJWFSNDPCAWDK-SECBINFHSA-N,CC[C@H](C1=CC=CC=C1)C(=O)O,
QQZOPKMRPOGIEB-UHFFFAOYSA-N,CCCCC(=O)C,"cheesy, ketonic, buttery, meaty, dairy, fruity"
BTANRVKWQNVYAZ-UHFFFAOYSA-N,CCC(C)O,"apricot, winey, oily, solvent, fermented, sweet, fruity, alcoholic"
CETWDUZRCINIHU-SSDOTTSWSA-N,CCCCC[C@@H](C)O,"fatty, oily, sweet, fruity"
ACBMYYVZWKYLIP-UHFFFAOYSA-N,CCCCCC(C)(C)O,
SJWFXCIHNDVPSH-QMMMGPOBSA-N,CCCCCC[C@H](C)O,"fatty, oily, grape, mushroom, creamy"
BTANRVKWQNVYAZ-BYPYZUCNSA-N,CC[C@H](C)O,"winey, oily"
CETWDUZRCINIHU-ZETCQYMHSA-N,CCCCC[C@H](C)O,"cheesy, fatty, oily, mushroom"
WAPNOHKVXSQRPX-ZETCQYMHSA-N,C[C@@H](C1=CC=CC=C1)O,"hyacinth, strawberry, floral"
RJUFJBKOKNCXHH-UHFFFAOYSA-N,CCC(=O)OC,"rummy, strawberry, rum, fresh, fruity, ethereal, apple"
JAELLLITIZHOGQ-UHFFFAOYSA-N,CCC(=O)OC(C)(C)C,"brandy, rum, fruity"
HUAZGNHGCJGYNP-UHFFFAOYSA-N,CCCC(=O)OCCC,"apricot, pineapple, sweet, fruity, ethereal"
KDSNLYIMUZNERS-UHFFFAOYSA-N,CC(C)CN,"cheesy, ripe, fishy, malty"
DLRJIFUOBPOJNS-UHFFFAOYSA-N,CCOC1=CC=CC=C1,"anisic, sweet"
CXBDYQVECUFKRK-UHFFFAOYSA-N,CCCCOC,
NZGWDASTMWDZIW-MRVPVSSYSA-N,C[C@@H]1CCC(=C(C)C)C(=O)C1,"minty, herbal, metallic, mint, sweet, camphoreous, fresh, sulfurous"
BMFVGAAISNGQNM-UHFFFAOYSA-N,CC(C)CCN,cheesy
JBFHTYHTHYHCDJ-UHFFFAOYSA-N,CCC1CCC(=O)O1,"herbal, tobacco, sweet, coconut, coumarinic, creamy"
KWKAKUADMBZCLK-UHFFFAOYSA-N,CCCCCCC=C,gasoline
SJWKGDGUQTWDRV-UHFFFAOYSA-N,CCCCCCC(=O)OCC=C,"ripe, fermented, cognac, pineapple, sweet, banana, waxy, fruity, apple"
HMKKIXGYKWDQSV-SDNWHVSQSA-N,CCCCC/C(=C\C1=CC=CC=C1)/C=O,floral
WRFZKAGPPQGDDQ-UHFFFAOYSA-N,CCCCCC(=O)OCCCCC,"estery, fatty, pear, cognac, pineapple, sweet, green, waxy, fruity, apple"
QUKGYYKBILRGFE-UHFFFAOYSA-N,CC(=O)OCC1=CC=CC=C1,"jasmin, jasmine, sweet, floral, fresh, fruity"
ZCTQGTTXIYCGGC-UHFFFAOYSA-N,C1=CC=C(C=C1)COC(=O)C2=CC=CC=C2O,"clean, herbal, balsamic, oily, sweet"
YPQSPODHFDGVAC-UHFFFAOYSA-N,CCCCCCC(=O)OCCCC,"herbal, tropical, winey, oily, pear, green, fruity, grassy, apple"
DSSYKIVIOFKYAU-XCBNKYQSSA-N,C[C@@]12CC[C@@H](C1(C)C)CC2=O,"minty, cooling, mentholic, herbal, phenolic, camphoreous, green, woody, medicinal"
HQKQRXZEXPXXIG-DTWJZALFSA-N,C[C@@H]1CC[C@@H]2[C@]13CC[C@@]([C@H](C3)C2(C)C)(C)OC(=O)C,
QMVPMAAFGQKVCJ-UHFFFAOYSA-N,CC(CCC=C(C)C)CCO,"geranium, powdery, spicy, fatty, lemon, citrus, sweet, floral, rose, fresh, waxy"
RFDUMBPGZUIKOG-UHFFFAOYSA-N,CCCCCCCOC(=O)C(C)C,"estery, apricot, herbal, tropical, warm, peach, pineapple, sweet, floral, green, fruity, cherry, apple"
GUUHFMWKWLOQMM-NTCAYCPXSA-N,CCCCCC/C(=C\C1=CC=CC=C1)/C=O,"jasmine, sweet, floral"
KGEKLUUHTZCSIP-FOGDFJRCSA-N,CC(=O)O[C@@H]1C[C@H]2CC[C@@]1(C2(C)C)C,
UPPSFGGDKACIKP-UHFFFAOYSA-N,CC1=CC=C(C=C1)OC(=O)C(C)C,"lily, warm, animal, floral, green, fruity"
FDJBDZVTTXWIQM-UHFFFAOYSA-N,CC1=CC=CC=C1OC(=O)C(C)C,"phenolic, berry, fruity, medicinal"
OJEQSSJFSNLMLB-UHFFFAOYSA-N,CC1=CC=C(C=C1)OC(=O)CC2=CC=CC=C2,"lily, hyacinth, honey, animal, rose"
VKJIAEQRKBQLLA-UHFFFAOYSA-N,CC1=NC=CN=C1OC,"hazelnut, chocolate, nutty, roasted"
XXIKYCPRDXIMQM-UHFFFAOYSA-N,CC(=CCOC(=O)C)C,"jasmin, balsamic, ripe, sweet, fresh, banana, green, fruity, apple"
ZMANZCXQSJIPKH-UHFFFAOYSA-N,CCN(CC)CC,"cheesy, ripe, fishy"
ZTQSAGDEMFDKMZ-UHFFFAOYSA-N,CCCC=O,"bready, musty, pungent, chocolate, malty, green, fruity, cocoa"
HGEVGSTXQGZPCL-UHFFFAOYSA-N,C(CCCC(=O)Cl)CCCC(=O)Cl,
WKOLLVMJNQIZCI-UHFFFAOYSA-N,COC1=C(C=CC(=C1)C(=O)O)O,"brown, powdery, phenolic, odorless, milky, dairy, sweet, vanilla, creamy"
IXQGCWUGDFDQMF-UHFFFAOYSA-N,CCC1=CC=CC=C1O,"phenolic, sweet"
ACZGCWSMSTYWDQ-UHFFFAOYSA-N,C1C2=CC=CC=C2OC1=O,
MSTDXOZUKAQDRL-UHFFFAOYSA-N,C1COC2=CC=CC=C2C1=O,
BHUIUXNAPJIDOG-UHFFFAOYSA-N,C1OC2=C(O1)C=C(C=C2)CO,"powdery, sweet, vanilla"
VXIXUWQIVKSKSA-UHFFFAOYSA-N,C1=CC=C2C(=C1)C(=CC(=O)O2)O,
AZOCECCLWFDTAP-UHFFFAOYSA-N,CC1CCC(CC1=O)C(=C)C,"minty, terpenic, cooling, herbal, warm, mint, camphoreous, woody, hay"
MWVFCEVNXHTDNF-UHFFFAOYSA-N,CCCC(=O)C(=O)C,"jammy, phenolic, fatty, buttery, oily, sweet, dry, caramellic, fruity, creamy"
NGAZZOYFWWSOGK-UHFFFAOYSA-N,CCCCC(=O)CC,"cheesy, ketonic, musty, fatty, sweet, banana, green, fruity"
KVFQMAZOBTXCAZ-UHFFFAOYSA-N,CCC(=O)C(=O)CC,"buttery, nutty, caramellic"
HJWLCRVIBGQPNF-UHFFFAOYSA-N,C=CCC1=CC=CC=C1,
NORZZKKLCYMBBF-UHFFFAOYSA-N,CCCCOC(=O)C(C)OC(=O)CCC,"cheesy, fatty, buttery, dairy, sweet, green, waxy, fruity, creamy, sour"
NMJJFJNHVMGPGM-UHFFFAOYSA-N,CCCCOC=O,"rummy, plum, brandy, rum, fruity, ethereal"
ZVEZMVFBMOOHAT-UHFFFAOYSA-N,CCCCCCCCCS,
IPBVNPXQWQGGJP-UHFFFAOYSA-N,CC(=O)OC1=CC=CC=C1,"jasmine, phenolic, metallic, smoky, burnt, animal, woody, medicinal"
MMFCJPPRCYDLLZ-UHFFFAOYSA-N,CCCCCCCC=CC=O,"fatty, floral, rose, green, aldehydic, orange"
KGEKLUUHTZCSIP-UHFFFAOYSA-N,CC(=O)OC1CC2CCC1(C2(C)C)C,"cedar, mentholic, herbal, spicy, balsamic, sweet, camphoreous, pine, woody"
JRFITZGBELIFQM-UHFFFAOYSA-N,CC(=C)C1CCC2(OC(C1)OO2)C,
IGIDLTISMCAULB-UHFFFAOYSA-N,CCC(C)CC(=O)O,"acidic, cheesy, sharp, animal, green, fruity"
OVBFMEVBMNZIBR-UHFFFAOYSA-N,CCCC(C)C(=O)O,"cheesy, pungent, dairy, creamy, sour"
KRKNYBCHXYNGOX-UHFFFAOYSA-N,C(C(=O)O)C(CC(=O)O)(C(=O)O)O,odorless
WPYMKLBDIGXBTP-UHFFFAOYSA-N,C1=CC=C(C=C1)C(=O)O,balsamic
XIYPXOFSURQTTJ-NSCUHMNNSA-N,CC(=O)/C=C/C1=CC2=C(C=C1)OCO2,
KCDXJAYRVLXPFO-UHFFFAOYSA-N,COC1=CC(=CC(=C1O)OC)C=O,"balsamic, chocolate, smoky, sweet, floral, green, woody, vanilla"
OTMFQLIUPDESAI-UHFFFAOYSA-N,CCOC1=C(C=C(C=C1)CC=C)OC,"herbal, spicy, musty, tea, warm, sweet"
QGNDNDFXCNBMKI-FPLPWBNLSA-N,CCCCCC/C=C\CCC=O,
YBBNUDDZOWRHOD-WAYWQWQTSA-N,CCCC/C=C\CCCCC=O,
QPULDJYQYDGZEI-WAYWQWQTSA-N,CCCC/C=C\CCC=O,
CRPUJAZIXJMDBK-BDAKNGLRSA-N,CC1([C@H]2CC[C@H](C2)C1=C)C,"terpenic, fresh, woody"
KRCZYMFUWVJCLI-OPRDCNLKSA-N,C[C@@H]1CC[C@H](C[C@H]1O)C(=C)C,
CCEFMUBVSUDRLG-IDKOKCKLSA-N,CC(=C)[C@H]1CCC2(C(C1)O2)C,minty
RUMOYJJNUMEFDD-SNVBAGLBSA-N,CC(=C)[C@H]1CCC(=CC1)C=O,"minty, herbal, spicy, fatty, oily, fresh, green, cherry, grassy"
CRPUJAZIXJMDBK-DTWKUNHWSA-N,CC1([C@@H]2CC[C@@H](C2)C1=C)C,"herbal, camphoreous, fresh, woody"
KRCZYMFUWVJCLI-GUBZILKMSA-N,C[C@H]1CC[C@@H](C[C@@H]1O)C(=C)C,
CCEFMUBVSUDRLG-UHFFFAOYSA-N,CC(=C)C1CCC2(C(C1)O2)C,"minty, clean, herbal, citrus, sweet, fresh, fruity"
RUMOYJJNUMEFDD-JTQLQIEISA-N,CC(=C)[C@@H]1CCC(=CC1)C=O,
LJSQFQKUNVCTIA-UHFFFAOYSA-N,CCSCC,"meaty, garlic, savory, ethereal, tomato, sulfurous"
ALVZNPYWJMLXKV-UHFFFAOYSA-N,C(CCCCO)CCCCO,
VADKRMSMGWJZCF-UHFFFAOYSA-N,C1=CC=C(C(=C1)O)Br,
DHXVGJBLRPWPCS-UHFFFAOYSA-N,C1CCOCC1,"pungent, sweet, ethereal"
QCHZKUPVENJLAW-FYWRMAATSA-N,CCCCC/C(=C\C1=CC=CC=C1)/C(OC)OC,"jasmine, floral, green"
HEVMDQBCAHEHDY-UHFFFAOYSA-N,COC(C1=CC=CC=C1)OC,"potato, winey, sharp, nutty, sweet, floral, earthy, green, fruity, almond, vegetable"
RWOZGGOKRKSHKN-UHFFFAOYSA-N,CC1=C(C(=C(C(=C1C)C)C=O)C)C,
BGTBFNDXYDYBEY-UHFFFAOYSA-N,CC=CC(=O)C1=C(CCCC1(C)C)C,"honey, tobacco, plum, floral, rose, fruity"
OHDFENKFSKIFBJ-UHFFFAOYSA-N,CC1=C(C=CO1)SSC2=C(OC=C2)C,"chicken, meaty, onion, roasted, savory, sulfurous"
SWUIQEBPZIHZQS-UHFFFAOYSA-N,CC1=CC2=C(C=C1)OCC(=O)CO2,"marine, clean, ozone, phenolic, melon, fresh, green"
HQKQRXZEXPXXIG-UHFFFAOYSA-N,CC1CCC2C13CCC(C(C3)C2(C)C)(C)OC(=O)C,
RTNPCOBSXBGDMO-ARJAWSKDSA-N,CC/C=C\CCCCC=O,"cucumber, orris, melon, citrus, fresh, green, waxy, woody, vegetable"
TXWOGHSRPAYOML-UHFFFAOYSA-N,C1CC(C1)C(=O)O,
VOATZOQREKBJMT-UHFFFAOYSA-N,CCC(=C)CCCC(C)(C)O,
GVOWHGSUZUUUDR-UHFFFAOYSA-N,CNC1=CC=CC=C1C(=O)OC,"powdery, phenolic, musty, sweet, floral, fruity, orange"
JSNRRGGBADWTMC-UHFFFAOYSA-N,CC(=CCCC(=CCCC(=C)C=C)C)C,
HZPKNSYIDSNZKW-UHFFFAOYSA-N,CCCC(C)C(=O)OCC,"natural, fatty, melon, pear, pineapple, fresh, green, waxy, fruity"
CETBSQOFQKLHHZ-UHFFFAOYSA-N,CCSSCC,"alliaceous, tropical, ripe, onion, garlic, fruity, vegetable, sulfurous"
YIKYNHJUKRTCJL-UHFFFAOYSA-N,CCC1=C(C(=O)C=CO1)O,"strawberry, sweet, caramellic, fruity"
FVUGZKDGWGKCFE-UHFFFAOYSA-N,CC1CC2=C(CC1(C)C(=O)C)C(CCC2)(C)C,"cedar, ketonic, phenolic, dry, woody"
NUPSHWCALHZGOV-UHFFFAOYSA-N,CCCCCCCCCCOC(=O)C,"clean, soapy, fatty, citrus, pineapple, sweet, rose, fresh, waxy, fruity, creamy, orange"
OGJYXQFXLSCKTP-LCYFTJDESA-N,CC(C)C(=O)OC/C=C(/C)\CCC=C(C)C,"raspberry, strawberry, melon, pear, citrus, sweet, floral, rose, fresh, green, fruity"
AVBRYQRTMPHARE-UHFFFAOYSA-N,CCCCCCCCOC=O,"cucumber, orris, citrus, rose, green, waxy, fruity, orange"
TWSRVQVEYJNFKQ-UHFFFAOYSA-N,CCCCCOC(=O)CC,"apricot, tropical, pineapple, sweet, banana, fruity, apple"
PFWYHTORQZAGCA-UHFFFAOYSA-N,CC(=O)OCC1=CC2=C(C=C1)OCO2,"jammy, jasmin, hawthorn, powdery, soapy, aromatic, metallic, strawberry, sweet, floral, cherry"
WYURNTSHIVDZCO-UHFFFAOYSA-N,C1CCOC1,
SSNZFFBDIMUILS-ZHACJKMWSA-N,CCCCCCCCC/C=C/C=O,"herbal, metallic, citrus, waxy, aldehydic, orange"
ACWQBUSCFPJUPN-HWKANZROSA-N,C/C=C(\C)/C=O,"herbal, green, fruity, almond"
GRHQDJDRGZFIPO-UHFFFAOYSA-N,C(CC(=O)O)CBr,
WNXNUPJZWYOKMW-UHFFFAOYSA-N,C(CCBr)CC(=O)O,
VLFBSPUPYFTTNF-UHFFFAOYSA-N,CC(CC1=CC=C(C=C1)OC)C=O,"raspberry, anise, anisic, sweet, green"
MNRZECIRFMLTEY-UHFFFAOYSA-N,CC(C)(C)C1=CC=C(C=C1)OCC=O,
YGCZTXZTJXYWCO-UHFFFAOYSA-N,C1=CC=C(C=C1)CCC=O,"cortex, balsamic, melon, leafy, floral, fresh, green, aldehydic"
NHFRGTVSKOPUBK-UHFFFAOYSA-N,C1=CC=C(C=C1)CCCC=O,
SQGBBDFDRHDJCJ-UHFFFAOYSA-N,CC(CCO)C1=CC=CC=C1,
RWGFKTVRMDUZSP-UHFFFAOYSA-N,CC(C)C1=CC=CC=C1,
FINOPSACFXSAKB-UHFFFAOYSA-N,C1=CC=C(C=C1)CCCCC=O,
NFLGAXVYCFJBMK-DTWKUNHWSA-N,C[C@H]1CC[C@@H](C(=O)C1)C(C)C,"minty, mentholic, mint"
BAVONGHXFVOKBV-YHMJZVADSA-N,CC1=CC[C@H](CC1O)C(=C)C,
GSOHKPVFCOWKPU-UHFFFAOYSA-N,CC(C(=O)C)C(=O)C,"ketonic, burnt, fruity"
IGMOYJSFRIASIE-UHFFFAOYSA-N,CC(C)CC(=O)CC(=O)C,
GJYXGIIWJFZCLN-UHFFFAOYSA-N,CCCCC(=O)CC(=O)C,
KFBXUKHERGLHLG-UHFFFAOYSA-N,CCCCCC(=O)CC(=O)C,
ZFNVDHOSLNRHNN-UHFFFAOYSA-N,CC(C)C1=CC=C(C=C1)CC(C)C=O,"musty, floral, fresh, green"
JFTSYAALCNQOKO-UHFFFAOYSA-N,CCC1=CC=C(C=C1)CC(C)(C)C=O,"marine, clean, ozone, floral, fresh, green, aldehydic"
DYUQAZSOFZSPHD-UHFFFAOYSA-N,CCC(C1=CC=CC=C1)O,"balsamic, sweet, floral, rose"
XPDORSROGAZEGY-UHFFFAOYSA-N,COC1=CC=C(C=C1)COC=O,"powdery, spicy, anisic, sweet, floral, green, vanilla, fruity"
NFAVNWJJYQAGNB-UHFFFAOYSA-N,CCCCCCCCCC(C)C=O,"amber, metallic, fatty, citrus, dry, fresh, coumarinic, waxy, aldehydic, fruity"
VLUMOWNVWOXZAU-UHFFFAOYSA-N,CC(=CC1=CC=CC=C1)C=O,"spicy, balsamic, cinnamon, warm, sweet"
XHJJEWBMBSQVCJ-UHFFFAOYSA-N,CC1=CC(=O)CC(C1)C(C)C,
DFJMIMVMOIFPQG-UHFFFAOYSA-N,CC(CCC1=CC=CC=C1)CC=O,"lily, fresh, green, waxy, aldehydic, woody"
HEPHYCJJLAUKSB-UHFFFAOYSA-N,CC(CC1=CC=CC=C1)C=O,
SGVBCLGVIOFAFT-UHFFFAOYSA-N,CC1=CC=C(C=C1)CC(C)C=O,"amber, powdery, balsamic, melon, citrus, sweet, floral, dry, fresh, green, aldehydic, woody, fruity, almond, cherry, orange"
VSBHYRPUJHEOBE-UHFFFAOYSA-N,CC1=C(C(=O)C=CO1)OC(=O)C(C)C,"jammy, tropical, strawberry, berry, burnt, sweet, caramellic, fruity"
XWEOGMYZFCHQNT-UHFFFAOYSA-N,CCOC(=O)CC1(OCCO1)C,"tropical, plum, sweet, pine, green, woody, fruity, apple"
VSRVCSJJKWDZSH-UHFFFAOYSA-N,CCCCCC1COCCC1OC(=O)C,"lactonic, jasmin, jasmine, herbal, tea, oily, sweet, floral, green, mushroom"
XCWPXUNHSPOFGV-UHFFFAOYSA-N,CC(C)CCOCC(=O)OCC=C,"herbal, pineapple, green, fruity, apple"
UWKAYLJWKGQEPM-UHFFFAOYSA-N,CC(=CCCC(C)(C=C)OC(=O)C)C,"bergamot, lavender, pear, citrus, sweet, floral, green, woody, fruity"
UOGMZEGKCNHMBF-UHFFFAOYSA-N,COC1CC2CC1C3C2CC(C3)C=O,"marine, ozone, floral, fresh, aldehydic, woody"
NKZPGPZCKPODMT-UHFFFAOYSA-N,CC(CC=O)C1=CC=C(C=C1)C(C)(C)C,"muguet, powdery, floral, green"
RECUKUPTGUEGMW-UHFFFAOYSA-N,CC1=C(C=C(C=C1)C(C)C)O,"cooling, herbal, spicy, phenolic, smoky, camphoreous, woody, medicinal"
WSTQLNQRVZNEDV-CSKARUKUSA-N,CCCCCC(/C(=C/CC)/C)O,"lily, oily, violet, green, fruity"
GFVWSUIPAJYAEG-UHFFFAOYSA-N,CC(C)(C)C1CCCCC1OCCCCO,
HGDVHRITTGWMJK-UHFFFAOYSA-N,CC(C)CCCC(C)(C)O,"herbal, citrus, floral, fresh, woody"
VPKMGDRERYMTJX-CMDGGOBGSA-N,CCC(=O)/C=C/C1C(=CCCC1(C)C)C,"powdery, tea, orris, oily, violet, sweet, floral, woody, fruity"
CRIGTVCBMUKRSL-FNORWQNLSA-N,C/C=C/C(=O)C1C(=CCCC1(C)C)C,"berry, mint, plum, sweet, floral, rose, green, woody, fruity, apple"
ZALVGSSYVAPZDA-UHFFFAOYSA-N,CCCCCCCCC(OC(=O)C)OC(=O)C,
GPMLJOOQCIHFET-UHFFFAOYSA-N,CC1CC(CO1)(C)C2=CC=CC=C2,"herbal, aromatic, citrus, floral, grapefruit, fresh, green, woody"
CHLICZRVGGXEOD-UHFFFAOYSA-N,CC1=CC=C(C=C1)OC,"powdery, phenolic, leathery, sharp, nutty, sweet, floral, green"
XMLSXPIVAXONDL-PLNGDYQASA-N,CC/C=C\CC1=C(CCC1=O)C,"celery, jasmin, jasmine, herbal, spicy, citrus, floral, woody, fruity"
BVWTXUYLKBHMOX-UHFFFAOYSA-N,COC1=C(C=CC(=C1)C(=O)OC)O,"spicy, phenolic, warm, sweet, floral, fresh, green, vanilla"
NNWHUJCUHAELCL-SNAWJCMRSA-N,C/C=C/C1=CC(=C(C=C1)OC)OC,"clove, spicy, tea, sweet, floral"
ZGEHHVDYDNXYMW-UPHRSURJSA-N,C1CCC/C=C\CCCCCCC(=O)CCC1,"balsamic, tobacco, animal, floral, dry, waxy, musk"
KHQDWCKZXLWDNM-KPKJPENVSA-N,CC/C(=C\CC1CC=C(C1(C)C)C)/CO,
NKMKFQCVDZVEJR-CSKARUKUSA-N,CC1C/C=C/CCCCCCCCCC(=O)C1,"soapy, animal, musk"
DEFJQIDDEAULHB-QWWZWVQMSA-N,C[C@H](C(=O)N[C@H](C)C(=O)O)N,
JYWNYMJKURVPFH-UHFFFAOYSA-N,CC(=O)NCCC(=O)C1=C(C=CC(=C1)OC)NC=O,
VMJQLPNCUPGMNQ-UHFFFAOYSA-N,CC1=C(C=C2CCC(OC2=C1C)(C)CCC(=O)O)O,
HHDDCCUIIUWNGJ-UHFFFAOYSA-N,C(C(=O)C(=O)O)O,"radish, cabbage, buttery, burnt, creamy, sour"
KMYWVDDIPVNLME-KQYNXXCUSA-N,C1=NC(=C2C(=N1)N(C=N2)[C@H]3[C@H]4[C@@H]([C@H](O3)CO)OP(=O)(O4)O)N,
BZLYOWSSNHNYKW-UHFFFAOYSA-N,CC(C1CCCC(C1)(C)C)OC(C)(C)COC(=O)C2CC2,musk
RBNPOMFGQQGHHO-REOHCLBHSA-N,C([C@@H](C(=O)O)O)O,
XGUHPTGEXRHMQQ-BGJMDTOESA-N,C[C@]12CC[C@H]3[C@H]([C@@H]1CCC2=O)CCC4=CC(=O)CC[C@]34CO,
RAJWOBJTTGJROA-WZNAKSSCSA-N,C[C@]12CCC(=O)C[C@@H]1CC[C@@H]3[C@@H]2CC[C@]4([C@H]3CCC4=O)C,
RFMMMVDNIPUKGG-YFKPBYRVSA-N,CC(=O)N[C@@H](CCC(=O)O)C(=O)O,
PZDOWFGHCNHPQD-OQPGPFOOSA-N,C([C@@H]1[C@H]([C@@H]([C@H]([C@H](O1)O[C@@H](C=O)[C@H]([C@@H]([C@@H](CO)O)O)O)O)O)O)O,
QXZGBUJJYSLZLT-FDISYFBBSA-N,C1C[C@H](N(C1)C(=O)[C@@H]2CCCN2C(=O)[C@H](CCCN=C(N)N)N)C(=O)NCC(=O)N[C@@H](CC3=CC=CC=C3)C(=O)N[C@@H](CO)C(=O)N4CCC[C@H]4C(=O)N[C@@H](CC5=CC=CC=C5)C(=O)N[C@@H](CCCN=C(N)N)C(=O)O,
MCSCIFLXNFLCDV-UHFFFAOYSA-N,CC1=CNC(=O)N1,
XVFMGWDSJLBXDZ-UHFFFAOYSA-O,C1=CC(=CC=C1C2=[O+]C3=CC(=CC(=C3C=C2O)O)O)O,
DHMQDGOQFOQNFH-UHFFFAOYSA-N,C(C(=O)O)N,odorless
KPGXRSRHYNQIFN-UHFFFAOYSA-N,C(CC(=O)O)C(=O)C(=O)O,odorless
XSQUKJJJFZCRTK-UHFFFAOYSA-N,C(=O)(N)N,
ZQISRDCJNBUVMM-YFKPBYRVSA-N,C1=C(NC=N1)C[C@@H](CO)N,
CLGFIVUFZRGQRP-UHFFFAOYSA-N,C12=C(NC(=NC1=O)N)NC(=O)N2,
HNJBEVLQSNELDL-UHFFFAOYSA-N,C1CC(=O)NC1,
MUMGGOZAMZWBJJ-KZYORJDKSA-N,C[C@]12CC[C@H]3[C@H]([C@@H]1CC[C@H]2O)CCC4=CC(=O)CC[C@]34C,
PROQIPRRNZUXQM-ZXXIGWHRSA-N,C[C@]12CC[C@H]3[C@H]([C@@H]1C[C@H]([C@@H]2O)O)CCC4=C3C=CC(=C4)O,
LBTVHXHERHESKG-UHFFFAOYSA-N,COC1=C(C=CC(=C1)CCC(=O)CC(=O)CCC2=CC(=C(C=C2)O)OC)O,
JFLIEFSWGNOPJJ-JTQLQIEISA-N,C1=CC=C(C=C1)CC(=O)N[C@@H](CCC(=O)N)C(=O)O,
MUMGGOZAMZWBJJ-DYKIIFRCSA-N,C[C@]12CC[C@H]3[C@H]([C@@H]1CC[C@@H]2O)CCC4=CC(=O)CC[C@]34C,
OTGQIQQTPXJQRG-UHFFFAOYSA-N,CCCCCCCCCCCCCCCCCC(=O)NCCO,
AEMFNILZOJDQLW-QAGGRKNESA-N,C[C@]12CCC(=O)C=C1CC[C@@H]3[C@@H]2CC[C@]4([C@H]3CCC4=O)C,
HXYVTAGFYLMHSO-UHFFFAOYSA-N,CCCCCCCCCCCCCCCC(=O)NCCO,
GUBGYTABKSRVRQ-QUYVBRFLSA-N,C([C@@H]1[C@H]([C@@H]([C@H]([C@H](O1)O[C@@H]2[C@H](O[C@H]([C@@H]([C@H]2O)O)O)CO)O)O)O)O,
FKCRAVPPBFWEJD-XVFCMESISA-N,C1=C(N(C(=O)NC1=O)[C@H]2[C@@H]([C@@H]([C@H](O2)CO)O)O)C(=O)O,
RZVAJINKPMORJF-UHFFFAOYSA-N,CC(=O)NC1=CC=C(C=C1)O,
YZXBAPSDXZZRGB-DOFZRALJSA-N,CCCCC/C=C\C/C=C\C/C=C\C/C=C\CCCC(=O)O,
CCPPLLJZDQAOHD-FLIBITNWSA-N,CCCCCC1C(O1)C/C=C\CCCCCCCC(=O)O,
SHGAZHPCJJPHSC-XFYACQKRSA-N,CC1=C(C(CCC1)(C)C)/C=C/C(=C/C=C/C(=C\C(=O)O)/C)/C,
UKDKTHYZLXZOSS-UHFFFAOYSA-N,CC(=O)NC(CC1=CC(=C(C=C1)O)OC)C(=O)O,
NPAGDVCDWIYMMC-IZPLOLCNSA-N,C[C@]12CC[C@H]3[C@H]([C@@H]1CC[C@@H]2O)CCC4=CC(=O)CC[C@H]34,
MQTAVJHICJWXBR-UHFFFAOYSA-N,CC(=O)NCCCNCCCCN,
MNQZXJOMYWMBOU-UHFFFAOYSA-N,C(C(C=O)O)O,
QUOGESRFPZDMMT-YFKPBYRVSA-N,C(CCN=C(N)N)C[C@@H](C(=O)O)N,
FONIWJIDLJEJTL-UHFFFAOYSA-N,CC(=O)NCCCCNCCCN,
UZTFMUBKZQVKLK-UHFFFAOYSA-N,CC(=O)NCCCC(=O)O,
PECYZEOJVXMISF-UHFFFAOYSA-N,C(C(C(=O)O)N)N,
YDGMGEXADBMOMJ-LURJTMIESA-N,CN(C)C(=NCCC[C@@H](C(=O)O)N)N,
JSJWCHRYRHKBBW-UHFFFAOYSA-N,C(CNC(=O)N)C(=O)O,
PHENTZNALBMCQD-UHFFFAOYSA-N,CC(CNC(=O)N)C(=O)O,
KLZGKIDSEJWEDW-UHFFFAOYSA-N,CC(=O)NCCCCN,
FCCDDURTIIUXBY-UHFFFAOYSA-N,C1CSSC1CCCCC(=O)N,
NTYJJOPFIAHURM-UHFFFAOYSA-N,C1=C(NC=N1)CCN,
XLSMFKSTNGKWQX-UHFFFAOYSA-N,CC(=O)CO,"pungent, winey, sweet, caramellic, green, ethereal"
YNYAYWLBAHXHLL-UHFFFAOYSA-N,COC1=C(C=CC(=C1)C(CN)O)O,
UHWURQRPEIFIAK-UHFFFAOYSA-N,CC1=C(C=C2C(=C1[N+](=O)[O-])C(CC2(C)C)(C)C)[N+](=O)[O-],"powdery, sweet, dry, musk"
SUAUILGSCPYJCS-UHFFFAOYSA-N,CC1=C(C=C(C(=C1[N+](=O)[O-])OC)C(C)(C)C)[N+](=O)[O-],"musty, sweet, floral, musk"
RWSDULKUTPNPMB-UHFFFAOYSA-N,CCC(=O)OCC(C)(C)CC1=C(CCC1C(=C)C)C,"animal, sweet, musk"
WRFXXJKURVTLSY-UHFFFAOYSA-N,CCC(C)CCCC(C)(C)O,"lily, citrus, sweet, floral, fresh"
ZYIJXTQXQNXPSH-FMIVXFBMSA-N,CC(C)/C=C(\C)/C(C)OC(C)(C)COC(=O)C1CC1,
VDBHOHJWUDKDRW-UHFFFAOYSA-N,CC1C(C2=C(C1(C)C)C=C(C(=C2)C)C(=O)C)(C)C,"amber, powdery, sweet, dry, fruity, musk"
IMRYETFJNLKUHK-UHFFFAOYSA-N,CC1C(C2=C(C1(C)C)C=C(C(=C2)C(=O)C)C)C(C)C,"amber, herbal, sweet, dry, creamy, musk"
OHHWFLWQMHUVFQ-YNZJMPHRSA-N,C[C@H]1CC(C2=C(C1(C)C)C[C@@]3([C@H](C2)O3)C)(C)C,
ZGXVZQZFVYSUDU-ULYHCOEVSA-N,CC(=C)C(=O)O[C@H]1C[C@]23[C@H](O2)CC/C(=C/[C@@H]4[C@@H]1C(=C)C(=O)O4)/CO[C@H]3O,
LOKPJYNMYCVCRM-UHFFFAOYSA-N,C1CCCCCCCC(=O)OCCCCCCC1,"amber, balsamic, animal, sweet, musk"
JIYIHILAGIZIMD-UHFFFAOYSA-N,C1CCCCCC(=O)CCC=CCCCC1,
MKEIDVFLAWJKMY-UHFFFAOYSA-N,C1CCCCC(=O)OCCCCCOCCCC1,"amber, oily, animal, sweet, musk"
ABRIMXGLNHCLIP-VURMDHGXSA-N,C1CCCCCC(=O)CCC/C=C\CCCC1,"amber, powdery, dry, musk"
ZKVZSBSZTMPBQR-UPHRSURJSA-N,C1CCC/C=C\CCCCCCCC(=O)CCC1,"clean, animal, sweet, dry, musk"
GJJSUPSPZIZYPM-UHFFFAOYSA-N,C1CCCCCC(=O)OCCOC(=O)CCCC1,"clean, animal, sweet, waxy, musk"
MRMOPGVGWFNHIN-UHFFFAOYSA-N,C1CCCCCOCCCCOC(=O)CCCC1,"sweet, waxy, woody, fruity, musk"
NUSRNVWNTPMBJA-VURMDHGXSA-N,CC1CCOC(=O)CCCCCCC/C=C\C1,
QILMAYXCYBTEDM-IWQZZHSRSA-N,C1CCC/C=C\CCCCCCOC(=O)CCC1,"fatty, warm, sweet, waxy, fruity, musk"
MZLRFHKWWCSGHB-UHFFFAOYSA-N,C1CCCCOCCCCCCOC(=O)CCC1,"oily, animal, sweet, floral, fruity, musk"
XSNQECSCDATQEL-UHFFFAOYSA-N,CC(CCCC(C)(C)O)C=C,"weedy, clean, herbal, citrus, floral, fresh"
IPWBXORAIBJDDQ-UHFFFAOYSA-N,CCCCCCC1C(CCC1=O)C(=O)OC,"jasmin, herbal, oily, floral, fresh, green"
DUNCVNHORHNONW-UHFFFAOYSA-N,CC(C)(CCCC(=C)C=C)O,"lavender, citrus, floral, fresh, woody"
KZZASWGRLOTITL-UHFFFAOYSA-N,CC(C)(CCC1CCCCC1)O,floral
FUNYLZYOEJSMTO-UHFFFAOYSA-N,CC1CCC(C(C1)C)C2=CC=CC=N2,
DRTBYQJIHFSKDT-UHFFFAOYSA-N,CC(CCCC1=CC=CC=C1)CO,
AKGGYBADQZYZPD-UHFFFAOYSA-N,CC(=O)CCC1=CC=CC=C1,"jasmine, balsamic, floral, fresh, green"
DLHQZZUEERVIGQ-UHFFFAOYSA-N,CCC(C)(CCCC(C)C)O,"lily, citrus, sweet, floral, fresh"
PRNCMAKCNVRZFX-UHFFFAOYSA-N,CC(C)CCCC(C)CCO,"soapy, musty, leathery, citrus, sweet, rose, green, waxy, aldehydic"
WPPOGHDFAVQKLN-UHFFFAOYSA-N,CCCCCCCCN1CCCC1=O,
DPVYDTACPLLHCF-UHFFFAOYSA-N,CC(C)(C)C(=O)OCCC1=CC=CC=C1,"geranium, spicy, floral, rose"
QQLIGMASAVJVON-UHFFFAOYSA-N,CC(=O)C1=CC=CC2=CC=CC=C21,"orangeflower, powdery, sweet, floral, orange"
OXYRENDGHPGWKV-UHFFFAOYSA-N,CC(CCC1=CC=CC=C1)CCO,"geranium, muguet, lily, honey, tropical, floral, rose, fresh, green"
RPLWLQJSZFPHGM-NSCUHMNNSA-N,C/C=C/CCCCCCCC#N,
DSOXXQLCMAEPEZ-ODYTWBPASA-N,CC/C=C\CC/C=C/C#N,"floral, green"
LLYJRIQMURUPPF-XQRVVYSFSA-N,CCC(C1CCCC/C=C\C1)O,
YZRXRLLRSPQHDK-UHFFFAOYSA-N,CCCCCCC1CCCC(=O)O1,"fatty, peach, coconut, waxy, fruity, creamy"
SAPMLSXAXRULJB-UHFFFAOYSA-N,CC(C)CCCC(C)CC#N,"metallic, fatty, lemon, citrus, aldehydic"
VDHRTASWKDTLER-ARJAWSKDSA-N,CC/C=C\CCCCO,"melon, green, mushroom, fruity"
XJHRZBIBSSVCEL-ARJAWSKDSA-N,CC/C=C\CCCCCO,"juicy, clean, cucumber, fatty, melon, fresh, green, waxy, fruity, vegetable"
KRLBLPBPZSSIGH-CSKARUKUSA-N,CC/C(=C/CCC(C)(C=C)O)/C,"bergamot, lavender, herbal, floral, fresh, green"
FMPXLXBVYDFXIC-UHFFFAOYSA-N,CC(C)OCCC1=CC=CC=C1,"spicy, metallic, rose, green"
MTDAKBBUYMYKAR-UHFFFAOYSA-N,CC(CCC=C(C)C)CC#N,"metallic, lemon, citrus, floral, fresh, waxy"
XPCSGXMQGQGBKU-UHFFFAOYSA-N,CCCCCCCCC(C)C#N,"lactonic, jasmin, peach, floral, fruity"
UIKJRDSCEYGECG-UHFFFAOYSA-N,CC(C)C(=O)OCC1=CC=CC=C1,"jasmin, juicy, powdery, tropical, oily, sweet, floral, rose, woody, fruity"
JIMGVOCOYZFDKB-UHFFFAOYSA-N,CC(C)CC(=O)OCCC1=CC=CC=C1,"apricot, balsamic, ripe, peach, pineapple, sweet, floral, rose, fruity, apple"
WXPWPYISTQCNDP-UHFFFAOYSA-N,C=CCCCCCCO,
GVONPEQEUQYVNH-SNAWJCMRSA-N,CC/C=C/CC1=C(C(=O)CC1)C,"lactonic, jasmine, herbal, spicy, fatty, sweet, floral, waxy, fruity, creamy"
QGFSQVPRCWJZQK-UHFFFAOYSA-N,C=CCCCCCCCCO,"clean, rose, fresh, waxy, aldehydic"
FHUODBDRWMIBQP-UHFFFAOYSA-N,CCOC(=O)C1=CC=C(C=C1)OC,"powdery, spicy, anisic, sweet, floral, fruity, cherry"
PRNJXUQTUSFYLV-NTCAYCPXSA-N,CC(=CCC/C(=C/CCC(C)(C=C)OC(=O)C)/C)C,"citrus, sweet, floral, fresh, waxy, woody"
YXVSKJDFNJFXAJ-UHFFFAOYSA-N,CC(C)(CCC1=CC=CC=C1)O,"clean, lily, herbal, violet, sweet, floral, rose, fresh, green"
TWXUTZNBHUWMKJ-UHFFFAOYSA-N,C=CCOC(=O)CCC1CCCCC1,"tropical, pineapple, sweet, waxy, fruity"
JTHVYOIHZNYRCC-UHFFFAOYSA-N,CCCCCCC1CCCC1=O,"jasmine, floral, green, fruity"
VZBFPIMCUSPDLS-UHFFFAOYSA-N,CCCCCCC(C)(CC)O,
VONGZNXBKCOUHB-UHFFFAOYSA-N,CCCC(=O)OCC1=CC=CC=C1,"jasmin, apricot, tropical, plum, pineapple, sweet, floral, fresh, waxy, fruity, apple"
MQBIZQLCHSZBOI-UHFFFAOYSA-N,CC(=CCCC1=CCC(CC1)C=O)C,"marine, citrus, floral, aldehydic"
VNWOJVJCRAHBJJ-UHFFFAOYSA-N,CCCCCC1CCCC1=O,"jasmin, herbal, oily, floral, coconut, rose, green"
LOQFOBUZYRBURV-UHFFFAOYSA-N,CCCCCC1C(CC(=O)O1)C,"lactonic, metallic, buttery, plum, floral, coconut, waxy"
VHOMAPWVLKRQAZ-UHFFFAOYSA-N,CCC(=O)OCC1=CC=CC=C1,"jasmin, jasmine, sweet, floral, banana, fruity"
AXORVIZLPOGIRG-UHFFFAOYSA-N,CC(CN)C1=CC=CC=C1,
SKQYTJLYRIFFCO-UHFFFAOYSA-N,CCCCCCCCCC1CCCC(=O)O1,"cheesy, fatty, milky, buttery, oily, dairy, sweet, waxy, creamy"
XPTXKXKPWKNYKB-UHFFFAOYSA-N,CCCCCCCC1CC=CC(=O)O1,"lactonic, fatty, buttery, dairy, coconut, waxy, creamy"
HETFMJQWNWIBPN-UHFFFAOYSA-N,CCCCCCCCC=CC#N,
STZUZYMKSMSTOU-UHFFFAOYSA-N,CCCCCC(CC)OC(=O)C,"minty, bergamot, herbal, fatty, anisic, mint, citrus, floral, rose, grapefruit, fresh, green, waxy, aldehydic, woody, apple"
SZMNDOUFZGODBR-UHFFFAOYSA-N,CCCCCC(CCCC)O,
PJXHBTZLHITWFX-UHFFFAOYSA-N,CCCCCCCC1CCCC1=O,"jasmin, tropical, oily, peach, fresh, fruity"
LMETVDMCIJNNKH-UHFFFAOYSA-N,CC(CCC=C(C)C)CCOCC=O,"muguet, melon, citrus, sweet, floral, rose, fresh, green, waxy, aldehydic"
KGWPHCDTOLQQEP-UHFFFAOYSA-N,CC1=C2C(=CC=C1)C=CN2,
FTXUQEKXCJSWMO-UHFFFAOYSA-N,C1CCCCOC(=O)CCC1,
ZWKNLRXFUTWSOY-QPJJXVBHSA-N,C1=CC=C(C=C1)/C=C/C#N,"spicy, cinnamon"
VXCUURYYWGCLIH-UHFFFAOYSA-N,CCCCCCCCCCCC#N,"spicy, metallic, citrus, dry"
MJTPMXWJHPOWGH-UHFFFAOYSA-N,CC(C)C(=O)OCCOC1=CC=CC=C1,"powdery, honey, tropical, sweet, floral, rose, green, waxy, fruity, apple"
YPKBCLZFIYBSHK-UHFFFAOYSA-N,CC1=CC2=C(C=C1)NC=C2,
GOMAKLPNAAZVCJ-UHFFFAOYSA-N,CCOC(=O)C1C(O1)C2=CC=CC=C2,"strawberry, berry, sweet, caramellic, fruity"
HFNGYHHRRMSKEU-UHFFFAOYSA-N,CC(=O)OCC1=CC=C(C=C1)OC,"powdery, balsamic, plum, sweet, floral, coumarinic, vanilla, fruity, cherry"
FQMZVFJYMPNUCT-YRNVUSSQSA-N,CC(=CCC/C(=C/COC=O)/C)C,"tropical, leafy, peach, floral, rose, fresh, green, fruity, apple"
HIGQPQRQIQDZMP-FLIBITNWSA-N,CC(=CCC/C(=C\COC(=O)C)/C)C,"soapy, tropical, pear, citrus, sweet, floral, rose, grapefruit, fruity"
PXRBWNLUQYZAAX-UHFFFAOYSA-N,CCCCC1CCCC(=O)O1,"fatty, milky, oily, sweet, coconut, coumarinic, creamy"
RZZLMGATMUAJPX-UHFFFAOYSA-N,CCCCCCCCC1CCCC(=O)O1,"musty, fatty, milky, buttery, oily, dairy, creamy"
BYCHQEILESTMQU-FMIVXFBMSA-N,CCC(=O)OC/C=C(\C)/CCC=C(C)C,"geranium, powdery, honey, tropical, grape, citrus, sweet, floral, rose, waxy, fruity, vegetable"
NTPLXRHDUXRPNE-UHFFFAOYSA-N,CC(=O)C1=CC=C(C=C1)OC,"hawthorn, powdery, balsamic, anisic, sweet, floral, vanilla, hay"
UCSIFMPORANABL-UHFFFAOYSA-N,CC(C)CCCC(C)CC=O,"lemon, citrus, fresh, green, aldehydic"
ZSBOMYJPSRFZAL-JLHYYAGUSA-N,CCCC(=O)OC/C=C(\C)/CCC=C(C)C,"raspberry, apricot, tropical, peach, sweet, rose, fresh, green, waxy, fruity"
BLRHMMGNCXNXJL-UHFFFAOYSA-N,CN1C=CC2=CC=CC=C21,
YNBADRVTZLEFNH-UHFFFAOYSA-N,COC(=O)C1=CN=CC=C1,"herbal, tobacco, warm, sweet"
MINYPECWDZURGR-UHFFFAOYSA-N,CC1=C(C(=C(C(=C1C)[N+](=O)[O-])C(C)(C)C)[N+](=O)[O-])C,"powdery, fatty, sweet, musk"
ZFGBKXBPHOUSJX-UHFFFAOYSA-N,CC1CC=CCCCCCCCCC(=O)C1,"powdery, fatty, anisic, animal, woody, musk"
YWVSYRJWCROMKO-UHFFFAOYSA-N,CC(C1CCCC(C1)(C)C)OC(=O)C,"geranium, floral, rose, fruity, musk"
CVKMFSAVYPAZTQ-UHFFFAOYSA-N,CCCCC(C)C(=O)O,"acidic, cheesy, fatty, chicken, oily, roasted, savory, fruity"
NZQMQVJXSRMTCJ-UHFFFAOYSA-N,CCCC(C)CC(=O)O,"cheesy, fruity, sour"
NTWSIWWJPQHFTO-AATRIKPKSA-N,CCC/C(=C/C(=O)O)/C,
RGRNSTGIHROKJB-UHFFFAOYSA-N,CCCC(C)(CC(=O)O)O,
NKBWMBRPILTCRD-UHFFFAOYSA-N,CCCCCC(C)C(=O)O,"cheesy, fatty, green, waxy, sour"
JZBCTZLGKSYRSF-UHFFFAOYSA-N,CCC1=NC=C(N=C1C)C,"musty, coffee, hazelnut, chocolate, burnt, nutty, roasted, caramellic, almond, cocoa"
CHCKBDDEJDVRSJ-UHFFFAOYSA-N,CCC(C)C1=C(C=CC=N1)OC,
ZBYPSGBBPAPHDG-UHFFFAOYSA-N,CC(C)CC1=C(C=CC=N1)OC,
FYGUSUBEMUKACF-UHFFFAOYSA-N,C1C2CC(C1C=C2)C(=O)O,"green, fruity"
LXXNWCFBZHKFPT-UHFFFAOYSA-N,CCOC(=O)C(C)S,"meaty, fruity, sulfurous"
XSAYZAUNJMRRIR-UHFFFAOYSA-N,CC(=O)C1=CC2=CC=CC=C2C=C1,"orangeflower, powdery, honey, sweet, floral, orange"
JLPUXFOGCDVKGO-TUAOUCFPSA-N,C[C@H]1CCC[C@@]2([C@@]1(CCCC2)O)C,"herbal, musty, earthy, fresh, green"
JDLKFOPOAOFWQN-UHFFFAOYSA-N,C=CCSS(=O)CC=C,
RTUMCNDCAVLXEP-UHFFFAOYSA-N,CC1=CC2=C(C=C1)C(CC=C2)(C)C,"gasoline, woody"
