InChIKey,SMILES,pathway,superclass,npc_class,coconut_name,in_coconut
XMGQYMWWDOXHJM-SNVBAGLBSA-N,CC1=CC[C@H](CC1)C(=C)C,Terpenoids,Monoterpenoids,Menthane monoterpenoids,(-)-Limonene,True
ULDHMXUKGWMISQ-VIFPVBQESA-N,CC1=CC[C@@H](CC1=O)C(=C)C,Terpenoids,Monoterpenoids,Menthane monoterpenoids,d-Carvone,True
NOOLISFMXDJSKH-AEJSXWLSSA-N,C[C@H]1CC[C@@H]([C@H](C1)O)C(C)C,Terpenoids,Monoterpenoids,Menthane monoterpenoids,(+)-Menthol,True
LRHPLDYGYMQRHN-UHFFFAOYSA-N,CCCCO,Fatty acids,Fatty acyls,Fatty alcohols,1-butanol,True
RWNUSVWFHDHRCJ-UHFFFAOYSA-N,CCCCOCC(C)O,Fatty acids,Fatty acyls,Fatty alcohols,1-Butoxy-2-propanol,True
LQZZUXJYWNFBMV-UHFFFAOYSA-N,CCCCCCCCCCCCO,Fatty acids,Fatty acyls,Fatty alcohols,1-DODECANOL,True
BDERNNFJNOPAEC-UHFFFAOYSA-N,CCCO,Fatty acids,Fatty acyls,Fatty alcohols,1-propanol,True
FJPGAMCQJNLTJC-UHFFFAOYSA-N,CCCCC(=O)C(=O)C,Fatty acids,Fatty acyls,Oxygenated hydrocarbons,"2,3-HEPTANEDIONE",True
LCZUOKDVTBMCMX-UHFFFAOYSA-N,CC1=CN=C(C=N1)C,Alkaloids,Tetramate alkaloids,Pyrazine and Piperazine alkaloids,"2,5-DIMETHYLPYRAZINE",True
QPRQEDXDYOZYLA-UHFFFAOYSA-N,CCC(C)CO,,,,,False
PFCHFHIRKBAQGU-UHFFFAOYSA-N,CCCC(=O)CC,Fatty acids,Fatty acyls,Oxygenated hydrocarbons,3-HEXANONE,True
AQIXEPGDORPWBJ-UHFFFAOYSA-N,CCC(CC)O,Fatty acids,Fatty acyls,Fatty alcohols,3-PENTANOL,True
GRWFGVWFFZKLTI-UHFFFAOYSA-N,CC1=CCC2CC1C2(C)C,,,,,False
LNIMMWYNSBZESE-UHFFFAOYSA-N,CCC1=NC=CN=C1C,Alkaloids,Tetramate alkaloids,Pyrazine and Piperazine alkaloids,2-ETHYL-3-METHYLPYRAZINE,True
WTARULDDTDQWMU-UHFFFAOYSA-N,CC1(C2CCC(=C)C1C2)C,,,,,False
QTBSBXVTEAMEQO-UHFFFAOYSA-N,CC(=O)O,Amino acids and Peptides,Small peptides,Aminoacids,acetic acid,True
FERIUCNNQQJTOY-UHFFFAOYSA-N,CCCC(=O)O,Fatty acids,Fatty Acids and Conjugates,Branched fatty acids,butyric acid,True
ZYGHJZDHTFUPRJ-UHFFFAOYSA-N,C1=CC=C2C(=C1)C=CC(=O)O2,Shikimates and Phenylpropanoids,Coumarins,Simple coumarins,coumarin,True
POULHZVOKOAJMA-UHFFFAOYSA-N,CCCCCCCCCCCC(=O)O,Fatty acids,Fatty Acids and Conjugates,Branched fatty acids,lauric acid,True
RGXWDWUGBIJHDO-UHFFFAOYSA-N,CCCCCCCCCC(=O)OCC,Fatty acids,Fatty esters,Wax monoesters,ETHYL DECANOATE,True
MMXKVMNBHPAILY-UHFFFAOYSA-N,CCCCCCCCCCCC(=O)OCC,Fatty acids,Fatty esters,Wax monoesters,Ethyl dodecanoate,True
XIRNKXNNONJFQO-UHFFFAOYSA-N,CCCCCCCCCCCCCCCC(=O)OCC,Fatty acids,Fatty esters,Wax monoesters,ETHYL PALMITATE,True
MVLVMROFTAUDAG-UHFFFAOYSA-N,CCCCCCCCCCCCCCCCCC(=O)OCC,Fatty acids,Fatty esters,Wax monoesters,ETHYL STEARATE,True
YYZUSRORWSJGET-UHFFFAOYSA-N,CCCCCCCC(=O)OCC,Fatty acids,Fatty esters,Wax monoesters,ETHYL OCTANOATE,True
MMKRHZKQPFCLLS-UHFFFAOYSA-N,CCCCCCCCCCCCCC(=O)OCC,Fatty acids,Fatty esters,Wax monoesters,Ethyl myristate,True
RRAFCDWBNXTKKO-UHFFFAOYSA-N,COC1=C(C=CC(=C1)CC=C)O,Shikimates and Phenylpropanoids,Phenylpropanoids (C6-C3),Cinnamic acids and derivatives,eugenol,True
CRDAMVZIKSXKFV-YFVJMOTDSA-N,CC(=CCC/C(=C/CC/C(=C/CO)/C)/C)C,Terpenoids,Sesquiterpenoids,Acyclic monoterpenoids,,True
GLZPCOQZEFWAFX-JXMROGBWSA-N,CC(=CCC/C(=C/CO)/C)C,Terpenoids,Monoterpenoids,Acyclic monoterpenoids,GERANIOL,True
HJFZAYHYIWGLNL-UHFFFAOYSA-N,CC1=CN=CC(=N1)C,Alkaloids,Tetramate alkaloids,Pyrazine and Piperazine alkaloids,"2,6-DIMETHYLPYRAZINE",True
GWYFCOCPABKNJV-UHFFFAOYSA-N,CC(C)CC(=O)O,,,,,False
JVTAAEKCZFNVCJ-UHFFFAOYSA-N,CC(C(=O)O)O,,,,,False
SDQFDHOLCGWZPU-UHFFFAOYSA-N,CC(CC1=CC=C(C=C1)C(C)(C)C)C=O,,,,80-54-6,True
CDOSHBSSFJOMGT-UHFFFAOYSA-N,CC(=CCCC(C)(C=C)O)C,,,,,False
ORMHZBNNECIKOH-UHFFFAOYSA-N,CC(C)(CCCC1=CCC(CC1)C=O)O,,,,,False
DRLFMBDRBRZALE-UHFFFAOYSA-N,CC(=O)NCCC1=CNC2=C1C=C(C=C2)OC,Alkaloids,Tryptophan alkaloids,Simple indole alkaloids,Melatonin,True
UQDUPQYQJKYHQI-UHFFFAOYSA-N,CCCCCCCCCCCC(=O)OC,Fatty acids,Fatty esters,Wax monoesters,Methyl laurate,True
FLIACVVOZYBSBS-UHFFFAOYSA-N,CCCCCCCCCCCCCCCC(=O)OC,Fatty acids,Fatty esters,Wax monoesters,METHYL PALMITATE,True
HPEUJPJOZXNMSJ-UHFFFAOYSA-N,CCCCCCCCCCCCCCCCCC(=O)OC,Fatty acids,Fatty esters,Wax monoesters,METHYL STEARATE,True
JGHZJRVDZXSNKQ-UHFFFAOYSA-N,CCCCCCCC(=O)OC,Fatty acids,Fatty esters,Wax monoesters,Methyl octanoate,True
ZAZKJZBWRNNLDS-UHFFFAOYSA-N,CCCCCCCCCCCCCC(=O)OC,Fatty acids,Fatty esters,Wax monoesters,Methyl tetradecanoate,True
IVSZLXZYQVIEFR-UHFFFAOYSA-N,CC1=CC(=CC=C1)C,,,,M-XYLENE,True
GYHFUZHODSMOHU-UHFFFAOYSA-N,CCCCCCCCC=O,Fatty acids,Fatty acyls,Fatty aldehydes,NONANAL,True
ALHUZKCOMYUFRB-UHFFFAOYSA-N,CC1CCCCCCCCCCCCC(=O)C1,,,,,False
QIQXTHQIDYTFRH-UHFFFAOYSA-N,CCCCCCCCCCCCCCCCCC(=O)O,Fatty acids,Fatty Acids and Conjugates,Unsaturated fatty acids,stearic acid,True
NUJGJRNETVAIRJ-UHFFFAOYSA-N,CCCCCCCC=O,Fatty acids,Fatty acyls,Fatty aldehydes,Octanal,True
IPCSVZSSVZVIGE-UHFFFAOYSA-N,CCCCCCCCCCCCCCCC(=O)O,Fatty acids,Fatty Acids and Conjugates,Branched fatty acids,palmitic acid,True
ZRSNZINYAWTAHE-UHFFFAOYSA-N,COC1=CC=C(C=C1)C=O,Shikimates and Phenylpropanoids,Phenolic acids (C6-C1),Simple phenolic acids,4-Methoxybenzaldehyde,True
HFPZCAJZSCWRBC-UHFFFAOYSA-N,CC1=CC=C(C=C1)C(C)C,Terpenoids,Monoterpenoids,Menthane monoterpenoids,P-CYMENE,True
WQEPLUUGTLDZJY-UHFFFAOYSA-N,CCCCCCCCCCCCCCC(=O)O,Fatty acids,Fatty Acids and Conjugates,Branched fatty acids,PENTADECANOIC ACID,True
XBDQKXXYIPTUBI-UHFFFAOYSA-N,CCC(=O)O,Fatty acids,Fatty Acids and Conjugates,Branched fatty acids,propionic acid,True
UNYNVICDCJHOPO-UHFFFAOYSA-N,CC1C(=C(C(=O)O1)O)C,,,,,False
TUNFSRHWOTWDNC-UHFFFAOYSA-N,CCCCCCCCCCCCCC(=O)O,Fatty acids,Fatty Acids and Conjugates,Branched fatty acids,Tetradecanoic acid,True
KMPQYAYAQWNLME-UHFFFAOYSA-N,CCCCCCCCCCC=O,Fatty acids,Fatty acyls,Fatty aldehydes,UNDECANAL,True
MWOOGOJBHIARFG-UHFFFAOYSA-N,COC1=C(C=CC(=C1)C=O)O,Shikimates and Phenylpropanoids,Phenolic acids (C6-C1),Cinnamic acids and derivatives,vanillin,True
FYGHSUNMUKGBRK-UHFFFAOYSA-N,CC1=C(C(=CC=C1)C)C,,,,"1,2,3-TRIMETHYLBENZENE",True
KBPLFHHGFOOTCA-UHFFFAOYSA-N,CCCCCCCCO,Fatty acids,Fatty acyls,Fatty alcohols,1-octanol,True
YZEFQPIMXZVPKP-UHFFFAOYSA-N,CC1CCC2=NC=CN=C12,,,,,False
MNWFXJYAOYHMED-UHFFFAOYSA-N,CCCCCCC(=O)O,Fatty acids,Fatty Acids and Conjugates,Branched fatty acids,HEPTANOIC ACID,True
FUZZWVXGSFPDMH-UHFFFAOYSA-N,CCCCCC(=O)O,Fatty acids,Fatty Acids and Conjugates,Branched fatty acids,HEXANOIC ACID,True
KANZWHBYRHQMKZ-UHFFFAOYSA-N,C=CC1=NC=CN=C1,Alkaloids,Tetramate alkaloids,Pyrazine and Piperazine alkaloids,2-Vinylpyrazine,True
YRHYCMZPEVDGFQ-UHFFFAOYSA-N,CCCCCCCCCC(=O)OC,Fatty acids,Fatty esters,Wax monoesters,METHYL DECANOATE,True
WWZKQHOCKIZLMA-UHFFFAOYSA-N,CCCCCCCC(=O)O,Fatty acids,Fatty Acids and Conjugates,Branched fatty acids,octanoic acid,True
OXQOBQJCDNLAPO-UHFFFAOYSA-N,CC1=NC=CN=C1C,Alkaloids,Tetramate alkaloids,Pyrazine and Piperazine alkaloids,"2,3-DIMETHYLPYRAZINE",True
WKSXRWSOSLGSTN-UHFFFAOYSA-N,COC1=NC=CN=C1,Alkaloids,Nicotinic acid alkaloids,Pyrazine and Piperazine alkaloids,2-Methoxypyrazine,True
DBZAKQWXICEWNW-UHFFFAOYSA-N,CC(=O)C1=NC=CN=C1,Alkaloids,Nicotinic acid alkaloids,Pyrazine and Piperazine alkaloids,Acetylpyrazine,True
CAWHJQAVHZEVTJ-UHFFFAOYSA-N,CC1=NC=CN=C1,Alkaloids,Tetramate alkaloids,Pyrazine and Piperazine alkaloids,2-METHYLPYRAZINE,True
QMQDJVIJVPEQHE-UHFFFAOYSA-N,CCC(C)C1=NC=CN=C1OC,,,,,False
CIBKSMZEVHTQLG-UHFFFAOYSA-N,CCC1=CN=C(C(=N1)C)C,Alkaloids,Tetramate alkaloids,Pyrazine and Piperazine alkaloids,"5-Ethyl-2,3-dimethylpyrazine",True
PSINWXIDJYEXLO-UHFFFAOYSA-N,CCC1=NC=C(N=C1CC)C,Alkaloids,Tetramate alkaloids,Pyrazine and Piperazine alkaloids,"2,3-DIETHYL-5-METHYLPYRAZINE",True
ZYEMGPIYFIJGTP-UHFFFAOYSA-N,COC1=C(C=C(C=C1)CC=C)OC,Shikimates and Phenylpropanoids,Phenylpropanoids (C6-C3),Cinnamic acids and derivatives,METHYLEUGENOL,True
GZXXANJCCWGCSV-UHFFFAOYSA-N,CCC1=NC=CN=C1CC,Alkaloids,Tetramate alkaloids,Pyrazine and Piperazine alkaloids,"2,3-DIETHYLPYRAZINE",True
DPCILIMHENXHQX-UHFFFAOYSA-N,CCC1=NC=CN=C1OC,Alkaloids,Tetramate alkaloids,Pyrazine and Piperazine alkaloids,2-ETHYL-3-METHOXYPYRAZINE,True
YTZKOQUCBOVLHL-UHFFFAOYSA-N,CC(C)(C)C1=CC=CC=C1,,,,tert-Butylbenzene,True
MYHGOWDLVRDUFA-UHFFFAOYSA-N,CC(CC=O)C1=CC=CC=C1,,,,3-Phenylbutyraldehyde,True
GLZPCOQZEFWAFX-YFHOEESVSA-N,CC(=CCC/C(=C\CO)/C)C,Terpenoids,Monoterpenoids,Acyclic monoterpenoids,nerol,True
FKUPPRZPSYCDRS-UHFFFAOYSA-N,C1CCCCCCCOC(=O)CCCCCC1,Fatty acids,Fatty esters,Lactones,Oxacyclohexadecan-2-one,True
KHLFMZDGADSQGR-ACCUITESSA-N,C1CCCCCCOC(=O)/C=C/CCCCC1,,,,,False
PGMYKACGEOXYJE-UHFFFAOYSA-N,CCCCCOC(=O)C,Fatty acids,Fatty esters,Wax monoesters,Amyl acetate,True
JHIVVAPYMSGYDF-UHFFFAOYSA-N,C1CCC(=O)CC1,,,,CYCLOHEXANONE,True
CATSNJVOTSVZJV-UHFFFAOYSA-N,CCCCCC(=O)C,Fatty acids,Fatty acyls,Oxygenated hydrocarbons,2-HEPTANONE,True
KWOLFJPFCHCOCG-UHFFFAOYSA-N,CC(=O)C1=CC=CC=C1,Shikimates and Phenylpropanoids,,,ACETOPHENONE,True
AIVVNNYXOSPRCW-UHFFFAOYSA-N,CC1C(=NC(S1)C)C,,,,,False
XMWRWTSZNLOZFN-UHFFFAOYSA-N,CC1=C(C(=C(C(=C1[N+](=O)[O-])C(C)(C)C)[N+](=O)[O-])C)[N+](=O)[O-],,,,Musk xylene,True
NOOLISFMXDJSKH-KXUCPTDWSA-N,C[C@@H]1CC[C@H]([C@@H](C1)O)C(C)C,Terpenoids,Monoterpenoids,Menthane monoterpenoids,l-Menthol,True
ZWEHNKRNPOVVGH-UHFFFAOYSA-N,CCC(=O)C,Fatty acids,Fatty acyls,Oxygenated hydrocarbons,2-Butanone,True
MMFCJPPRCYDLLZ-CMDGGOBGSA-N,CCCCCCC/C=C/C=O,Fatty acids,Fatty acyls,Fatty aldehydes,,True
KIPCKEJKGCXRGA-UHFFFAOYSA-N,CCC1(C(C2CCC1(C2)C)(C)C)O,Terpenoids,Monoterpenoids,Camphane monoterpenoids,2-Ethylfenchol,True
PETRWTHZSKVLRE-UHFFFAOYSA-N,CC1=CC(=C(C=C1)O)OC,,,,2-METHOXY-4-METHYLPHENOL,True
FGKJLKRYENPLQH-UHFFFAOYSA-N,CC(C)CCC(=O)O,Fatty acids,Fatty Acids and Conjugates,Branched fatty acids,4-Methylvaleric acid,True
HFVMLYAGWXSTQI-QYXZOKGRSA-N,C[C@]12CC[C@H]3[C@H]([C@@H]1CC=C2)CC[C@@H]4[C@@]3(CCC(=O)C4)C,,,,,False
FZJUFJKVIYFBSY-UHFFFAOYSA-N,CC(C)(C)C1=CC=C(C=C1)CCC=O,,,,,False
DKPFZGUDAPQIHT-UHFFFAOYSA-N,CCCCOC(=O)C,Fatty acids,Fatty esters,Wax monoesters,Butyl acetate,True
WEEGYLXZBRQIMU-UHFFFAOYSA-N,CC1(C2CCC(O1)(CC2)C)C,,,,,False
UFLHIIWVXFIJGU-ARJAWSKDSA-N,CC/C=C\CCO,Fatty acids,Fatty acyls,Fatty alcohols,,True
WTEVQBCEXWBHNA-JXMROGBWSA-N,CC(=CCC/C(=C/C=O)/C)C,Terpenoids,Monoterpenoids,Acyclic monoterpenoids,Citral,True
KSMVZQYAVGTKIV-UHFFFAOYSA-N,CCCCCCCCCC=O,Fatty acids,Fatty acyls,Fatty aldehydes,Decanal,True
QSJXEFYPDANLFS-UHFFFAOYSA-N,CC(=O)C(=O)C,Fatty acids,Fatty acyls,Oxygenated hydrocarbons,"2,3-butanedione",True
UBJVUCKUDDKUJF-UHFFFAOYSA-N,C=CCSCC=C,,,,DIALLYL SULFIDE,True
USIUVYZYUHIAEV-UHFFFAOYSA-N,C1=CC=C(C=C1)OC2=CC=CC=C2,Shikimates and Phenylpropanoids,,,DIPHENYL ETHER,True
XRHCAGNSDHCHFJ-UHFFFAOYSA-N,C1CCCCCC(=O)OCCOC(=O)CCCCC1,Fatty acids,Fatty esters,Lactones,Ethylene brassylate,True
SCCDQYPEOIRVGX-UHFFFAOYSA-N,CC(=O)OC1=C(C=C(C=C1)CC=C)OC,Shikimates and Phenylpropanoids,Phenylpropanoids (C6-C3),Cinnamic acids and derivatives,Eugenol acetate,True
LHXDLQBQYFFVNW-OIBJUYFYSA-N,C[C@@]12CC[C@@H](C1)C(C2=O)(C)C,Terpenoids,Monoterpenoids,Fenchane monoterpenoids, EINECS 232-107-5,True
HNDHDMOSWUAEAW-VMXHOPILSA-N,C[C@]12CC[C@H]3[C@H]([C@@H]1CC=C2)CCC4=CC(=O)CC[C@]34C,,,,,False
HIGQPQRQIQDZMP-DHZHZOJOSA-N,CC(=CCC/C(=C/COC(=O)C)/C)C,Terpenoids,Monoterpenoids,Acyclic monoterpenoids,GERANYL ACETATE,True
LHGVFZTZFXWLCP-UHFFFAOYSA-N,COC1=CC=CC=C1O,Shikimates and Phenylpropanoids,Phenylpropanoids (C6-C3),,guaiacol,True
ZCZSIDMEHXZRLG-UHFFFAOYSA-N,CCCCCCCOC(=O)C,Fatty acids,Fatty esters,Wax monoesters,Heptyl acetate,True
XAPCMTMQBXLDBB-UHFFFAOYSA-N,CCCCCCOC(=O)CCC,Fatty acids,Fatty esters,Wax monoesters,HEXYL BUTYRATE,True
KGEKLUUHTZCSIP-JFGNBEQYSA-N,CC(=O)O[C@H]1C[C@H]2CC[C@]1(C2(C)C)C,Terpenoids,Monoterpenoids,Camphane monoterpenoids,Isobornyl acetate,True
AMIMRNSIRUDHCM-UHFFFAOYSA-N,CC(C)C=O,Fatty acids,Fatty acyls,Fatty aldehydes,ISOBUTYRALDEHYDE,True
KQNPFQTWMSNSAP-UHFFFAOYSA-N,CC(C)C(=O)O,Fatty acids,Fatty Acids and Conjugates,Branched fatty acids,ISOBUTYRIC ACID,True
BJIOGJUNALELMI-ONEGZZNKSA-N,C/C=C/C1=CC(=C(C=C1)O)OC,Shikimates and Phenylpropanoids,Phenylpropanoids (C6-C3),Cinnamic acids and derivatives,,True
LSDPWZHWYPCBBB-UHFFFAOYSA-N,CS,,,,methanethiol,True
OSWPMRLSEDHDFF-UHFFFAOYSA-N,COC(=O)C1=CC=CC=C1O,Shikimates and Phenylpropanoids,Phenolic acids (C6-C1),Simple phenolic acids,methyl salicylate,True
YLYBTZIQSIBWLI-UHFFFAOYSA-N,CCCCCCCCOC(=O)C,Fatty acids,Fatty esters,Wax monoesters,Octyl acetate,True
DTUQWGWMVIHBKE-UHFFFAOYSA-N,C1=CC=C(C=C1)CC=O,Shikimates and Phenylpropanoids,Phenylpropanoids (C6-C3),Cinnamic acids and derivatives,phenylacetaldehyde,True
KYQCOXFCLRTKLS-UHFFFAOYSA-N,C1=CN=CC=N1,Alkaloids,Tetramate alkaloids,Pyrazine and Piperazine alkaloids,PYRAZINE,True
WUOACPNHFRMFPN-UHFFFAOYSA-N,CC1=CCC(CC1)C(C)(C)O,,,,,False
IGODOXYLBBXFDW-UHFFFAOYSA-N,CC1=CCC(CC1)C(C)(C)OC(=O)C,,,,,False
QPJVMBTYPHYUOC-UHFFFAOYSA-N,COC(=O)C1=CC=CC=C1,Shikimates and Phenylpropanoids,Phenolic acids (C6-C1),Simple phenolic acids,METHYL BENZOATE,True
RMBFBMJGBANMMK-UHFFFAOYSA-N,CC1=C(C=C(C=C1)[N+](=O)[O-])[N+](=O)[O-],,,,,False
ONKNPOPIGWHAQC-UHFFFAOYSA-N,CC1COCC2=CC3=C(C=C12)C(C(C3(C)C)C)(C)C,,,,,False
CIEKNJJOENYFQL-UHFFFAOYSA-N,CC1C(SC(=N1)C)C,,,,,False
IAEGWXHKWJGQAZ-UHFFFAOYSA-N,CC1=CN=C(C(=N1)C)C,Alkaloids,Tetramate alkaloids,Pyrazine and Piperazine alkaloids,"2,3,5-Trimethylpyrazine",True
NTOPKICPEQUPPH-UHFFFAOYSA-N,CC(C)C1=NC=CN=C1OC,Alkaloids,Tetramate alkaloids,Pyrazine and Piperazine alkaloids,2-ISOPROPYL-3-METHOXYPYRAZINE,True
UXFSPRAGHGMRSQ-UHFFFAOYSA-N,CC(C)CC1=NC=CN=C1OC,Alkaloids,Tetramate alkaloids,Pyrazine and Piperazine alkaloids,2-ISOBUTYL-3-METHOXYPYRAZINE,True
NQPDZGIKBAWPEJ-UHFFFAOYSA-N,CCCCC(=O)O,Fatty acids,Fatty Acids and Conjugates,Branched fatty acids,Valeric acid,True
BSAIUMLZVGUGKX-BQYQJAHWSA-N,CCCCCC/C=C/C=O,Fatty acids,Fatty acyls,Fatty aldehydes,,True
JLIDVCMBCGBIEY-UHFFFAOYSA-N,CCC(=O)C=C,Fatty acids,Fatty acyls,Oxygenated hydrocarbons,ETHYL VINYL KETONE,True
INAXVXBDKKUCGI-UHFFFAOYSA-N,CC1C(=O)C(=C(O1)C)O,,,,,False
CLUWOWRTHNNBBU-UHFFFAOYSA-N,CSCCC=O,Fatty acids,Fatty acyls,Fatty aldehydes,3-(Methylthio)propionaldehyde,True
GETQZCLCWQTVFV-UHFFFAOYSA-N,CN(C)C,,,,trimethylamine,True
WXCMHFPAUCOJIG-UHFFFAOYSA-N,CC1=C(C(=C(C(=C1[N+](=O)[O-])C(C)(C)C)[N+](=O)[O-])C)C(=O)C,,,,MUSK KETONE,True
SIMKGHMLPVDSJE-UHFFFAOYSA-N,CC1C(=O)C(=C(O1)C)OC,,,,,False
PPJSYGVFDJEMRP-UHFFFAOYSA-N,CCC1=NC=CN=C1C(=O)C,Alkaloids,Tetramate alkaloids,Pyrazine and Piperazine alkaloids,2-Acetyl-3-ethylpyrazine,True
KVFIJIWMDBAGDP-UHFFFAOYSA-N,CCC1=NC=CN=C1,Alkaloids,Tetramate alkaloids,Pyrazine and Piperazine alkaloids,2-ETHYLPYRAZINE,True
WTOYNNBCKUYIKC-JMSVASOKSA-N,C[C@@H]1CC(=O)C=C2[C@]1(C[C@@H](CC2)C(=C)C)C,Terpenoids,Sesquiterpenoids,Eremophilane sesquiterpenoids,NOOTKATONE,True
BOPPSUHPZARXTH-UHFFFAOYSA-N,CC(CC1=CC2=C(C=C1)OCO2)C=O,,,,,False
BAVONGHXFVOKBV-UHFFFAOYSA-N,CC1=CCC(CC1O)C(=C)C,,,,,False
GJWSUKYXUMVMGX-UHFFFAOYSA-N,CC(CCC=C(C)C)CC(=O)O,,,,,False
NFLGAXVYCFJBMK-BDAKNGLRSA-N,C[C@@H]1CC[C@H](C(=O)C1)C(C)C,Terpenoids,Monoterpenoids,Menthane monoterpenoids,(-)-Menthone,True
ZWRUINPWMLAQRD-UHFFFAOYSA-N,CCCCCCCCCO,Fatty acids,Fatty acyls,Fatty alcohols,Nonan-1-ol,True
YTHRBOFHFYZBRJ-JHJMLUEUSA-N,CC1=CC[C@H](CC1OC(=O)C)C(=C)C,,,,,False
FBUKVWPVBMHYJY-UHFFFAOYSA-N,CCCCCCCCC(=O)O,Fatty acids,Fatty Acids and Conjugates,Branched fatty acids,NONANOIC ACID,True
VSMOENVRRABVKN-UHFFFAOYSA-N,CCCCCC(C=C)O,,,,,False
CZUGFKJYCPYHHV-UHFFFAOYSA-N,CSCCCO,Fatty acids,Fatty acyls,Fatty alcohols,Methionol,True
KFUSEUYYWQURPO-UHFFFAOYSA-N,C(=CCl)Cl,,,,,False
WPFVBOQKRVRMJB-UHFFFAOYSA-N,CC(CCCC(C)(C)O)CC=O,,,,,False
DNRJTBAOUJJKDY-UHFFFAOYSA-N,CC1CC(C2=C(C1(C)C)C=C(C(=C2)C(=O)C)C)(C)C,,,,,False
IKTHMQYJOWTSJO-UHFFFAOYSA-N,CC(=O)C1=C2CCC(C2=CC(=C1)C(C)(C)C)(C)C,Terpenoids,Sesquiterpenoids,Botryane sesquiterpenoids,CELESTOLIDE,True
MIZGSAALSYARKU-UHFFFAOYSA-N,CC1C(C2=C(C1(C)C)C(=O)CCC2)(C)C,,,,,False
WTEVQBCEXWBHNA-UHFFFAOYSA-N,CC(=CCCC(=CC=O)C)C,,,,,False
QMVPMAAFGQKVCJ-SNVBAGLBSA-N,C[C@H](CCC=C(C)C)CCO,Terpenoids,Monoterpenoids,Acyclic monoterpenoids,D-Citronellol,True
HLCSDJLATUNSSI-JXMROGBWSA-N,CC(=CCC/C(=C/C#N)/C)C,Terpenoids,Monoterpenoids,Acyclic monoterpenoids,,True
QUNOTZOHYZZWKQ-UHFFFAOYSA-N,CC1=NC=CN=C1C(=O)C,Alkaloids,Tetramate alkaloids,Pyrazine and Piperazine alkaloids,2-ACETYL-3-METHYLPYRAZINE,True
WNLRTRBMVRJNCN-UHFFFAOYSA-N,C(CCC(=O)O)CC(=O)O,Fatty acids,Fatty Acids and Conjugates,Dicarboxylic acids,adipic acid,True
KDYFGRWQOYBRFD-UHFFFAOYSA-N,C(CC(=O)O)C(=O)O,Fatty acids,Fatty Acids and Conjugates,Dicarboxylic acids,succinic acid,True
NJGBTKGETPDVIK-UHFFFAOYSA-N,CC(=O)CCC1=CC=C(C=C1)O,Shikimates and Phenylpropanoids,,,4-(4-Hydroxyphenyl)-2-butanone,True
WQAQPCDUOCURKW-UHFFFAOYSA-N,CCCCS,Fatty acids,Fatty acyls,Hydrocarbons,1-Butanethiol,True
ZSIAUFGUXNUGDI-UHFFFAOYSA-N,CCCCCCO,Fatty acids,Fatty acyls,Fatty alcohols,1-Hexanol,True
BBMCTIGTTCKYKF-UHFFFAOYSA-N,CCCCCCCO,Fatty acids,Fatty acyls,Fatty alcohols,1-HEPTANOL,True
AMQJEAYHLZJPGS-UHFFFAOYSA-N,CCCCCO,Fatty acids,Fatty acyls,Fatty alcohols,1-Pentanol,True
GTGTXZRPJHDASG-UHFFFAOYSA-N,CCCCCCC(C(=O)O)Br,,,,,False
HZTPKMIMXLTOSK-UHFFFAOYSA-N,CCCCC(C(=O)O)Br,,,,,False
JARKCYVAAOWBJS-UHFFFAOYSA-N,CCCCCC=O,Fatty acids,Fatty acyls,Fatty aldehydes,HEXANAL,True
WLJVXDMOQOGPHL-UHFFFAOYSA-M,C1=CC=C(C=C1)CC(=O)[O-],,,,,False
RFFOTVCVTJUTAD-UHFFFAOYSA-N,CC(C)C12CCC(O1)(CC2)C,,,,,False
FTZILAQGHINQQR-UHFFFAOYSA-N,CCCC(C)C=O,,,,,False
WMFATTFQNRPXBQ-UHFFFAOYSA-N,CCCC(C(=O)O)Br,,,,,False
ULDHMXUKGWMISQ-SECBINFHSA-N,CC1=CC[C@H](CC1=O)C(=C)C,Terpenoids,Monoterpenoids,Menthane monoterpenoids,(-)-Carvone,True
ZSKAJFSSXURRGL-PKNBQFBNSA-N,CC(=CCC/C(=C/C(OC)OC)/C)C,Terpenoids,Monoterpenoids,Acyclic monoterpenoids,,True
RDOXTESZEPMUJZ-UHFFFAOYSA-N,COC1=CC=CC=C1,Shikimates and Phenylpropanoids,,,ANISOLE,True
MLFHJEHSLIIPHL-UHFFFAOYSA-N,CC(C)CCOC(=O)C,Fatty acids,Fatty esters,Wax monoesters,ISOAMYL ACETATE,True
QMVPMAAFGQKVCJ-JTQLQIEISA-N,C[C@@H](CCC=C(C)C)CCO,Terpenoids,Monoterpenoids,Acyclic monoterpenoids,7540-51-4,True
RWRDLPDLKQPQOW-UHFFFAOYSA-N,C1CCNC1,Alkaloids,Lysine alkaloids,,PYRROLIDINE,True
NEHNMFOYXAPHSD-SNVBAGLBSA-N,C[C@H](CCC=C(C)C)CC=O,Terpenoids,Monoterpenoids,Acyclic monoterpenoids,(R)-(+)-Citronellal,True
YAQLSKVCTLCIIE-UHFFFAOYSA-N,CCC(C(=O)O)Br,,,,,False
WLAMNBDJUVNPJU-UHFFFAOYSA-N,CCC(C)C(=O)O,,,,,False
POIARNZEYGURDG-FNORWQNLSA-N,C/C=C/C(=O)C1=C(C=CCC1(C)C)C,Terpenoids,Apocarotenoids,Apocarotenoids (β-),,True
JZQKTMZYLHNFPL-BLHCBFLLSA-N,CCCCC/C=C/C=C/C=O,Fatty acids,Fatty acyls,Fatty aldehydes,,True
HZYHMHHBBBSGHB-ODYTWBPASA-N,CC/C=C\CC/C=C/C=O,Fatty acids,Fatty acyls,Fatty aldehydes,,True
UZFLPKAIBPNNCA-BQYQJAHWSA-N,CC1=CCCC(C1/C=C/C(=O)C)(C)C,Terpenoids,Apocarotenoids,Apocarotenoids(ε-),,True
HZYHMHHBBBSGHB-KPDBFRNYSA-N,CC/C=C\CC/C=C\C=O,Fatty acids,Fatty acyls,Fatty aldehydes,,True
CWRKZMLUDFBPAO-SREVYHEPSA-N,CCCCC/C=C\CCC=O,Fatty acids,Fatty acyls,Fatty aldehydes,,True
UZFFFFWQKMPLAC-ARJAWSKDSA-N,CC/C=C\CCCCCC=O,,,,,False
BGTBFNDXYDYBEY-FNORWQNLSA-N,C/C=C/C(=O)C1=C(CCCC1(C)C)C,Terpenoids,Apocarotenoids,Apocarotenoids (β-),,True
KMRMUZKLFIEVAO-IUCAKERBSA-N,CC1([C@H]2CC=C([C@@H]1C2)C=O)C,Terpenoids,Monoterpenoids,Pinane monoterpenoids,(-)-Myrtenal,True
FQTLCLSUCSAZDY-SDNWHVSQSA-N,CC(=CCC/C(=C/CCC(C)(C=C)O)/C)C,Terpenoids,Sesquiterpenoids,Acyclic monoterpenoids,,True
PSQYTAPXSHCGMF-BQYQJAHWSA-N,CC1=C(C(CCC1)(C)C)/C=C/C(=O)C,Terpenoids,Apocarotenoids,Apocarotenoids (β-),,True
HIGQPQRQIQDZMP-UHFFFAOYSA-N,CC(=CCCC(=CCOC(=O)C)C)C,,,,,False
CWRKZMLUDFBPAO-VOTSOKGWSA-N,CCCCC/C=C/CCC=O,,,,,False
QKTZBZWNADPFOL-BNFZFUHLSA-N,CCCCCCC/C=C/C=C/C=O,Fatty acids,Fatty acyls,Fatty aldehydes,,True
ZHHYXNZJDGDGPJ-BSWSSELBSA-N,CCCC/C=C/C=C/C=O,Fatty acids,Fatty acyls,Fatty aldehydes,,True
CXENHBSYCFFKJS-VDQVFBMKSA-N,CC(=CCC/C(=C/C/C=C(\C)/C=C)/C)C,Terpenoids,Sesquiterpenoids,Farnesane sesquiterpenoids,alpha-Farnesene,True
GHVNFZFCNZKVNT-UHFFFAOYSA-N,CCCCCCCCCC(=O)O,Fatty acids,Fatty Acids and Conjugates,Branched fatty acids,Decanoic acid,True
BDJRBEYXGGNYIS-UHFFFAOYSA-N,C(CCCC(=O)O)CCCC(=O)O,Fatty acids,Fatty Acids and Conjugates,Dicarboxylic acids,azelaic acid,True
KLTVSWGXIAYTHO-UHFFFAOYSA-N,CCCCCC(=O)C=C,Fatty acids,Fatty acyls,Oxygenated hydrocarbons,1-OCTEN-3-ONE,True
FXHGMKSSBGDXIY-UHFFFAOYSA-N,CCCCCCC=O,Fatty acids,Fatty acyls,Fatty aldehydes,Heptanal,True
XUPYJHCZDLZNFP-UHFFFAOYSA-N,CCCCOC(=O)CCC,Fatty acids,Fatty esters,Wax monoesters,Butyl butyrate,True
XNLICIUVMPYHGG-UHFFFAOYSA-N,CCCC(=O)C,Fatty acids,Fatty acyls,Oxygenated hydrocarbons,2-Pentanone,True
HGBOYTHUEUWSSQ-UHFFFAOYSA-N,CCCCC=O,Fatty acids,Fatty acyls,Fatty aldehydes,Valeraldehyde,True
LSTSBZKIQFOPHA-UHFFFAOYSA-N,CCC(=O)OCC(C)(C)OC(C)C1CCCC(C1)(C)C,,,,,False
SRONXYPFSAKOGH-UHFFFAOYSA-N,C1CCCCCCCCCCCCCC1,Fatty acids,Fatty esters,Lactones,Cyclopentadecane,True
FFVHXGZXDRXFLQ-UHFFFAOYSA-N,C1CCCCCCCC(CCCCCC1)O,Fatty acids,Fatty esters,Lactones,Cyclopentadecanol,True
,CCCCCC(C(C)CO)S,,,,,False
SXOZDDAFVJANJP-UHFFFAOYSA-N,C1CCCCC(=O)CCCC1,,,,,False
UPOSSYJVWXLPTA-UHFFFAOYSA-N,C1CCCCCC(=O)CCCC1,,,,,False
CJPNOLIZCWDHJK-UHFFFAOYSA-N,CCCCCCCCCCCCCC(=O)C,Fatty acids,Fatty acyls,Oxygenated hydrocarbons,2-PENTADECANONE,True
PQYGSSYFJIJDFK-UHFFFAOYSA-N,CCCCCCCC(=O)CCCCCCC,Fatty acids,Fatty acyls,Oxygenated hydrocarbons,8-PENTADECANONE,True
HABNNYNSJFKZFE-UHFFFAOYSA-N,CCC(C(C)CO)S,Fatty acids,Fatty acyls,Fatty alcohols,227456-27-1,True
ALHUZKCOMYUFRB-OAHLLOKOSA-N,C[C@@H]1CCCCCCCCCCCCC(=O)C1,Fatty acids,Fatty esters,Lactones,10403-00-6,True
ALHUZKCOMYUFRB-HNNXBMFYSA-N,C[C@H]1CCCCCCCCCCCCC(=O)C1,Fatty acids,Fatty esters,Lactones,"Cyclopentadecanone, 3-methyl-, (3S)-",True
HUIYGGQINIVDNW-UHFFFAOYSA-N,CCCCOC(=O)C1=CC=CC=C1N,Shikimates and Phenylpropanoids,Phenolic acids (C6-C1),Shikimic acids and derivatives,BUTYL ANTHRANILATE,True
KJPRLNWUNMBNBZ-QPJJXVBHSA-N,C1=CC=C(C=C1)/C=C/C=O,Shikimates and Phenylpropanoids,Phenylpropanoids (C6-C3),Cinnamic acids and derivatives,,True
CFNJLPHOBMVMNS-UHFFFAOYSA-N,CCCCCOC(=O)CCC,Fatty acids,Fatty esters,Wax monoesters,PENTYL BUTYRATE,True
ZCDYAMJXVAUTIM-UHFFFAOYSA-N,C=CCOC(=O)CC1=CC=CC=C1,Shikimates and Phenylpropanoids,Phenylpropanoids (C6-C3),Cinnamic acids and derivatives,Allyl phenylacetate,True
GTNCESCYZPMXCJ-UHFFFAOYSA-N,CCC(=O)OCCCC1=CC=CC=C1,Fatty acids,Fatty esters,Wax monoesters,3-Phenylpropyl propanoate,True
BADXJIPKFRBFOT-UHFFFAOYSA-N,CC1(CC(=O)CC(=O)C1)C,,,,Dimedone,True
BDFAOUQQXJIZDG-UHFFFAOYSA-N,CC(C)CS,Fatty acids,Fatty acyls,Fatty alcohols,Isobutyl mercaptan,True
FEWLNYSYJNLUOO-UHFFFAOYSA-N,C1CCN(CC1)C=O,Alkaloids,Lysine alkaloids,Piperidine alkaloids,N-Formylpiperidine,True
CBJPZHSWLMJQRI-UHFFFAOYSA-N,C1=COC(=C1)CSSCC2=CC=CO2,Polyketides,Cyclic polyketides,Furans,DIFURFURYL DISULFIDE,True
CWERGRDVMFNCDR-UHFFFAOYSA-N,C(C(=O)O)S,Amino acids and Peptides,Small peptides,Aminoacids,mercaptoacetic acid,True
KZCOBXFFBQJQHH-UHFFFAOYSA-N,CCCCCCCCS,,,,,False
YCIXWYOBMVNGTB-UHFFFAOYSA-N,CCCCCC1=C(CCC1=O)C,,,,Dihydrojasmone,True
PBGWNXWNCSSXCO-UHFFFAOYSA-N,CCCCCCCC(=O)OCCCCCC,Fatty acids,Fatty esters,Wax monoesters,Hexyl octanoate,True
UHOVQNZJYSORNB-UHFFFAOYSA-N,C1=CC=CC=C1,Shikimates and Phenylpropanoids,,,benzene,True
AZOCECCLWFDTAP-RKDXNWHRSA-N,C[C@@H]1CC[C@H](CC1=O)C(=C)C,Terpenoids,Monoterpenoids,Menthane monoterpenoids,5524-05-0,True
NTWSIWWJPQHFTO-UHFFFAOYSA-N,CCCC(=CC(=O)O)C,,,,,False
SMWDFEZZVXVKRB-UHFFFAOYSA-N,C1=CC=C2C(=C1)C=CC=N2,Alkaloids,Anthranilic acid alkaloids,Quinoline alkaloids,QUINOLINE,True
ODHAQPXNQDBHSH-UHFFFAOYSA-N,C1CCC(CC1)SSC2CCCCC2,Fatty acids,Fatty esters,Lactones,DICYCLOHEXYL DISULFIDE,True
JUJWROOIHBZHMG-UHFFFAOYSA-N,C1=CC=NC=C1,Alkaloids,Nicotinic acid alkaloids,Pyridine alkaloids,PYRIDINE,True
NDVASEGYNIMXJL-NXEZZACHSA-N,CC(C)[C@]12CCC(=C)[C@H]1C2,Terpenoids,Monoterpenoids,Thujane monoterpenoids,(+)-Sabinene,True
LHXDLQBQYFFVNW-UHFFFAOYSA-N,CC1(C2CCC(C2)(C1=O)C)C,,,,,False
ARJWAURHQDJJAC-GQCTYLIASA-N,CCC(C)C(=O)/C=C/C,Fatty acids,Fatty acyls,Oxygenated hydrocarbons,,True
AMXYRHBJZOVHOL-ODYTWBPASA-N,CC/C=C\CC/C=C/CO,Fatty acids,Fatty acyls,Fatty alcohols,,True
DIVCBWJKVSFZKJ-UHFFFAOYSA-M,CCC(C)CCC(=O)[O-],,,,,False
TWOGJUHCCNLYPC-UHFFFAOYSA-N,CCC(=O)C(C)S,Fatty acids,Fatty acyls,Oxygenated hydrocarbons,2-mercapto-3-pentanone,True
CZCBTSFUTPZVKJ-UHFFFAOYSA-N,CC1CCOC(C1)C=C(C)C,,,,,False
ROWKJAVDOGWPAT-UHFFFAOYSA-N,CC(C(=O)C)O,,,,,False
SZECUQRKLXRGSJ-UHFFFAOYSA-N,CCC(C(=O)C)S,Fatty acids,Fatty acyls,Oxygenated hydrocarbons,3-Mercapto-2-pentanone,True
LEGGANXCVQPIAI-UHFFFAOYSA-N,CCCCC(C)CCC(=O)O,,,,,False
IFYYFLINQYPWGJ-UHFFFAOYSA-N,CCCCCCC1CCC(=O)O1,,,,,False
WGPCZPLRVAWXPW-UHFFFAOYSA-N,CCCCCCCCC1CCC(=O)O1,,,,,False
OALYTRUKMRCXNH-UHFFFAOYSA-N,CCCCCC1CCC(=O)O1,,,,,False
IPBFYZQJXZJBFQ-UHFFFAOYSA-N,CCCCC1CCC(=O)O1,,,,,False
PHXATPHONSXBIL-UHFFFAOYSA-N,CCCCCCCC1CCC(=O)O1,,,,,False
WNVCMFHPRIBNCW-YUMQZZPRSA-N,CCCC[C@H]1[C@H](CC(=O)O1)C,Fatty acids,Fatty acyls,Paraconic acids and derivatives,Quercus lactone B,True
IUFQZPBIRYFPFD-UHFFFAOYSA-N,CCC1C(=C(C(=O)O1)O)C,,,,,False
QRPLZGZHJABGRS-UHFFFAOYSA-N,CCCCCCCC1CCCC(=O)O1,,,,,False
FYTRVXSHONWYNE-UHFFFAOYSA-N,CCCC1CCCC(=O)O1,Fatty acids,Fatty esters,Lactones,698-76-0,True
NDFKTBCGKNOHPJ-AATRIKPKSA-N,CCCC/C=C/C=O,Fatty acids,Fatty acyls,Fatty aldehydes,,True
PANBRUWVURLWGY-MDZDMXLPSA-N,CCCCCCCC/C=C/C=O,Fatty acids,Fatty acyls,Fatty aldehydes,,True
OGLDWXZKYODSOB-SNVBAGLBSA-N,CC1=CC[C@@H](C=C1)C(C)C,Terpenoids,Monoterpenoids,Monocyclic monoterpenoids,4221-98-1,True
XMGQYMWWDOXHJM-UHFFFAOYSA-N,CC1=CCC(CC1)C(=C)C,,,,,False
BSAIUMLZVGUGKX-FPLPWBNLSA-N,CCCCCC/C=C\C=O,Fatty acids,Fatty acyls,Fatty aldehydes,,True
LVBXEMGDVWVTGY-SREVYHEPSA-N,CCCCC/C=C\C=O,Fatty acids,Fatty acyls,Fatty aldehydes,,True
NPFVOOAXDOBMCE-PLNGDYQASA-N,CC/C=C\CCOC(=O)C,Fatty acids,Fatty esters,Wax monoesters,cis-3-Hexenyl acetate,True
GXANMBISFKBPEX-ARJAWSKDSA-N,CC/C=C\CC=O,Fatty acids,Fatty acyls,Fatty aldehydes,cis-3-Hexenal,True
VVGOCOMZRGWHPI-ARJAWSKDSA-N,CC/C=C\CCC=O,Fatty acids,Fatty acyls,Fatty aldehydes,,True
VWYBQOFZVSNDAW-WAYWQWQTSA-N,CC/C=C\CC(=O)C=C,Fatty acids,Fatty acyls,Oxygenated hydrocarbons,,True
DHKHKXVYLBGOIT-UHFFFAOYSA-N,CCOC(C)OCC,Fatty acids,,,Acetal,True
SATCULPHIDQDRE-UHFFFAOYSA-N,C1OC2=C(O1)C=C(C=C2)C=O,Shikimates and Phenylpropanoids,,,PIPERONAL,True
OQWNKUAZQSLNSR-UHFFFAOYSA-N,CC(C)CCCCCCCCCCC=O,Fatty acids,Fatty acyls,Fatty aldehydes,12-Methyltridecanal,True
ZFMSMUAANRJZFM-UHFFFAOYSA-N,COC1=CC=C(C=C1)CC=C,Shikimates and Phenylpropanoids,Phenylpropanoids (C6-C3),Cinnamic acids and derivatives,Estragole,True
RUVINXPYWBROJD-ONEGZZNKSA-N,C/C=C/C1=CC=C(C=C1)OC,Shikimates and Phenylpropanoids,Phenylpropanoids (C6-C3),Cinnamic acids and derivatives,,True
MMSLOZQEMPDGPI-UHFFFAOYSA-N,CC1=CC=C(C=C1)C(=C)C,Terpenoids,Monoterpenoids,,1195-32-0,True
KUFFULVDNCHOFZ-UHFFFAOYSA-N,CC1=CC(=C(C=C1)O)C,,,,"2,4-DIMETHYLPHENOL",True
KLIDCXVFHGNTTM-UHFFFAOYSA-N,COC1=C(C(=CC=C1)OC)O,Shikimates and Phenylpropanoids,Phenolic acids (C6-C1),Simple phenolic acids,"2,6-DIMETHOXYPHENOL",True
NXXYKOUNUYWIHA-UHFFFAOYSA-N,CC1=C(C(=CC=C1)C)O,,,,"2,6-DIMETHYLPHENOL",True
ZQPCOAKGRYBBMR-UHFFFAOYSA-N,CC1=CCC(CC1)C(C)(C)S,,,,,False
FZOZFDAMVVEZSJ-UHFFFAOYSA-N,CC(=O)C1=NCCS1,,,,2-Acetyl-2-thiazoline,True
HEQOJEGTZCTHCF-UHFFFAOYSA-N,C1=CC=C(C=C1)C(=O)CN,Alkaloids,Pseudoalkaloids,Phenylalanine-derived alkaloids,2-Aminoacetophenone,True
IFNDEOYXGHGERA-UHFFFAOYSA-N,CC1=CC(=C(C=C1)OC)O,,,,2-Methoxy-5-methylphenol,True
SRUTWBWLFKSTIS-UHFFFAOYSA-N,CC1=C(C=CO1)SSC,Polyketides,,,Methyl 2-methyl-3-furyl disulfide,True
BYGQBDHUGHBGMD-UHFFFAOYSA-N,CCC(C)C=O,,,,,False
RUYNUXHHUVUINQ-UHFFFAOYSA-N,CC1=C(C=CO1)S,,,,2-Methyl-3-furanthiol,True
QWVGKYWNOKOFNN-UHFFFAOYSA-N,CC1=CC=CC=C1O,Shikimates and Phenylpropanoids,,,o-cresol,True
HSDXVAOHEOSTFZ-UHFFFAOYSA-N,CCCCCC1=CC=CC=N1,Alkaloids,Nicotinic acid alkaloids,Pyridine alkaloids,2-PENTYLPYRIDINE,True
ZMRFRBHYXOQLDK-UHFFFAOYSA-N,C1=CC=C(C=C1)CCS,Shikimates and Phenylpropanoids,,,2-Phenylethanethiol,True
WRMNZCZEMHIOCP-UHFFFAOYSA-N,C1=CC=C(C=C1)CCO,Shikimates and Phenylpropanoids,Phenylethanoids (C6-C2),Phenylethanoids,2-PHENYLETHANOL,True
MDHYEMXUFSJLGV-UHFFFAOYSA-N,CC(=O)OCCC1=CC=CC=C1,Shikimates and Phenylpropanoids,,,Phenethyl acetate,True
OVNCGQSYSSYBPO-UHFFFAOYSA-N,CCC(=O)C1=NCCC1,,,,133447-37-7,True
HMNKTRSOROOSPP-UHFFFAOYSA-N,CCC1=CC(=CC=C1)O,,,,3-ETHYLPHENOL,True
XPCTZQVDEJYUGT-UHFFFAOYSA-N,CC1=C(C(=O)C=CO1)O,Polyketides,Cyclic polyketides,4-pyrone derivatives,MALTOL,True
ZFRKQXVRDFCRJG-UHFFFAOYSA-N,CC1=CNC2=CC=CC=C12,Alkaloids,Tryptophan alkaloids,Simple indole alkaloids,3-METHYLINDOLE,True
VTAPYUYITKYXJB-UHFFFAOYSA-N,CC(C)(CCOC=O)S,Fatty acids,Fatty esters,Wax monoesters,3-Mercapto-3-methylbutyl formate,True
PHTQWCKDNZKARW-UHFFFAOYSA-N,CC(C)CCO,Fatty acids,Fatty acyls,Fatty alcohols,Isoamyl alcohol,True
YGHRJJRRZDOVPD-UHFFFAOYSA-N,CC(C)CC=O,Fatty acids,Fatty acyls,Fatty aldehydes,3-Methylbutanal,True
NHIMSNHOEAVUKE-UHFFFAOYSA-N,CCCC(=O)C(C)CC,Fatty acids,Fatty acyls,Oxygenated hydrocarbons,3-Methylheptan-4-one,True
RLSSMJSEOOYNOY-UHFFFAOYSA-N,CC1=CC(=CC=C1)O,,,,m-cresol,True
XMIIGOLPHOKFCH-UHFFFAOYSA-N,C1=CC=C(C=C1)CCC(=O)O,Shikimates and Phenylpropanoids,,,hydrocinnamic acid,True
TYZFMFVWHZKYSE-UHFFFAOYSA-N,CCCC(CCO)S,,,,,False
JUCARGIKESIVLB-UHFFFAOYSA-N,CCCC(CCOC(=O)C)S,Fatty acids,Fatty esters,Wax monoesters,3-Mercaptohexyl acetate,True
WTWBUQJHJGUZCY-UHFFFAOYSA-N,CC(C)C1=CC=C(C=C1)C=O,Terpenoids,Monoterpenoids,Menthane monoterpenoids,4-isopropylbenzaldehyde,True
YOMSJEATGXXYPX-UHFFFAOYSA-N,COC1=C(C=CC(=C1)C=C)O,Shikimates and Phenylpropanoids,Phenylpropanoids (C6-C3),Cinnamic acids and derivatives,2-Methoxy-4-vinylphenol,True
FUGYGGDSWSUORM-UHFFFAOYSA-N,C=CC1=CC=C(C=C1)O,Shikimates and Phenylpropanoids,Phenolic acids (C6-C1),Cinnamic acids and derivatives,4-Vinylphenol,True
PWKJMPFEQOHBAC-UHFFFAOYSA-N,CCCCC(CC)CCC(=O)O,Fatty acids,Fatty Acids and Conjugates,Branched fatty acids,4-Ethyloctanoic acid,True
HXDOZKJGKXYMEW-UHFFFAOYSA-N,CCC1=CC=C(C=C1)O,Shikimates and Phenylpropanoids,,,4-ETHYLPHENOL,True
CBOQJANXLMLOSS-UHFFFAOYSA-N,CCOC1=C(C=CC(=C1)C=O)O,Shikimates and Phenylpropanoids,Phenolic acids (C6-C1),Cinnamic acids and derivatives,3-Ethoxy-4-hydroxybenzaldehyde,True
XVHGKKGBUDMTIQ-UHFFFAOYSA-N,CC(C)(CCOC)S,,,,4-Methoxy-2-methyl-2-butanethiol,True
GNKZMNRKLCTJAY-UHFFFAOYSA-N,CC1=CC=C(C=C1)C(=O)C,Shikimates and Phenylpropanoids,,,4'-Methylacetophenone,True
IWDCLRJOBJJRNH-UHFFFAOYSA-N,CC1=CC=C(C=C1)O,,,,4-methylphenol,True
PXIKRTCSSLJURC-UHFFFAOYSA-N,CCCC1=CC(=C(C=C1)O)OC,,,,2-METHOXY-4-PROPYLPHENOL,True
GWCRPYGYVRXVLI-UHFFFAOYSA-N,CCC1C(=O)C(=C(O1)C)O,,,,,False
LIIALPBMIOVAHH-UHFFFAOYSA-N,COC1=CC2=C(C=C1)C=CC(=O)O2,Shikimates and Phenylpropanoids,Coumarins,Simple coumarins,7-Methoxycoumarin,True
NVLPQIPTCCLBEU-UHFFFAOYSA-N,CSCC=C,,,,Allyl methyl sulfide,True
LOCDPORVFVOGCR-UHFFFAOYSA-N,CSCSC,Amino acids and Peptides,,,Bis(methylthio)methane,True
WJSDHUCWMSHDCR-VMPITWQZSA-N,CC(=O)OC/C=C/C1=CC=CC=C1,Shikimates and Phenylpropanoids,Phenylpropanoids (C6-C3),Cinnamic acids and derivatives,,True
OOCCDEMITAIZTP-QPJJXVBHSA-N,C1=CC=C(C=C1)/C=C/CO,Shikimates and Phenylpropanoids,Phenylpropanoids (C6-C3),Cinnamic acids and derivatives,,True
PFRGXCVKLLPLIP-UHFFFAOYSA-N,C=CCSSCC=C,,,,DIALLYL DISULFIDE,True
QMMFVYPAHWMCMS-UHFFFAOYSA-N,CSC,,,,dimethyl sulfide,True
YWHLKYXPLRWGSE-UHFFFAOYSA-N,CSSSC,,,,Dimethyl trisulfide,True
WQOXQRCZOLPYPM-UHFFFAOYSA-N,CSSC,,,,Dimethyl disulfide,True
ALVPFGSHPUPROW-UHFFFAOYSA-N,CCCSSCCC,,,,Dipropyl disulfide,True
GAZXPZNJTZIGBO-UHFFFAOYSA-N,CCCSSSCCC,Fatty acids,Fatty acyls,Fatty alcohols,Dipropyl trisulfide,True
MBDOYVRWFFCFHM-SNAWJCMRSA-N,CCC/C=C/C=O,Fatty acids,Fatty acyls,Fatty aldehydes,,True
LFQSCWFLJHTTHZ-UHFFFAOYSA-N,CCO,Fatty acids,Fatty acyls,Fatty alcohols,ethanol,True
LYRIITRHDCNUHV-SSDOTTSWSA-N,CCC[C@H](CC(=O)OCC)O,,,,,False
HCRBXQFHJMCTLF-UHFFFAOYSA-N,CCC(C)C(=O)OCC,,,,,False
YSNWHRKJEKWJNY-UHFFFAOYSA-N,CCOC(=O)CCSC,Fatty acids,Fatty esters,Wax monoesters,13327-56-5,True
PPXUHEORWJQRHJ-UHFFFAOYSA-N,CCOC(=O)CC(C)C,Fatty acids,Fatty esters,Wax monoesters,ETHYL ISOVALERATE,True
OFQRUTMGVBMTFQ-UHFFFAOYSA-N,CCOC(=O)CCC(C)C,Fatty acids,Fatty esters,Wax monoesters,Ethyl 4-methylvalerate,True
XEKOWRVHYACXOJ-UHFFFAOYSA-N,CCOC(=O)C,Fatty acids,Fatty esters,Wax monoesters,ETHYL ACETATE,True
MTZQAGJQAFMTAQ-UHFFFAOYSA-N,CCOC(=O)C1=CC=CC=C1,Shikimates and Phenylpropanoids,Phenolic acids (C6-C1),Simple phenolic acids,ETHYL BENZOATE,True
OBNCKNCVKJNDBV-UHFFFAOYSA-N,CCCC(=O)OCC,Fatty acids,Fatty esters,Wax monoesters,ETHYL BUTYRATE,True
KBEBGUQPQBELIU-CMDGGOBGSA-N,CCOC(=O)/C=C/C1=CC=CC=C1,Shikimates and Phenylpropanoids,Phenylpropanoids (C6-C3),Cinnamic acids and derivatives,,True
SHZIWNPUGXLXDT-UHFFFAOYSA-N,CCCCCC(=O)OCC,Fatty acids,Fatty esters,Wax monoesters,ETHYL HEXANOATE,True
ICMAFTSLXCXHRK-UHFFFAOYSA-N,CCCCC(=O)OCC,Fatty acids,Fatty esters,Wax monoesters,ETHYL VALERATE,True
DULCUDSUACXJJC-UHFFFAOYSA-N,CCOC(=O)CC1=CC=CC=C1,Fatty acids,Fatty esters,Wax monoesters,ETHYL PHENYLACETATE,True
JJOYCHKVKWDMEA-UHFFFAOYSA-N,CCOC(=O)C1CCCCC1,Fatty acids,Fatty esters,Wax monoesters,Ethyl cyclohexanecarboxylate,True
ZFFTZDQKIXPDAF-UHFFFAOYSA-N,C1=COC(=C1)CS,Polyketides,Cyclic polyketides,Furans,Furfuryl mercaptan,True
CETWDUZRCINIHU-UHFFFAOYSA-N,CCCCCC(C)O,,,,,False
AOGQPLXWSUTHQB-UHFFFAOYSA-N,CCCCCCOC(=O)C,Fatty acids,Fatty esters,Wax monoesters,Hexyl acetate,True
BHIWKHZACMWKOJ-UHFFFAOYSA-N,CC(C)C(=O)OC,Fatty acids,Fatty esters,Wax monoesters,METHYL ISOBUTYRATE,True
UUIQMZJEGPQKFD-UHFFFAOYSA-N,CCCC(=O)OC,Fatty acids,Fatty esters,Wax monoesters,Methyl butyrate,True
ZOYASYRPGHCQHW-UHFFFAOYSA-N,CCCSSSC,,,,Methyl propyl trisulfide,True
UAHWPYUMFXYFJY-UHFFFAOYSA-N,CC(=CCCC(=C)C=C)C,Terpenoids,Monoterpenoids,Acyclic monoterpenoids,MYRCENE,True
VKCYHJWLYTUGCC-UHFFFAOYSA-N,CCCCCCCC(=O)C,Fatty acids,Fatty acyls,Oxygenated hydrocarbons,2-NONANONE,True
TZMFJUDUGYTVRY-UHFFFAOYSA-N,CCC(=O)C(=O)C,Fatty acids,Fatty acyls,Oxygenated hydrocarbons,"2,3-PENTANEDIONE",True
NBBJYMSMWIIQGU-UHFFFAOYSA-N,CCC=O,Fatty acids,Fatty acyls,Fatty aldehydes,Propionaldehyde,True
GCZQHDFWKVMZOE-UHFFFAOYSA-N,C1=CSC(=C1)CS,,,,2-Thiophenemethanethiol,True
CCRCUPLGCSFEDV-BQYQJAHWSA-N,COC(=O)/C=C/C1=CC=CC=C1,Shikimates and Phenylpropanoids,Phenylpropanoids (C6-C3),Cinnamic acids and derivatives,,True
UYLKDZXJEKFFHJ-UHFFFAOYSA-N,C1=COC(=C1)CSCC2=CC=CO2,Polyketides,Cyclic polyketides,Furans,Difurfuryl sulfide,True
NWYGPVZOBBHKLI-UHFFFAOYSA-N,CSSCC1=CC=CC=C1,,,,Benzyl methyl disulfide,True
CLSLQQCDHOZMDT-UHFFFAOYSA-N,CSSCC1=CC=CO1,Polyketides,Cyclic polyketides,Furans,Methyl furfuryl disulfide,True
OFQPKKGMNWASPN-UHFFFAOYSA-N,CSCC1=CC=CC=C1,Shikimates and Phenylpropanoids,,,Benzyl methyl sulfide,True
QZZBJCFNHPYNKO-UHFFFAOYSA-N,CC(C1=CC=CC=C1)S,,,,,False
UENWRTRMUIOCKN-UHFFFAOYSA-N,C1=CC=C(C=C1)CS,Shikimates and Phenylpropanoids,,,BENZYL MERCAPTAN,True
SKSFHXVDHVKIBN-UHFFFAOYSA-N,CSCC1=CC=CO1,Polyketides,Cyclic polyketides,Furans,Furfuryl methyl sulfide,True
VAJVDSVGBWFCLW-UHFFFAOYSA-N,C1=CC=C(C=C1)CCCO,Shikimates and Phenylpropanoids,,,3-PHENYL-1-PROPANOL,True
XPFVYQJUAUNWIW-UHFFFAOYSA-N,C1=COC(=C1)CO,Polyketides,Cyclic polyketides,Furans,FURFURYL ALCOHOL,True
WVDDGKGOMKODPV-UHFFFAOYSA-N,C1=CC=C(C=C1)CO,Shikimates and Phenylpropanoids,,,benzyl alcohol,True
HYBBIBNJHNGZAN-UHFFFAOYSA-N,C1=COC(=C1)C=O,Polyketides,Cyclic polyketides,Furans,FURFURAL,True
XHIUFYZDQBSEMF-UHFFFAOYSA-N,CCC(C)COC(=O)C,,,,,False
WDAXFOBOLVPGLV-UHFFFAOYSA-N,CCOC(=O)C(C)C,Fatty acids,Fatty esters,Wax monoesters,ETHYL ISOBUTYRATE,True
WNVCMFHPRIBNCW-UHFFFAOYSA-N,CCCCC1C(CC(=O)O1)C,,,,,False
AMXYRHBJZOVHOL-DYWGDJMRSA-N,CC/C=C/CC/C=C/CO,Fatty acids,Fatty acyls,Fatty alcohols,,True
BGVBGAIWXAXBLP-UHFFFAOYSA-N,CCCCCC(=O)C(C)C(=O)C,Fatty acids,Fatty acyls,Oxygenated hydrocarbons,"3-methylnonane-2,4-dione",True
XMGQYMWWDOXHJM-JTQLQIEISA-N,CC1=CC[C@@H](CC1)C(=C)C,Terpenoids,Monoterpenoids,Menthane monoterpenoids,D-Limonene,True
OGLDWXZKYODSOB-UHFFFAOYSA-N,CC1=CCC(C=C1)C(C)C,,,,,False
HVNICCSXGONRCB-UHFFFAOYSA-N,CC1(C(=O)C=CO1)C,,,,,False
VGHBEMPMIVEGJP-UHFFFAOYSA-N,CC1=CCOC1=O,,,,3-Methyl-2(5H)-furanone,True
ASOSVCXGWPDUGN-UHFFFAOYSA-N,CC1C(=O)C=C(O1)C,,,,,False
NEHNMFOYXAPHSD-JTQLQIEISA-N,C[C@@H](CCC=C(C)C)CC=O,Terpenoids,Monoterpenoids,Acyclic monoterpenoids,(-)-Citronellal,True
FCIVYWQHILCTLI-UHFFFAOYSA-N,CC(CO)CS,,,,,False
OCZSUTGSYBERRF-UHFFFAOYSA-N,CCCCC(C(C)CO)S,,,,,False
RFMHFOPFUZZBAD-UHFFFAOYSA-N,CC(CO)C(C)S,,,,,False
XVFIAOJQUHTZSV-UHFFFAOYSA-N,CCCC(C(C)CO)S,,,,,False
WUOACPNHFRMFPN-SECBINFHSA-N,CC1=CC[C@H](CC1)C(C)(C)O,Terpenoids,Monoterpenoids,Menthane monoterpenoids,10482-56-1,True
GRWFGVWFFZKLTI-IUCAKERBSA-N,CC1=CC[C@H]2C[C@@H]1C2(C)C,Terpenoids,Monoterpenoids,Pinane monoterpenoids,(-)-alpha-Pinene,True
GRWFGVWFFZKLTI-RKDXNWHRSA-N,CC1=CC[C@@H]2C[C@H]1C2(C)C,Terpenoids,Monoterpenoids,Pinane monoterpenoids,(+)-alpha-Pinene,True
WTARULDDTDQWMU-IUCAKERBSA-N,CC1([C@H]2CCC(=C)[C@@H]1C2)C,Terpenoids,Monoterpenoids,Pinane monoterpenoids,(-)-beta-Pinene,True
WTARULDDTDQWMU-RKDXNWHRSA-N,CC1([C@@H]2CCC(=C)[C@H]1C2)C,Terpenoids,Monoterpenoids,Pinane monoterpenoids,(+)-beta-Pinene,True
NDVASEGYNIMXJL-UHFFFAOYSA-N,CC(C)C12CCC(=C)C1C2,,,,,False
POIARNZEYGURDG-UHFFFAOYSA-N,CC=CC(=O)C1=C(C=CCC1(C)C)C,,,,,False
CHWNEIVBYREQRF-UHFFFAOYSA-N,CCC1=CC(=C(C=C1)O)OC,,,,4-Ethyl-2-methoxyphenol,True
QRNZMFDCKKEPSX-UHFFFAOYSA-N,CC(=O)CC(C)(C)S,Fatty acids,Fatty acyls,Oxygenated hydrocarbons,19872-52-7,True
ZHHYXNZJDGDGPJ-IGTJQSIKSA-N,CCCC/C=C\C=C\C=O,Fatty acids,Fatty acyls,Fatty aldehydes,,True
IKHGUXGNUITLKF-UHFFFAOYSA-N,CC=O,Fatty acids,Fatty acyls,Fatty aldehydes,acetaldehyde,True
OCWLYWIFNDCWRZ-UHFFFAOYSA-N,CCC(C)C(=O)OC,,,,,False
ZXEKIIBDNHEJCQ-UHFFFAOYSA-N,CC(C)CO,Fatty acids,Fatty acyls,Fatty alcohols,Isobutanol,True
NGSWKAQJJWESNS-ZZXKWVIFSA-N,C1=CC(=CC=C1/C=C/C(=O)O)O,Shikimates and Phenylpropanoids,Phenylpropanoids (C6-C3),Cinnamic acids and derivatives,,True
WLJVXDMOQOGPHL-UHFFFAOYSA-N,C1=CC=C(C=C1)CC(=O)O,Shikimates and Phenylpropanoids,,,PHENYLACETIC ACID,True
GHBSPIPJMLAMEP-UHFFFAOYSA-N,CCCCCC1CCCC(=O)O1,,,,,False
GTDQGKWDWVUKTI-UHFFFAOYSA-N,CC(=O)C1=CC=CC=C1N,Amino acids and Peptides,Small peptides,Aminoacids,2'-Aminoacetophenone,True
OSOIQJGOYGSIMF-UHFFFAOYSA-N,C1CCCCCCCC(=O)CCCCCC1,Fatty acids,Fatty esters,Lactones,CYCLOPENTADECANONE,True
ABRIMXGLNHCLIP-UHFFFAOYSA-N,C1CCCCCC(=O)CCCC=CCCCC1,,,,,False
NKMKFQCVDZVEJR-UHFFFAOYSA-N,CC1CC=CCCCCCCCCCC(=O)C1,,,,,False
ZGEHHVDYDNXYMW-OWOJBTEDSA-N,C1CCC/C=C/CCCCCCC(=O)CCC1,,,,,False
ZFGBKXBPHOUSJX-VQHVLOKHSA-N,CC1C/C=C/CCCCCCCCC(=O)C1,,,,,False
VPQWBNWSLZYYFH-UHFFFAOYSA-N,CC1CCCCCCCCCCCC(=O)C1,Fatty acids,Fatty esters,Lactones,3-methylcyclotetradecan-1-one,True
NVIPUOMWGQAOIT-RQOWECAXSA-N,C1CCCCOC(=O)CCCCC/C=C\CCC1,Fatty acids,Fatty esters,Lactones,,True
RWCCWEUUXYIKHB-UHFFFAOYSA-N,C1=CC=C(C=C1)C(=O)C2=CC=CC=C2,Shikimates and Phenylpropanoids,Flavonoids,Chalcones,BENZOPHENONE,True
CAERSDJFKGMKLY-UHFFFAOYSA-N,CCOC(=O)CC1=CC(=CC=C1)Br,,,,,False
BLEMRRXGTKTJGT-UHFFFAOYSA-N,CC1=CC=CC=C1CC(=O)OC,,,,,False
DGEZNRSVGBDHLK-UHFFFAOYSA-N,C1=CC2=C(C3=C(C=CC=N3)C=C2)N=C1,Alkaloids,Tryptophan alkaloids,,"1,10-phenanthroline",True
GUMOJENFFHZAFP-UHFFFAOYSA-N,CCOC1=CC2=CC=CC=C2C=C1,Shikimates and Phenylpropanoids,Phenanthrenoids,Phenanthrenes,2-ETHOXYNAPHTHALENE,True
RAPXVKLHABTPOM-UHFFFAOYSA-N,C=CC1=CC=C(C=C1)OCCCCOC2=CC=C(C=C2)C=C,,,,,False
ULDHMXUKGWMISQ-UHFFFAOYSA-N,CC1=CCC(CC1=O)C(=C)C,,,,,False
KJIOQYGWTQBHNH-UHFFFAOYSA-N,CCCCCCCCCCCO,Fatty acids,Fatty acyls,Fatty alcohols,1-UNDECANOL,True
HFJRKMMYBMWEAD-UHFFFAOYSA-N,CCCCCCCCCCCC=O,Fatty acids,Fatty acyls,Fatty aldehydes,DODECANAL,True
LWBHHRRTOZQPDM-UHFFFAOYSA-N,C(CCCCC(=O)O)CCCCC(=O)O,Fatty acids,Fatty Acids and Conjugates,Dicarboxylic acids,UNDECANEDIOIC ACID,True
PGVRSPIEZYGOAD-UHFFFAOYSA-N,C(CCCCC(=O)O)CCCCBr,,,,,False
IUDGNRWYNOEIKF-UHFFFAOYSA-N,C(CCCCCBr)CCCCC(=O)O,Fatty acids,Fatty Acids and Conjugates,Unsaturated fatty acids,11-BROMOUNDECANOIC ACID,True
YYKBWYBUCFHYPR-UHFFFAOYSA-N,C(CCCCCC(=O)O)CCCCCBr,Fatty acids,Fatty Acids and Conjugates,Unsaturated fatty acids,12-Bromododecanoic acid,True
ZDPHROOEEOARMN-UHFFFAOYSA-N,CCCCCCCCCCC(=O)O,Fatty acids,Fatty Acids and Conjugates,Branched fatty acids,UNDECANOIC ACID,True
NVRVNSHHLPQGCU-UHFFFAOYSA-N,C(CCC(=O)O)CCBr,,,,,False
BKJFDZSBZWHRNH-UHFFFAOYSA-N,C(CCCC(=O)O)CCCBr,Fatty acids,Fatty Acids and Conjugates,Unsaturated fatty acids,8-Bromooctanoic acid,True
MWKFXSUHUHTGQN-UHFFFAOYSA-N,CCCCCCCCCCO,Fatty acids,Fatty acyls,Fatty alcohols,1-DECANOL,True
JFCQEDHGNNZCLN-UHFFFAOYSA-N,C(CC(=O)O)CC(=O)O,Fatty acids,Fatty Acids and Conjugates,Dicarboxylic acids,GLUTARIC ACID,True
WLJVNTCWHIRURA-UHFFFAOYSA-N,C(CCC(=O)O)CCC(=O)O,Fatty acids,Fatty Acids and Conjugates,Dicarboxylic acids,pimelic acid,True
TYFQFVWCELRYAO-UHFFFAOYSA-N,C(CCCC(=O)O)CCC(=O)O,Fatty acids,Fatty Acids and Conjugates,Dicarboxylic acids,Octanedioic acid,True
CXMXRPHRNRROMY-UHFFFAOYSA-N,C(CCCCC(=O)O)CCCC(=O)O,Fatty acids,Fatty Acids and Conjugates,Dicarboxylic acids,sebacic acid,True
TVIDDXQYHWJXFK-UHFFFAOYSA-N,C(CCCCCC(=O)O)CCCCC(=O)O,Fatty acids,Fatty Acids and Conjugates,Dicarboxylic acids,DODECANEDIOIC ACID,True
LODLFUCEWWWXPR-UHFFFAOYSA-N,CCCC(C)C1OCC(CO1)(C)CCC,,,,,False
WVYKHQRCBWWGFK-UHFFFAOYSA-N,CC(C)C1C(COC(O1)(C)C)(C)C,,,,,False
YIWUKEYIRIRTPP-UHFFFAOYSA-N,CCCCC(CC)CO,,,,,False
SJWFXCIHNDVPSH-UHFFFAOYSA-N,CCCCCCC(C)O,,,,,False
NMRPBPVERJPACX-UHFFFAOYSA-N,CCCCCC(CC)O,,,,,False
WOFPPJOZXUTRAU-UHFFFAOYSA-N,CCCCC(CCC)O,,,,,False
NGDNVOAEIVQRFH-UHFFFAOYSA-N,CCCCCCCC(C)O,,,,,False
NOOLISFMXDJSKH-UHFFFAOYSA-N,CC1CCC(C(C1)O)C(C)C,,,,,False
MGSRCZKZVOBKFT-UHFFFAOYSA-N,CC1=CC(=C(C=C1)C(C)C)O,Terpenoids,Monoterpenoids,Menthane monoterpenoids,THYMOL,True
WBYWAXJHAXSJNI-VOTSOKGWSA-N,C1=CC=C(C=C1)/C=C/C(=O)O,Shikimates and Phenylpropanoids,Phenylpropanoids (C6-C3),Cinnamic acids and derivatives,,True
ZPVFWPFBNIEHGJ-UHFFFAOYSA-N,CCCCCCC(=O)C,Fatty acids,Fatty acyls,Oxygenated hydrocarbons,2-OCTANONE,True
RHLVCLIPMVJYKS-UHFFFAOYSA-N,CCCCCC(=O)CC,Fatty acids,Fatty acyls,Oxygenated hydrocarbons,3-Octanone,True
IYTXKIXETAELAV-UHFFFAOYSA-N,CCCCCCC(=O)CC,Fatty acids,Fatty acyls,Oxygenated hydrocarbons,3-NONANONE,True
ZAJNGDIORYACQU-UHFFFAOYSA-N,CCCCCCCCC(=O)C,Fatty acids,Fatty acyls,Oxygenated hydrocarbons,2-Decanone,True
LSKONYYRONEBKA-UHFFFAOYSA-N,CCCCCCCCCCC(=O)C,Fatty acids,Fatty acyls,Oxygenated hydrocarbons,2-Dodecanone,True
UHEPJGULSIKKTP-UHFFFAOYSA-N,CC(=CCCC(=O)C)C,Fatty acids,Apocarotenoids,Acyclic monoterpenoids,6-METHYL-5-HEPTEN-2-ONE,True
TZJLGGWGVLADDN-UHFFFAOYSA-N,CC(=O)CCC1=CC2=C(C=C1)OCO2,Shikimates and Phenylpropanoids,,,PIPERONYL ACETONE,True
DSSYKIVIOFKYAU-UHFFFAOYSA-N,CC1(C2CCC1(C(=O)C2)C)C,,,,,False
TVQGDYNRXLTQAP-UHFFFAOYSA-N,CCCCCCC(=O)OCC,Fatty acids,Fatty esters,Wax monoesters,ETHYL HEPTANOATE,True
BYEVBITUADOIGY-UHFFFAOYSA-N,CCCCCCCCC(=O)OCC,Fatty acids,Fatty esters,Wax monoesters,ETHYL NONANOATE,True
NUKZAGXMHTUAFE-UHFFFAOYSA-N,CCCCCC(=O)OC,Fatty acids,Fatty esters,Wax monoesters,METHYL HEXANOATE,True
XNCNNDVCAUWAIT-UHFFFAOYSA-N,CCCCCCC(=O)OC,Fatty acids,Fatty esters,Wax monoesters,METHYL HEPTANOATE,True
IJXHLVMUNBOGRR-UHFFFAOYSA-N,CCCCCCCCC(=O)OC,Fatty acids,Fatty esters,Wax monoesters,METHYL NONANOATE,True
GRLJIIJNZJVMGP-UHFFFAOYSA-N,CCCC(=O)SC,Fatty acids,Fatty acyls,Oxygenated hydrocarbons,Methyl thiobutyrate,True
FZWLAAWBMGSTSO-UHFFFAOYSA-N,C1=CSC=N1,Alkaloids,,,THIAZOLE,True
IOJUPLGTWVMSFF-UHFFFAOYSA-N,C1=CC=C2C(=C1)N=CS2,Alkaloids,Anthranilic acid alkaloids,Phenazine alkaloids,BENZOTHIAZOLE,True
SIKJAQJRHWYJAI-UHFFFAOYSA-N,C1=CC=C2C(=C1)C=CN2,Alkaloids,Tryptophan alkaloids,Simple indole alkaloids,indole,True
ZMQAAUBTXCXRIC-UHFFFAOYSA-N,C=CCC1=CC2=C(C=C1)OCO2,Shikimates and Phenylpropanoids,Phenylpropanoids (C6-C3),Cinnamic acids and derivatives,safrole,True
HUMNYLRZRPPJDN-UHFFFAOYSA-N,C1=CC=C(C=C1)C=O,Shikimates and Phenylpropanoids,,,benzaldehyde,True
NEHNMFOYXAPHSD-UHFFFAOYSA-N,CC(CCC=C(C)C)CC=O,,,,,False
KVWWIYGFBYDJQC-UHFFFAOYSA-N,CCCCCC1C(CCC1=O)CC(=O)OC,,,,,False
LVBXEMGDVWVTGY-VOTSOKGWSA-N,CCCCC/C=C/C=O,Fatty acids,Fatty acyls,Fatty aldehydes,,True
DVVATNQISMINCX-YTXTXJHMSA-N,CCC/C=C/C=C/C=O,Fatty acids,Fatty acyls,Fatty aldehydes,,True
LCLLDHVSJPTTSF-UHFFFAOYSA-N,CC(C)CC(C)CC=C(C)C=O,,,,,False
LHXDLQBQYFFVNW-XCBNKYQSSA-N,C[C@]12CC[C@H](C1)C(C2=O)(C)C,Terpenoids,Monoterpenoids,Fenchane monoterpenoids,"(+)-1,3,3-Trimethyl-2-norbornanone",True
CZCBTSFUTPZVKJ-ZJUUUORDSA-N,C[C@@H]1CCO[C@H](C1)C=C(C)C,Terpenoids,Monoterpenoids,Acyclic monoterpenoids,trans-Rose oxide,True
DSSYKIVIOFKYAU-OIBJUYFYSA-N,C[C@]12CC[C@H](C1(C)C)CC2=O,Terpenoids,Monoterpenoids,Camphane monoterpenoids,(-)-Camphor,True
WAPNOHKVXSQRPX-SSDOTTSWSA-N,C[C@H](C1=CC=CC=C1)O,Shikimates and Phenylpropanoids,,,(R)-1-phenylethanol,True
OFJWFSNDPCAWDK-VIFPVBQESA-N,CC[C@@H](C1=CC=CC=C1)C(=O)O,,,,4286-15-1,True
OFJWFSNDPCAWDK-SECBINFHSA-N,CC[C@H](C1=CC=CC=C1)C(=O)O,,,,(R)-(-)-2-Phenylbutyric acid,True
QQZOPKMRPOGIEB-UHFFFAOYSA-N,CCCCC(=O)C,Fatty acids,Fatty acyls,Oxygenated hydrocarbons,2-HEXANONE,True
BTANRVKWQNVYAZ-UHFFFAOYSA-N,CCC(C)O,,,,,False
CETWDUZRCINIHU-SSDOTTSWSA-N,CCCCC[C@@H](C)O,Fatty acids,Fatty acyls,Fatty alcohols,(R)-(-)-2-Heptanol,True
ACBMYYVZWKYLIP-UHFFFAOYSA-N,CCCCCC(C)(C)O,,,,,False
SJWFXCIHNDVPSH-QMMMGPOBSA-N,CCCCCC[C@H](C)O,Fatty acids,Fatty acyls,Fatty alcohols,(S)-(+)-2-Octanol,True
BTANRVKWQNVYAZ-BYPYZUCNSA-N,CC[C@H](C)O,Fatty acids,Fatty acyls,Fatty alcohols,(S)-(+)-2-butanol,True
CETWDUZRCINIHU-ZETCQYMHSA-N,CCCCC[C@H](C)O,Fatty acids,Fatty acyls,Fatty alcohols,(S)-(+)-2-Heptanol,True
WAPNOHKVXSQRPX-ZETCQYMHSA-N,C[C@@H](C1=CC=CC=C1)O,Shikimates and Phenylpropanoids,,,(S)-1-Phenylethanol,True
RJUFJBKOKNCXHH-UHFFFAOYSA-N,CCC(=O)OC,Fatty acids,Fatty esters,Wax monoesters,METHYL PROPIONATE,True
JAELLLITIZHOGQ-UHFFFAOYSA-N,CCC(=O)OC(C)(C)C,Fatty acids,Fatty esters,Wax monoesters,tert-Butyl propionate,True
HUAZGNHGCJGYNP-UHFFFAOYSA-N,CCCC(=O)OCCC,Fatty acids,Fatty esters,Wax monoesters,Propyl butyrate,True
KDSNLYIMUZNERS-UHFFFAOYSA-N,CC(C)CN,Amino acids and Peptides,,,ISOBUTYLAMINE,True
DLRJIFUOBPOJNS-UHFFFAOYSA-N,CCOC1=CC=CC=C1,Shikimates and Phenylpropanoids,,,PHENETOLE,True
CXBDYQVECUFKRK-UHFFFAOYSA-N,CCCCOC,Fatty acids,Fatty acyls,Hydrocarbons,,True
NZGWDASTMWDZIW-MRVPVSSYSA-N,C[C@@H]1CCC(=C(C)C)C(=O)C1,Terpenoids,Monoterpenoids,Menthane monoterpenoids,(+)-Pulegone,True
BMFVGAAISNGQNM-UHFFFAOYSA-N,CC(C)CCN,Amino acids and Peptides,,,ISOAMYLAMINE,True
JBFHTYHTHYHCDJ-UHFFFAOYSA-N,CCC1CCC(=O)O1,,,,,False
KWKAKUADMBZCLK-UHFFFAOYSA-N,CCCCCCC=C,Fatty acids,Fatty acyls,Hydrocarbons,1-OCTENE,True
SJWKGDGUQTWDRV-UHFFFAOYSA-N,CCCCCCC(=O)OCC=C,Fatty acids,Fatty esters,Wax monoesters,Allyl heptanoate,True
HMKKIXGYKWDQSV-SDNWHVSQSA-N,CCCCC/C(=C\C1=CC=CC=C1)/C=O,Shikimates and Phenylpropanoids,,,,True
WRFZKAGPPQGDDQ-UHFFFAOYSA-N,CCCCCC(=O)OCCCCC,Fatty acids,Fatty esters,Wax monoesters,PENTYL HEXANOATE,True
QUKGYYKBILRGFE-UHFFFAOYSA-N,CC(=O)OCC1=CC=CC=C1,Shikimates and Phenylpropanoids,Phenylpropanoids (C6-C3),Cinnamic acids and derivatives,BENZYL ACETATE,True
ZCTQGTTXIYCGGC-UHFFFAOYSA-N,C1=CC=C(C=C1)COC(=O)C2=CC=CC=C2O,Shikimates and Phenylpropanoids,Phenolic acids (C6-C1),Simple phenolic acids,BENZYL SALICYLATE,True
YPQSPODHFDGVAC-UHFFFAOYSA-N,CCCCCCC(=O)OCCCC,Fatty acids,Fatty esters,Wax monoesters,BUTYL HEPTANOATE,True
DSSYKIVIOFKYAU-XCBNKYQSSA-N,C[C@@]12CC[C@@H](C1(C)C)CC2=O,Terpenoids,Monoterpenoids,Camphane monoterpenoids,D-CAMPHOR,True
HQKQRXZEXPXXIG-DTWJZALFSA-N,C[C@@H]1CC[C@@H]2[C@]13CC[C@@]([C@H](C3)C2(C)C)(C)OC(=O)C,Terpenoids,Sesquiterpenoids,Cedrane and Isocedrane sesquiterpenoids,Cedryl acetate,True
QMVPMAAFGQKVCJ-UHFFFAOYSA-N,CC(CCC=C(C)C)CCO,,,,,False
RFDUMBPGZUIKOG-UHFFFAOYSA-N,CCCCCCCOC(=O)C(C)C,Fatty acids,Fatty esters,Wax monoesters,Heptyl 2-methylpropanoate,True
GUUHFMWKWLOQMM-NTCAYCPXSA-N,CCCCCC/C(=C\C1=CC=CC=C1)/C=O,Shikimates and Phenylpropanoids,,,,True
KGEKLUUHTZCSIP-FOGDFJRCSA-N,CC(=O)O[C@@H]1C[C@H]2CC[C@@]1(C2(C)C)C,Terpenoids,Monoterpenoids,Camphane monoterpenoids,Isobornyl acetate,True
UPPSFGGDKACIKP-UHFFFAOYSA-N,CC1=CC=C(C=C1)OC(=O)C(C)C,Terpenoids,,,p-Tolyl isobutyrate,True
FDJBDZVTTXWIQM-UHFFFAOYSA-N,CC1=CC=CC=C1OC(=O)C(C)C,Polyketides,,,o-Tolyl isobutyrate,True
OJEQSSJFSNLMLB-UHFFFAOYSA-N,CC1=CC=C(C=C1)OC(=O)CC2=CC=CC=C2,Shikimates and Phenylpropanoids,Phenylpropanoids (C6-C3),,p-Tolyl phenylacetate,True
VKJIAEQRKBQLLA-UHFFFAOYSA-N,CC1=NC=CN=C1OC,Alkaloids,Tetramate alkaloids,Pyrazine and Piperazine alkaloids,2-METHOXY-3-METHYLPYRAZINE,True
XXIKYCPRDXIMQM-UHFFFAOYSA-N,CC(=CCOC(=O)C)C,Terpenoids,Meroterpenoids,Acyclic monoterpenoids,Prenyl acetate,True
ZMANZCXQSJIPKH-UHFFFAOYSA-N,CCN(CC)CC,Fatty acids,Fatty acyls,Hydrocarbons,TRIETHYLAMINE,True
ZTQSAGDEMFDKMZ-UHFFFAOYSA-N,CCCC=O,Fatty acids,Fatty acyls,Fatty aldehydes,butyraldehyde,True
HGEVGSTXQGZPCL-UHFFFAOYSA-N,C(CCCC(=O)Cl)CCCC(=O)Cl,,,,,False
WKOLLVMJNQIZCI-UHFFFAOYSA-N,COC1=C(C=CC(=C1)C(=O)O)O,Shikimates and Phenylpropanoids,Phenolic acids (C6-C1),Cinnamic acids and derivatives,Vanillic acid,True
IXQGCWUGDFDQMF-UHFFFAOYSA-N,CCC1=CC=CC=C1O,Polyketides,,,2-ETHYLPHENOL,True
BHUIUXNAPJIDOG-UHFFFAOYSA-N,C1OC2=C(O1)C=C(C=C2)CO,,,,Piperonyl alcohol,True
VXIXUWQIVKSKSA-UHFFFAOYSA-N,C1=CC=C2C(=C1)C(=CC(=O)O2)O,Shikimates and Phenylpropanoids,Coumarins,Simple coumarins,4-Hydroxycoumarin,True
AZOCECCLWFDTAP-UHFFFAOYSA-N,CC1CCC(CC1=O)C(=C)C,,,,,False
ACZGCWSMSTYWDQ-UHFFFAOYSA-N,C1C2=CC=CC=C2OC1=O,Shikimates and Phenylpropanoids,Coumarins,Isocoumarins,2-Coumaranone,True
MWVFCEVNXHTDNF-UHFFFAOYSA-N,CCCC(=O)C(=O)C,Fatty acids,Fatty acyls,Oxygenated hydrocarbons,"2,3-HEXANEDIONE",True
NGAZZOYFWWSOGK-UHFFFAOYSA-N,CCCCC(=O)CC,Fatty acids,Fatty acyls,Oxygenated hydrocarbons,3-Heptanone,True
KVFQMAZOBTXCAZ-UHFFFAOYSA-N,CCC(=O)C(=O)CC,Fatty acids,Fatty acyls,Oxygenated hydrocarbons,"3,4-HEXANEDIONE",True
MSTDXOZUKAQDRL-UHFFFAOYSA-N,C1COC2=CC=CC=C2C1=O,Shikimates and Phenylpropanoids,Isoflavonoids,,4-Chromanone,True
HJWLCRVIBGQPNF-UHFFFAOYSA-N,C=CCC1=CC=CC=C1,Shikimates and Phenylpropanoids,Phenylpropanoids (C6-C3),Cinnamic acids and derivatives,ALLYLBENZENE,True
NORZZKKLCYMBBF-UHFFFAOYSA-N,CCCCOC(=O)C(C)OC(=O)CCC,Fatty acids,Fatty esters,Wax monoesters,Butyl butyryllactate,True
NMJJFJNHVMGPGM-UHFFFAOYSA-N,CCCCOC=O,Fatty acids,Fatty esters,Wax monoesters,BUTYL FORMATE,True
ZVEZMVFBMOOHAT-UHFFFAOYSA-N,CCCCCCCCCS,,,,,False
IPBVNPXQWQGGJP-UHFFFAOYSA-N,CC(=O)OC1=CC=CC=C1,Shikimates and Phenylpropanoids,Phenolic acids (C6-C1),Simple phenolic acids,PHENYL ACETATE,True
MMFCJPPRCYDLLZ-UHFFFAOYSA-N,CCCCCCCC=CC=O,,,,,False
KGEKLUUHTZCSIP-UHFFFAOYSA-N,CC(=O)OC1CC2CCC1(C2(C)C)C,,,,,False
JRFITZGBELIFQM-UHFFFAOYSA-N,CC(=C)C1CCC2(OC(C1)OO2)C,Terpenoids,Monoterpenoids,Menthane monoterpenoids,r-limonene,True
IGIDLTISMCAULB-UHFFFAOYSA-N,CCC(C)CC(=O)O,,,,,False
OVBFMEVBMNZIBR-UHFFFAOYSA-N,CCCC(C)C(=O)O,,,,,False
KRKNYBCHXYNGOX-UHFFFAOYSA-N,C(C(=O)O)C(CC(=O)O)(C(=O)O)O,Fatty acids,Fatty Acids and Conjugates,Hydroxy fatty acids,citric acid,True
WPYMKLBDIGXBTP-UHFFFAOYSA-N,C1=CC=C(C=C1)C(=O)O,Shikimates and Phenylpropanoids,Phenolic acids (C6-C1),Simple phenolic acids,benzoic acid,True
XIYPXOFSURQTTJ-NSCUHMNNSA-N,CC(=O)/C=C/C1=CC2=C(C=C1)OCO2,,,,,False
KCDXJAYRVLXPFO-UHFFFAOYSA-N,COC1=CC(=CC(=C1O)OC)C=O,Shikimates and Phenylpropanoids,Phenolic acids (C6-C1),Cinnamic acids and derivatives,SYRINGALDEHYDE,True
OTMFQLIUPDESAI-UHFFFAOYSA-N,CCOC1=C(C=C(C=C1)CC=C)OC,Shikimates and Phenylpropanoids,Phenylpropanoids (C6-C3),Cinnamic acids and derivatives,Ethyleugenol,True
QGNDNDFXCNBMKI-FPLPWBNLSA-N,CCCCCC/C=C\CCC=O,,,,,False
YBBNUDDZOWRHOD-WAYWQWQTSA-N,CCCC/C=C\CCCCC=O,,,,,False
QPULDJYQYDGZEI-WAYWQWQTSA-N,CCCC/C=C\CCC=O,,,,,False
CRPUJAZIXJMDBK-BDAKNGLRSA-N,CC1([C@H]2CC[C@H](C2)C1=C)C,Terpenoids,Monoterpenoids,Camphane monoterpenoids,(-)-camphene,True
KRCZYMFUWVJCLI-OPRDCNLKSA-N,C[C@@H]1CC[C@H](C[C@H]1O)C(=C)C,Terpenoids,Monoterpenoids,Menthane monoterpenoids,(-)-dihydrocarveol,True
CCEFMUBVSUDRLG-IDKOKCKLSA-N,CC(=C)[C@H]1CCC2(C(C1)O2)C,Terpenoids,Monoterpenoids,Menthane monoterpenoids,"Limonene oxide, (-)-",True
RUMOYJJNUMEFDD-SNVBAGLBSA-N,CC(=C)[C@H]1CCC(=CC1)C=O,Terpenoids,Monoterpenoids,Menthane monoterpenoids,18031-40-8,True
CRPUJAZIXJMDBK-DTWKUNHWSA-N,CC1([C@@H]2CC[C@@H](C2)C1=C)C,Terpenoids,Monoterpenoids,Camphane monoterpenoids,(+)-Camphene,True
KRCZYMFUWVJCLI-GUBZILKMSA-N,C[C@H]1CC[C@@H](C[C@@H]1O)C(=C)C,Terpenoids,Monoterpenoids,Menthane monoterpenoids,(+)-Dihydrocarveol,True
CCEFMUBVSUDRLG-UHFFFAOYSA-N,CC(=C)C1CCC2(C(C1)O2)C,,,,,False
RUMOYJJNUMEFDD-JTQLQIEISA-N,CC(=C)[C@@H]1CCC(=CC1)C=O,Terpenoids,Monoterpenoids,Menthane monoterpenoids,(+)-Perillaldehyde,True
LJSQFQKUNVCTIA-UHFFFAOYSA-N,CCSCC,Fatty acids,Fatty acyls,Fatty alcohols,Diethyl sulfide,True
ALVZNPYWJMLXKV-UHFFFAOYSA-N,C(CCCCO)CCCCO,Fatty acids,Fatty acyls,Fatty alcohols,"1,9-NONANEDIOL",True
VADKRMSMGWJZCF-UHFFFAOYSA-N,C1=CC=C(C(=C1)O)Br,Shikimates and Phenylpropanoids,,,2-BROMOPHENOL,True
DHXVGJBLRPWPCS-UHFFFAOYSA-N,C1CCOCC1,,,,TETRAHYDROPYRAN,True
QCHZKUPVENJLAW-FYWRMAATSA-N,CCCCC/C(=C\C1=CC=CC=C1)/C(OC)OC,,,,,False
HEVMDQBCAHEHDY-UHFFFAOYSA-N,COC(C1=CC=CC=C1)OC,Shikimates and Phenylpropanoids,,,Benzaldehyde dimethyl acetal,True
RWOZGGOKRKSHKN-UHFFFAOYSA-N,CC1=C(C(=C(C(=C1C)C)C=O)C)C,Shikimates and Phenylpropanoids,,,Pentamethylbenzaldehyde,True
BGTBFNDXYDYBEY-UHFFFAOYSA-N,CC=CC(=O)C1=C(CCCC1(C)C)C,,,,,False
OHDFENKFSKIFBJ-UHFFFAOYSA-N,CC1=C(C=CO1)SSC2=C(OC=C2)C,Polyketides,Cyclic polyketides,4-pyrone derivatives,Bis(2-methyl-3-furyl)disulfide,True
SWUIQEBPZIHZQS-UHFFFAOYSA-N,CC1=CC2=C(C=C1)OCC(=O)CO2,,,,,False
HQKQRXZEXPXXIG-UHFFFAOYSA-N,CC1CCC2C13CCC(C(C3)C2(C)C)(C)OC(=O)C,,,,,False
RTNPCOBSXBGDMO-ARJAWSKDSA-N,CC/C=C\CCCCC=O,Fatty acids,Fatty acyls,Fatty aldehydes,,True
TXWOGHSRPAYOML-UHFFFAOYSA-N,C1CC(C1)C(=O)O,,,,,False
VOATZOQREKBJMT-UHFFFAOYSA-N,CCC(=C)CCCC(C)(C)O,Terpenoids,Monoterpenoids,Acyclic monoterpenoids,2-Methyl-6-methyleneoctan-2-ol,True
GVOWHGSUZUUUDR-UHFFFAOYSA-N,CNC1=CC=CC=C1C(=O)OC,Alkaloids,Anthranilic acid alkaloids,Anthranillic acid derivatives,Methyl 2-(methylamino)benzoate,True
JSNRRGGBADWTMC-UHFFFAOYSA-N,CC(=CCCC(=CCCC(=C)C=C)C)C,,,,,False
HZPKNSYIDSNZKW-UHFFFAOYSA-N,CCCC(C)C(=O)OCC,,,,,False
CETBSQOFQKLHHZ-UHFFFAOYSA-N,CCSSCC,,,,DIETHYL DISULFIDE,True
YIKYNHJUKRTCJL-UHFFFAOYSA-N,CCC1=C(C(=O)C=CO1)O,Polyketides,Cyclic polyketides,4-pyrone derivatives,Ethyl maltol,True
FVUGZKDGWGKCFE-UHFFFAOYSA-N,CC1CC2=C(CC1(C)C(=O)C)C(CCC2)(C)C,,,,,False
NUPSHWCALHZGOV-UHFFFAOYSA-N,CCCCCCCCCCOC(=O)C,Fatty acids,Fatty esters,Wax monoesters,DECYL ACETATE,True
OGJYXQFXLSCKTP-LCYFTJDESA-N,CC(C)C(=O)OC/C=C(/C)\CCC=C(C)C,Fatty acids,Monoterpenoids,Acyclic monoterpenoids,,True
AVBRYQRTMPHARE-UHFFFAOYSA-N,CCCCCCCCOC=O,Fatty acids,Fatty esters,Wax monoesters,Octyl formate,True
TWSRVQVEYJNFKQ-UHFFFAOYSA-N,CCCCCOC(=O)CC,Fatty acids,Fatty esters,Wax monoesters,Pentyl propionate,True
PFWYHTORQZAGCA-UHFFFAOYSA-N,CC(=O)OCC1=CC2=C(C=C1)OCO2,Shikimates and Phenylpropanoids,,,PIPERONYL ACETATE,True
WYURNTSHIVDZCO-UHFFFAOYSA-N,C1CCOC1,,,,TETRAHYDROFURAN,True
SSNZFFBDIMUILS-ZHACJKMWSA-N,CCCCCCCCC/C=C/C=O,Fatty acids,Fatty acyls,Fatty aldehydes,,True
ACWQBUSCFPJUPN-HWKANZROSA-N,C/C=C(\C)/C=O,Fatty acids,Fatty acyls,Fatty aldehydes,,True
GRHQDJDRGZFIPO-UHFFFAOYSA-N,C(CC(=O)O)CBr,,,,,False
WNXNUPJZWYOKMW-UHFFFAOYSA-N,C(CCBr)CC(=O)O,,,,,False
VLFBSPUPYFTTNF-UHFFFAOYSA-N,CC(CC1=CC=C(C=C1)OC)C=O,,,,,False
MNRZECIRFMLTEY-UHFFFAOYSA-N,CC(C)(C)C1=CC=C(C=C1)OCC=O,,,,,False
YGCZTXZTJXYWCO-UHFFFAOYSA-N,C1=CC=C(C=C1)CCC=O,Shikimates and Phenylpropanoids,Phenylpropanoids (C6-C3),Cinnamic acids and derivatives,3-Phenylpropanal,True
NHFRGTVSKOPUBK-UHFFFAOYSA-N,C1=CC=C(C=C1)CCCC=O,,,,,False
SQGBBDFDRHDJCJ-UHFFFAOYSA-N,CC(CCO)C1=CC=CC=C1,,,,,False
RWGFKTVRMDUZSP-UHFFFAOYSA-N,CC(C)C1=CC=CC=C1,Terpenoids,Monoterpenoids,Menthane monoterpenoids,CUMENE,True
FINOPSACFXSAKB-UHFFFAOYSA-N,C1=CC=C(C=C1)CCCCC=O,,,,,False
NFLGAXVYCFJBMK-DTWKUNHWSA-N,C[C@H]1CC[C@@H](C(=O)C1)C(C)C,Terpenoids,Monoterpenoids,Menthane monoterpenoids,(+)-Menthone,True
BAVONGHXFVOKBV-YHMJZVADSA-N,CC1=CC[C@H](CC1O)C(=C)C,,,,,False
GSOHKPVFCOWKPU-UHFFFAOYSA-N,CC(C(=O)C)C(=O)C,Fatty acids,Fatty acyls,Oxygenated hydrocarbons,"3-Methyl-2,4-pentanedione",True
IGMOYJSFRIASIE-UHFFFAOYSA-N,CC(C)CC(=O)CC(=O)C,,,,,False
GJYXGIIWJFZCLN-UHFFFAOYSA-N,CCCCC(=O)CC(=O)C,Fatty acids,Fatty acyls,Oxygenated hydrocarbons,"2,4-Octanedione",True
KFBXUKHERGLHLG-UHFFFAOYSA-N,CCCCCC(=O)CC(=O)C,,,,,False
ZFNVDHOSLNRHNN-UHFFFAOYSA-N,CC(C)C1=CC=C(C=C1)CC(C)C=O,,,,,False
JFTSYAALCNQOKO-UHFFFAOYSA-N,CCC1=CC=C(C=C1)CC(C)(C)C=O,,,,,False
DYUQAZSOFZSPHD-UHFFFAOYSA-N,CCC(C1=CC=CC=C1)O,,,,,False
XPDORSROGAZEGY-UHFFFAOYSA-N,COC1=CC=C(C=C1)COC=O,Shikimates and Phenylpropanoids,Phenolic acids (C6-C1),Simple phenolic acids,4-Methoxybenzyl formate,True
NFAVNWJJYQAGNB-UHFFFAOYSA-N,CCCCCCCCCC(C)C=O,,,,,False
VLUMOWNVWOXZAU-UHFFFAOYSA-N,CC(=CC1=CC=CC=C1)C=O,,,,,False
XHJJEWBMBSQVCJ-UHFFFAOYSA-N,CC1=CC(=O)CC(C1)C(C)C,Terpenoids,Monoterpenoids,Menthane monoterpenoids,Hexetone,True
DFJMIMVMOIFPQG-UHFFFAOYSA-N,CC(CCC1=CC=CC=C1)CC=O,,,,3-methyl-5-phenylpentanal,True
HEPHYCJJLAUKSB-UHFFFAOYSA-N,CC(CC1=CC=CC=C1)C=O,,,,,False
SGVBCLGVIOFAFT-UHFFFAOYSA-N,CC1=CC=C(C=C1)CC(C)C=O,,,,41496-43-9,True
VSBHYRPUJHEOBE-UHFFFAOYSA-N,CC1=C(C(=O)C=CO1)OC(=O)C(C)C,,,,,False
XWEOGMYZFCHQNT-UHFFFAOYSA-N,CCOC(=O)CC1(OCCO1)C,,,,,False
VSRVCSJJKWDZSH-UHFFFAOYSA-N,CCCCCC1COCCC1OC(=O)C,,,,,False
XCWPXUNHSPOFGV-UHFFFAOYSA-N,CC(C)CCOCC(=O)OCC=C,,,,,False
UWKAYLJWKGQEPM-UHFFFAOYSA-N,CC(=CCCC(C)(C=C)OC(=O)C)C,,,,,False
UOGMZEGKCNHMBF-UHFFFAOYSA-N,COC1CC2CC1C3C2CC(C3)C=O,,,,,False
NKZPGPZCKPODMT-UHFFFAOYSA-N,CC(CC=O)C1=CC=C(C=C1)C(C)(C)C,,,,,False
RECUKUPTGUEGMW-UHFFFAOYSA-N,CC1=C(C=C(C=C1)C(C)C)O,Terpenoids,Monoterpenoids,Menthane monoterpenoids,CARVACROL,True
WSTQLNQRVZNEDV-CSKARUKUSA-N,CCCCCC(/C(=C/CC)/C)O,,,,,False
GFVWSUIPAJYAEG-UHFFFAOYSA-N,CC(C)(C)C1CCCCC1OCCCCO,,,,,False
HGDVHRITTGWMJK-UHFFFAOYSA-N,CC(C)CCCC(C)(C)O,,,,,False
VPKMGDRERYMTJX-CMDGGOBGSA-N,CCC(=O)/C=C/C1C(=CCCC1(C)C)C,Terpenoids,Apocarotenoids,Apocarotenoids(ε-),,True
CRIGTVCBMUKRSL-FNORWQNLSA-N,C/C=C/C(=O)C1C(=CCCC1(C)C)C,Terpenoids,Apocarotenoids,Apocarotenoids(ε-),,True
ZALVGSSYVAPZDA-UHFFFAOYSA-N,CCCCCCCCC(OC(=O)C)OC(=O)C,,,,,False
GPMLJOOQCIHFET-UHFFFAOYSA-N,CC1CC(CO1)(C)C2=CC=CC=C2,,,,RHUBAFURAN,True
CHLICZRVGGXEOD-UHFFFAOYSA-N,CC1=CC=C(C=C1)OC,,,,4-Methylanisole,True
XMLSXPIVAXONDL-PLNGDYQASA-N,CC/C=C\CC1=C(CCC1=O)C,Fatty acids,Octadecanoids,Jasmonic acids,,True
BVWTXUYLKBHMOX-UHFFFAOYSA-N,COC1=C(C=CC(=C1)C(=O)OC)O,Shikimates and Phenylpropanoids,Phenolic acids (C6-C1),Simple phenolic acids,Methyl vanillate,True
NNWHUJCUHAELCL-SNAWJCMRSA-N,C/C=C/C1=CC(=C(C=C1)OC)OC,Shikimates and Phenylpropanoids,Phenylpropanoids (C6-C3),Cinnamic acids and derivatives,Methylisoeugenol,True
ZGEHHVDYDNXYMW-UPHRSURJSA-N,C1CCC/C=C\CCCCCCC(=O)CCC1,,,,,False
KHQDWCKZXLWDNM-KPKJPENVSA-N,CC/C(=C\CC1CC=C(C1(C)C)C)/CO,,,,,False
NKMKFQCVDZVEJR-CSKARUKUSA-N,CC1C/C=C/CCCCCCCCCC(=O)C1,,,,,False
DEFJQIDDEAULHB-QWWZWVQMSA-N,C[C@H](C(=O)N[C@H](C)C(=O)O)N,Amino acids and Peptides,Small peptides,Dipeptides,D-alanyl-D-alanine,True
JYWNYMJKURVPFH-UHFFFAOYSA-N,CC(=O)NCCC(=O)C1=C(C=CC(=C1)OC)NC=O,Alkaloids,Peptide alkaloids,Simple amide alkaloids,AFMK,True
VMJQLPNCUPGMNQ-UHFFFAOYSA-N,CC1=C(C=C2CCC(OC2=C1C)(C)CCC(=O)O)O,Terpenoids,Meroterpenoids,Prenyl quinone meroterpenoids,Gamma-CEHC,True
HHDDCCUIIUWNGJ-UHFFFAOYSA-N,C(C(=O)C(=O)O)O,Fatty acids,Fatty Acids and Conjugates,,3-Hydroxypyruvic acid,True
KMYWVDDIPVNLME-KQYNXXCUSA-N,C1=NC(=C2C(=N1)N(C=N2)[C@H]3[C@H]4[C@@H]([C@H](O3)CO)OP(=O)(O4)O)N,Carbohydrates,Nucleosides,Purine nucleos(t)ides,"2',3'-Cyclic AMP",True
BZLYOWSSNHNYKW-UHFFFAOYSA-N,CC(C1CCCC(C1)(C)C)OC(C)(C)COC(=O)C2CC2,,,,,False
RBNPOMFGQQGHHO-REOHCLBHSA-N,C([C@@H](C(=O)O)O)O,Fatty acids,Fatty Acids and Conjugates,Hydroxy fatty acids,"(2S)-2,3-dihydroxypropanoic acid",True
XGUHPTGEXRHMQQ-BGJMDTOESA-N,C[C@]12CC[C@H]3[C@H]([C@@H]1CCC2=O)CCC4=CC(=O)CC[C@]34CO,Terpenoids,Steroids,Androstane steroids,"19-Hydroxyandrost-4-ene-3,17-dione",True
RAJWOBJTTGJROA-WZNAKSSCSA-N,C[C@]12CCC(=O)C[C@@H]1CC[C@@H]3[C@@H]2CC[C@]4([C@H]3CCC4=O)C,Terpenoids,Steroids,Androstane steroids,Androstanedione,True
RFMMMVDNIPUKGG-YFKPBYRVSA-N,CC(=O)N[C@@H](CCC(=O)O)C(=O)O,Amino acids and Peptides,Small peptides,Dipeptides,N-Acetyl-L-glutamic acid,True
PZDOWFGHCNHPQD-OQPGPFOOSA-N,C([C@@H]1[C@H]([C@@H]([C@H]([C@H](O1)O[C@@H](C=O)[C@H]([C@@H]([C@@H](CO)O)O)O)O)O)O)O,Carbohydrates,Saccharides,Disaccharides,Kojibiose,True
QXZGBUJJYSLZLT-FDISYFBBSA-N,C1C[C@H](N(C1)C(=O)[C@@H]2CCCN2C(=O)[C@H](CCCN=C(N)N)N)C(=O)NCC(=O)N[C@@H](CC3=CC=CC=C3)C(=O)N[C@@H](CO)C(=O)N4CCC[C@H]4C(=O)N[C@@H](CC5=CC=CC=C5)C(=O)N[C@@H](CCCN=C(N)N)C(=O)O,Amino acids and Peptides,Oligopeptides,Linear peptides,BRADYKININ,True
MCSCIFLXNFLCDV-UHFFFAOYSA-N,CC1=CNC(=O)N1,,,,,False
XVFMGWDSJLBXDZ-UHFFFAOYSA-O,C1=CC(=CC=C1C2=[O+]C3=CC(=CC(=C3C=C2O)O)O)O,Shikimates and Phenylpropanoids,Flavonoids,Anthocyanidins,Pelargonidin,True
DHMQDGOQFOQNFH-UHFFFAOYSA-N,C(C(=O)O)N,Amino acids and Peptides,Small peptides,Aminoacids,glycine,True
KPGXRSRHYNQIFN-UHFFFAOYSA-N,C(CC(=O)O)C(=O)C(=O)O,Fatty acids,Fatty Acids and Conjugates,Dicarboxylic acids,2-ketoglutaric acid,True
XSQUKJJJFZCRTK-UHFFFAOYSA-N,C(=O)(N)N,Alkaloids,,,urea,True
ZQISRDCJNBUVMM-YFKPBYRVSA-N,C1=C(NC=N1)C[C@@H](CO)N,Alkaloids,,,(2S)-2-amino-3-(1H-imidazol-4-yl)propan-1-ol,True
CLGFIVUFZRGQRP-UHFFFAOYSA-N,C12=C(NC(=NC1=O)N)NC(=O)N2,Alkaloids,Pseudoalkaloids,pteridine alkaloids,"2-imino-3,9-dihydropurine-6,8-diol",True
HNJBEVLQSNELDL-UHFFFAOYSA-N,C1CC(=O)NC1,,,,"3,4-dihydro-2H-pyrrol-5-ol",True
MUMGGOZAMZWBJJ-KZYORJDKSA-N,C[C@]12CC[C@H]3[C@H]([C@@H]1CC[C@H]2O)CCC4=CC(=O)CC[C@]34C,Terpenoids,Steroids,Androstane steroids,Epitestosterone,True
PROQIPRRNZUXQM-ZXXIGWHRSA-N,C[C@]12CC[C@H]3[C@H]([C@@H]1C[C@H]([C@@H]2O)O)CCC4=C3C=CC(=C4)O,Terpenoids,Steroids,Estrane steroids,estriol,True
LBTVHXHERHESKG-UHFFFAOYSA-N,COC1=C(C=CC(=C1)CCC(=O)CC(=O)CCC2=CC(=C(C=C2)O)OC)O,Shikimates and Phenylpropanoids,Diarylheptanoids,Linear diarylheptanoids,Tetrahydrocurcumin,True
JFLIEFSWGNOPJJ-JTQLQIEISA-N,C1=CC=C(C=C1)CC(=O)N[C@@H](CCC(=O)N)C(=O)O,Amino acids and Peptides,Small peptides,Dipeptides,Phenylacetylglutamine,True
MUMGGOZAMZWBJJ-DYKIIFRCSA-N,C[C@]12CC[C@H]3[C@H]([C@@H]1CC[C@@H]2O)CCC4=CC(=O)CC[C@]34C,Terpenoids,Steroids,Androstane steroids,testosterone,True
OTGQIQQTPXJQRG-UHFFFAOYSA-N,CCCCCCCCCCCCCCCCCC(=O)NCCO,Fatty acids,Fatty amides,N-acyl ethanolamines (endocannabinoids),N-(2-Hydroxyethyl)octadecanamide,True
AEMFNILZOJDQLW-QAGGRKNESA-N,C[C@]12CCC(=O)C=C1CC[C@@H]3[C@@H]2CC[C@]4([C@H]3CCC4=O)C,Terpenoids,Steroids,Androstane steroids,androstenedione,True
HXYVTAGFYLMHSO-UHFFFAOYSA-N,CCCCCCCCCCCCCCCC(=O)NCCO,Fatty acids,Fatty amides,N-acyl ethanolamines (endocannabinoids),Palmitoylethanolamide,True
GUBGYTABKSRVRQ-QUYVBRFLSA-N,C([C@@H]1[C@H]([C@@H]([C@H]([C@H](O1)O[C@@H]2[C@H](O[C@H]([C@@H]([C@H]2O)O)O)CO)O)O)O)O,Carbohydrates,Saccharides,Disaccharides,maltose,True
FKCRAVPPBFWEJD-XVFCMESISA-N,C1=C(N(C(=O)NC1=O)[C@H]2[C@@H]([C@@H]([C@H](O2)CO)O)O)C(=O)O,Carbohydrates,Nucleosides,Pyrimidine nucleos(t)ides,Orotidine,True
RZVAJINKPMORJF-UHFFFAOYSA-N,CC(=O)NC1=CC=C(C=C1)O,,,,,False
YZXBAPSDXZZRGB-DOFZRALJSA-N,CCCCC/C=C\C/C=C\C/C=C\C/C=C\CCCC(=O)O,Fatty acids,Fatty Acids and Conjugates,Unsaturated fatty acids,,True
CCPPLLJZDQAOHD-FLIBITNWSA-N,CCCCCC1C(O1)C/C=C\CCCCCCCC(=O)O,Fatty acids,Fatty Acids and Conjugates,Epoxy fatty acids,,True
SHGAZHPCJJPHSC-XFYACQKRSA-N,CC1=C(C(CCC1)(C)C)/C=C/C(=C/C=C/C(=C\C(=O)O)/C)/C,Terpenoids,Apocarotenoids,Apocarotenoids (β-),,True
UKDKTHYZLXZOSS-UHFFFAOYSA-N,CC(=O)NC(CC1=CC(=C(C=C1)O)OC)C(=O)O,Alkaloids,Small peptides,Dipeptides,N-Acetylvanilalanine,True
NPAGDVCDWIYMMC-IZPLOLCNSA-N,C[C@]12CC[C@H]3[C@H]([C@@H]1CC[C@@H]2O)CCC4=CC(=O)CC[C@H]34,Terpenoids,Steroids,Estrane steroids,nandrolone,True
MQTAVJHICJWXBR-UHFFFAOYSA-N,CC(=O)NCCCNCCCCN,Alkaloids,Ornithine alkaloids,Polyamines,N1-Acetylspermidine,True
MNQZXJOMYWMBOU-UHFFFAOYSA-N,C(C(C=O)O)O,,,,,False
QUOGESRFPZDMMT-YFKPBYRVSA-N,C(CCN=C(N)N)C[C@@H](C(=O)O)N,Amino acids and Peptides,Small peptides,Aminoacids,L-Homoarginine,True
FONIWJIDLJEJTL-UHFFFAOYSA-N,CC(=O)NCCCCNCCCN,Alkaloids,Ornithine alkaloids,Polyamines,N8-Acetylspermidine,True
UZTFMUBKZQVKLK-UHFFFAOYSA-N,CC(=O)NCCCC(=O)O,Fatty acids,Fatty Acids and Conjugates,Unsaturated fatty acids,4-Acetamidobutyric acid,True
PECYZEOJVXMISF-UHFFFAOYSA-N,C(C(C(=O)O)N)N,,,,,False
YDGMGEXADBMOMJ-LURJTMIESA-N,CN(C)C(=NCCC[C@@H](C(=O)O)N)N,Amino acids and Peptides,Small peptides,Aminoacids,"(2~{S})-2-amino-5-[(~{N},~{N}-dimethylcarbamimidoyl)amino]pentanoic acid",True
JSJWCHRYRHKBBW-UHFFFAOYSA-N,C(CNC(=O)N)C(=O)O,Amino acids and Peptides,Small peptides,Aminoacids,3-Ureidopropionic acid,True
PHENTZNALBMCQD-UHFFFAOYSA-N,CC(CNC(=O)N)C(=O)O,Amino acids and Peptides,Small peptides,Aminoacids,beta-Ureidoisobutyric acid,True
KLZGKIDSEJWEDW-UHFFFAOYSA-N,CC(=O)NCCCCN,Alkaloids,Ornithine alkaloids,Polyamines,N-(4-aminobutyl)acetamide,True
FCCDDURTIIUXBY-UHFFFAOYSA-N,C1CSSC1CCCCC(=O)N,,,,,False
NTYJJOPFIAHURM-UHFFFAOYSA-N,C1=C(NC=N1)CCN,Alkaloids,Histidine alkaloids,Imidazole alkaloids,Histamine,True
XLSMFKSTNGKWQX-UHFFFAOYSA-N,CC(=O)CO,,,,Hydroxyacetone,True
YNYAYWLBAHXHLL-UHFFFAOYSA-N,COC1=C(C=CC(=C1)C(CN)O)O,,,,,False
UHWURQRPEIFIAK-UHFFFAOYSA-N,CC1=C(C=C2C(=C1[N+](=O)[O-])C(CC2(C)C)(C)C)[N+](=O)[O-],Terpenoids,Sesquiterpenoids,Botryane sesquiterpenoids,Moskene,True
SUAUILGSCPYJCS-UHFFFAOYSA-N,CC1=C(C=C(C(=C1[N+](=O)[O-])OC)C(C)(C)C)[N+](=O)[O-],,,,MUSK AMBRETTE,True
RWSDULKUTPNPMB-UHFFFAOYSA-N,CCC(=O)OCC(C)(C)CC1=C(CCC1C(=C)C)C,Terpenoids,,,Cyclopentenyl propionate musk,True
WRFXXJKURVTLSY-UHFFFAOYSA-N,CCC(C)CCCC(C)(C)O,,,,,False
ZYIJXTQXQNXPSH-FMIVXFBMSA-N,CC(C)/C=C(\C)/C(C)OC(C)(C)COC(=O)C1CC1,,,,,False
VDBHOHJWUDKDRW-UHFFFAOYSA-N,CC1C(C2=C(C1(C)C)C=C(C(=C2)C)C(=O)C)(C)C,,,,,False
IMRYETFJNLKUHK-UHFFFAOYSA-N,CC1C(C2=C(C1(C)C)C=C(C(=C2)C(=O)C)C)C(C)C,,,,,False
OHHWFLWQMHUVFQ-YNZJMPHRSA-N,C[C@H]1CC(C2=C(C1(C)C)C[C@@]3([C@H](C2)O3)C)(C)C,,,,,False
ZGXVZQZFVYSUDU-ULYHCOEVSA-N,CC(=C)C(=O)O[C@H]1C[C@]23[C@H](O2)CC/C(=C/[C@@H]4[C@@H]1C(=C)C(=O)O4)/CO[C@H]3O,,,,,False
LOKPJYNMYCVCRM-UHFFFAOYSA-N,C1CCCCCCCC(=O)OCCCCCCC1,Fatty acids,Fatty esters,Lactones,16-Hexadecanolide,True
JIYIHILAGIZIMD-UHFFFAOYSA-N,C1CCCCCC(=O)CCC=CCCCC1,,,,,False
MKEIDVFLAWJKMY-UHFFFAOYSA-N,C1CCCCC(=O)OCCCCCOCCCC1,Fatty acids,Fatty esters,Lactones,"1,7-Dioxacycloheptadecan-8-one",True
ABRIMXGLNHCLIP-VURMDHGXSA-N,C1CCCCCC(=O)CCC/C=C\CCCC1,,,,,False
ZKVZSBSZTMPBQR-UPHRSURJSA-N,C1CCC/C=C\CCCCCCCC(=O)CCC1,Fatty acids,Fatty esters,Lactones,,True
GJJSUPSPZIZYPM-UHFFFAOYSA-N,C1CCCCCC(=O)OCCOC(=O)CCCC1,,,,,False
MRMOPGVGWFNHIN-UHFFFAOYSA-N,C1CCCCCOCCCCOC(=O)CCCC1,Fatty acids,Fatty esters,Lactones,"1,6-Dioxacycloheptadecan-7-one",True
NUSRNVWNTPMBJA-VURMDHGXSA-N,CC1CCOC(=O)CCCCCCC/C=C\C1,,,,,False
QILMAYXCYBTEDM-IWQZZHSRSA-N,C1CCC/C=C\CCCCCCOC(=O)CCC1,,,,,False
MZLRFHKWWCSGHB-UHFFFAOYSA-N,C1CCCCOCCCCCCOC(=O)CCC1,,,,,False
XSNQECSCDATQEL-UHFFFAOYSA-N,CC(CCCC(C)(C)O)C=C,,,,,False
IPWBXORAIBJDDQ-UHFFFAOYSA-N,CCCCCCC1C(CCC1=O)C(=O)OC,,,,,False
DUNCVNHORHNONW-UHFFFAOYSA-N,CC(C)(CCCC(=C)C=C)O,Terpenoids,Monoterpenoids,Acyclic monoterpenoids,Myrcenol,True
KZZASWGRLOTITL-UHFFFAOYSA-N,CC(C)(CCC1CCCCC1)O,,,,,False
FUNYLZYOEJSMTO-UHFFFAOYSA-N,CC1CCC(C(C1)C)C2=CC=CC=N2,,,,,False
DRTBYQJIHFSKDT-UHFFFAOYSA-N,CC(CCCC1=CC=CC=C1)CO,,,,,False
AKGGYBADQZYZPD-UHFFFAOYSA-N,CC(=O)CCC1=CC=CC=C1,Shikimates and Phenylpropanoids,,,BENZYLACETONE,True
DLHQZZUEERVIGQ-UHFFFAOYSA-N,CCC(C)(CCCC(C)C)O,Terpenoids,Monoterpenoids,Acyclic monoterpenoids,"3,7-Dimethyloctan-3-ol",True
PRNCMAKCNVRZFX-UHFFFAOYSA-N,CC(C)CCCC(C)CCO,,,,,False
WPPOGHDFAVQKLN-UHFFFAOYSA-N,CCCCCCCCN1CCCC1=O,,,,,False
DPVYDTACPLLHCF-UHFFFAOYSA-N,CC(C)(C)C(=O)OCCC1=CC=CC=C1,,,,2-Phenylethyl pivalate,True
QQLIGMASAVJVON-UHFFFAOYSA-N,CC(=O)C1=CC=CC2=CC=CC=C21,,,,,False
OXYRENDGHPGWKV-UHFFFAOYSA-N,CC(CCC1=CC=CC=C1)CCO,,,,,False
RPLWLQJSZFPHGM-NSCUHMNNSA-N,C/C=C/CCCCCCCC#N,,,,,False
DSOXXQLCMAEPEZ-ODYTWBPASA-N,CC/C=C\CC/C=C/C#N,,,,,False
LLYJRIQMURUPPF-XQRVVYSFSA-N,CCC(C1CCCC/C=C\C1)O,,,,,False
YZRXRLLRSPQHDK-UHFFFAOYSA-N,CCCCCCC1CCCC(=O)O1,Fatty acids,Fatty esters,Lactones,710-04-3,True
SAPMLSXAXRULJB-UHFFFAOYSA-N,CC(C)CCCC(C)CC#N,,,,,False
VDHRTASWKDTLER-ARJAWSKDSA-N,CC/C=C\CCCCO,Fatty acids,Fatty acyls,Fatty alcohols,,True
XJHRZBIBSSVCEL-ARJAWSKDSA-N,CC/C=C\CCCCCO,Fatty acids,Fatty acyls,Fatty alcohols,,True
KRLBLPBPZSSIGH-CSKARUKUSA-N,CC/C(=C/CCC(C)(C=C)O)/C,Terpenoids,Monoterpenoids,Acyclic monoterpenoids,,True
FMPXLXBVYDFXIC-UHFFFAOYSA-N,CC(C)OCCC1=CC=CC=C1,,,,,False
MTDAKBBUYMYKAR-UHFFFAOYSA-N,CC(CCC=C(C)C)CC#N,,,,,False
XPCSGXMQGQGBKU-UHFFFAOYSA-N,CCCCCCCCC(C)C#N,,,,,False
UIKJRDSCEYGECG-UHFFFAOYSA-N,CC(C)C(=O)OCC1=CC=CC=C1,,,,Benzyl isobutyrate,True
JIMGVOCOYZFDKB-UHFFFAOYSA-N,CC(C)CC(=O)OCCC1=CC=CC=C1,Fatty acids,Fatty esters,Wax monoesters,140-26-1,True
WXPWPYISTQCNDP-UHFFFAOYSA-N,C=CCCCCCCO,Fatty acids,Fatty acyls,Fatty alcohols,,True
GVONPEQEUQYVNH-SNAWJCMRSA-N,CC/C=C/CC1=C(C(=O)CC1)C,,,,,False
QGFSQVPRCWJZQK-UHFFFAOYSA-N,C=CCCCCCCCCO,Fatty acids,Fatty acyls,Fatty alcohols,9-DECEN-1-OL,True
FHUODBDRWMIBQP-UHFFFAOYSA-N,CCOC(=O)C1=CC=C(C=C1)OC,Shikimates and Phenylpropanoids,Phenolic acids (C6-C1),Shikimic acids and derivatives,Ethyl 4-methoxybenzoate,True
PRNJXUQTUSFYLV-NTCAYCPXSA-N,CC(=CCC/C(=C/CCC(C)(C=C)OC(=O)C)/C)C,Terpenoids,Sesquiterpenoids,Acyclic monoterpenoids,,True
YXVSKJDFNJFXAJ-UHFFFAOYSA-N,CC(C)(CCC1=CC=CC=C1)O,,,,2-Methyl-4-phenyl-2-butanol,True
TWXUTZNBHUWMKJ-UHFFFAOYSA-N,C=CCOC(=O)CCC1CCCCC1,Fatty acids,Fatty esters,Wax monoesters,2705-87-5,True
JTHVYOIHZNYRCC-UHFFFAOYSA-N,CCCCCCC1CCCC1=O,,,,,False
VZBFPIMCUSPDLS-UHFFFAOYSA-N,CCCCCCC(C)(CC)O,,,,,False
VONGZNXBKCOUHB-UHFFFAOYSA-N,CCCC(=O)OCC1=CC=CC=C1,Fatty acids,Fatty esters,Wax monoesters,Benzyl butyrate,True
MQBIZQLCHSZBOI-UHFFFAOYSA-N,CC(=CCCC1=CCC(CC1)C=O)C,Terpenoids,Sesquiterpenoids,Bisabolane sesquiterpenoids,Myrac aldehyde,True
VNWOJVJCRAHBJJ-UHFFFAOYSA-N,CCCCCC1CCCC1=O,,,,2-PENTYLCYCLOPENTANONE,True
LOQFOBUZYRBURV-UHFFFAOYSA-N,CCCCCC1C(CC(=O)O1)C,,,,,False
VHOMAPWVLKRQAZ-UHFFFAOYSA-N,CCC(=O)OCC1=CC=CC=C1,Fatty acids,Fatty esters,Wax monoesters,BENZYL PROPIONATE,True
AXORVIZLPOGIRG-UHFFFAOYSA-N,CC(CN)C1=CC=CC=C1,,,,,False
SKQYTJLYRIFFCO-UHFFFAOYSA-N,CCCCCCCCCC1CCCC(=O)O1,Fatty acids,Fatty esters,Lactones,delta-Tetradecalactone,True
XPTXKXKPWKNYKB-UHFFFAOYSA-N,CCCCCCCC1CC=CC(=O)O1,,,,,False
HETFMJQWNWIBPN-UHFFFAOYSA-N,CCCCCCCCC=CC#N,,,,,False
STZUZYMKSMSTOU-UHFFFAOYSA-N,CCCCCC(CC)OC(=O)C,,,,,False
SZMNDOUFZGODBR-UHFFFAOYSA-N,CCCCCC(CCCC)O,,,,,False
PJXHBTZLHITWFX-UHFFFAOYSA-N,CCCCCCCC1CCCC1=O,,,,2-HEPTYLCYCLOPENTANONE,True
LMETVDMCIJNNKH-UHFFFAOYSA-N,CC(CCC=C(C)C)CCOCC=O,Terpenoids,Monoterpenoids,Acyclic monoterpenoids,Citronellyloxyacetaldehyde,True
KGWPHCDTOLQQEP-UHFFFAOYSA-N,CC1=C2C(=CC=C1)C=CN2,Alkaloids,Tryptophan alkaloids,Simple indole alkaloids,7-Methylindole,True
FTXUQEKXCJSWMO-UHFFFAOYSA-N,C1CCCCOC(=O)CCC1,,,,,False
ZWKNLRXFUTWSOY-QPJJXVBHSA-N,C1=CC=C(C=C1)/C=C/C#N,Shikimates and Phenylpropanoids,Flavonoids,Chalcones,,True
VXCUURYYWGCLIH-UHFFFAOYSA-N,CCCCCCCCCCCC#N,Fatty acids,Fatty acyls,Hydrocarbons,Dodecanenitrile,True
MJTPMXWJHPOWGH-UHFFFAOYSA-N,CC(C)C(=O)OCCOC1=CC=CC=C1,,,,2-Phenoxyethyl isobutyrate,True
YPKBCLZFIYBSHK-UHFFFAOYSA-N,CC1=CC2=C(C=C1)NC=C2,Alkaloids,Tryptophan alkaloids,Simple indole alkaloids,5-METHYLINDOLE,True
GOMAKLPNAAZVCJ-UHFFFAOYSA-N,CCOC(=O)C1C(O1)C2=CC=CC=C2,Shikimates and Phenylpropanoids,,,Ethyl 3-phenylglycidate,True
HFNGYHHRRMSKEU-UHFFFAOYSA-N,CC(=O)OCC1=CC=C(C=C1)OC,Shikimates and Phenylpropanoids,,,4-Methoxybenzyl acetate,True
FQMZVFJYMPNUCT-YRNVUSSQSA-N,CC(=CCC/C(=C/COC=O)/C)C,Terpenoids,Monoterpenoids,Acyclic monoterpenoids,,True
HIGQPQRQIQDZMP-FLIBITNWSA-N,CC(=CCC/C(=C\COC(=O)C)/C)C,Terpenoids,Monoterpenoids,Acyclic monoterpenoids,Neryl acetate,True
PXRBWNLUQYZAAX-UHFFFAOYSA-N,CCCCC1CCCC(=O)O1,Fatty acids,Fatty esters,Lactones,DELTA-NONALACTONE,True
RZZLMGATMUAJPX-UHFFFAOYSA-N,CCCCCCCCC1CCCC(=O)O1,Fatty acids,Fatty esters,Lactones,7370-92-5,True
BYCHQEILESTMQU-FMIVXFBMSA-N,CCC(=O)OC/C=C(\C)/CCC=C(C)C,Fatty acids,Monoterpenoids,Acyclic monoterpenoids,,True
NTPLXRHDUXRPNE-UHFFFAOYSA-N,CC(=O)C1=CC=C(C=C1)OC,Shikimates and Phenylpropanoids,,,4'-Methoxyacetophenone,True
UCSIFMPORANABL-UHFFFAOYSA-N,CC(C)CCCC(C)CC=O,,,,,False
ZSBOMYJPSRFZAL-JLHYYAGUSA-N,CCCC(=O)OC/C=C(\C)/CCC=C(C)C,Fatty acids,Monoterpenoids,Acyclic monoterpenoids,,True
BLRHMMGNCXNXJL-UHFFFAOYSA-N,CN1C=CC2=CC=CC=C21,,,,,False
YNBADRVTZLEFNH-UHFFFAOYSA-N,COC(=O)C1=CN=CC=C1,Alkaloids,Nicotinic acid alkaloids,Pyridine alkaloids,METHYL NICOTINATE,True
MINYPECWDZURGR-UHFFFAOYSA-N,CC1=C(C(=C(C(=C1C)[N+](=O)[O-])C(C)(C)C)[N+](=O)[O-])C,Shikimates and Phenylpropanoids,,,Musk tibetene,True
ZFGBKXBPHOUSJX-UHFFFAOYSA-N,CC1CC=CCCCCCCCCC(=O)C1,,,,,False
YWVSYRJWCROMKO-UHFFFAOYSA-N,CC(C1CCCC(C1)(C)C)OC(=O)C,,,,,False
CVKMFSAVYPAZTQ-UHFFFAOYSA-N,CCCCC(C)C(=O)O,,,,,False
NZQMQVJXSRMTCJ-UHFFFAOYSA-N,CCCC(C)CC(=O)O,,,,,False
NTWSIWWJPQHFTO-AATRIKPKSA-N,CCC/C(=C/C(=O)O)/C,Fatty acids,Fatty Acids and Conjugates,Branched fatty acids,,True
RGRNSTGIHROKJB-UHFFFAOYSA-N,CCCC(C)(CC(=O)O)O,,,,,False
NKBWMBRPILTCRD-UHFFFAOYSA-N,CCCCCC(C)C(=O)O,,,,,False
JZBCTZLGKSYRSF-UHFFFAOYSA-N,CCC1=NC=C(N=C1C)C,Alkaloids,Tetramate alkaloids,Pyrazine and Piperazine alkaloids,"2-ETHYL-3,5-DIMETHYLPYRAZINE",True
CHCKBDDEJDVRSJ-UHFFFAOYSA-N,CCC(C)C1=C(C=CC=N1)OC,,,,,False
ZBYPSGBBPAPHDG-UHFFFAOYSA-N,CC(C)CC1=C(C=CC=N1)OC,,,,,False
FYGUSUBEMUKACF-UHFFFAOYSA-N,C1C2CC(C1C=C2)C(=O)O,,,,,False
LXXNWCFBZHKFPT-UHFFFAOYSA-N,CCOC(=O)C(C)S,Fatty acids,Fatty esters,Wax monoesters,Ethyl 2-mercaptopropionate,True
XSAYZAUNJMRRIR-UHFFFAOYSA-N,CC(=O)C1=CC2=CC=CC=C2C=C1,Shikimates and Phenylpropanoids,Phenanthrenoids,Phenanthrenes,2-Acetylnaphthalene,True
JLPUXFOGCDVKGO-TUAOUCFPSA-N,C[C@H]1CCC[C@@]2([C@@]1(CCCC2)O)C,Terpenoids,Sesquiterpenoids,Eudesmane sesquiterpenoids,GEOSMIN,True
JDLKFOPOAOFWQN-UHFFFAOYSA-N,C=CCSS(=O)CC=C,,,,,False
RTUMCNDCAVLXEP-UHFFFAOYSA-N,CC1=CC2=C(C=C1)C(CC=C2)(C)C,Terpenoids,,,"1,1,6-Trimethyl-1,2-dihydronaphthalene",True
