group,n_molecules,n_receptors,receptors,molecule,SMILES,InChIKey,odor_tags,n_tags,unique_tags
G45,11,1,Q9Y3N9,SML0009,CCC(C)CO,QPRQEDXDYOZYLA-UHFFFAOYSA-N,leathery; fatty; winey; solvent; fermented; ethereal; cocoa; alcoholic,8,alcoholic; aldehydic; alliaceous; apricot; brandy; bready; cheesy; chocolate; clean; cocoa; cooked; ethereal; fatty; fermented; fishy; fresh; fruity; garlic; grassy; green; leafy; leathery; malty; meaty; minty; musty; oily; onion; plum; pungent; ripe; rum; rummy; savory; solvent; sulfurous; sweet; tomato; tropical; vegetable; winey; woody
G45,11,1,Q9Y3N9,SML0163,CCCCCC=O,JARKCYVAAOWBJS-UHFFFAOYSA-N,clean; fatty; leafy; fresh; green; aldehydic; woody; fruity; vegetable; grassy,10,alcoholic; aldehydic; alliaceous; apricot; brandy; bready; cheesy; chocolate; clean; cocoa; cooked; ethereal; fatty; fermented; fishy; fresh; fruity; garlic; grassy; green; leafy; leathery; malty; meaty; minty; musty; oily; onion; plum; pungent; ripe; rum; rummy; savory; solvent; sulfurous; sweet; tomato; tropical; vegetable; winey; woody
G45,11,1,Q9Y3N9,SML0166,CCCC(C)C=O,FTZILAQGHINQQR-UHFFFAOYSA-N,cheesy; green; fruity; ethereal; cocoa; vegetable,6,alcoholic; aldehydic; alliaceous; apricot; brandy; bready; cheesy; chocolate; clean; cocoa; cooked; ethereal; fatty; fermented; fishy; fresh; fruity; garlic; grassy; green; leafy; leathery; malty; meaty; minty; musty; oily; onion; plum; pungent; ripe; rum; rummy; savory; solvent; sulfurous; sweet; tomato; tropical; vegetable; winey; woody
G45,11,1,Q9Y3N9,SML0217,CC(C)CS,BDFAOUQQXJIZDG-UHFFFAOYSA-N,cooked; onion; garlic; vegetable; sulfurous,5,alcoholic; aldehydic; alliaceous; apricot; brandy; bready; cheesy; chocolate; clean; cocoa; cooked; ethereal; fatty; fermented; fishy; fresh; fruity; garlic; grassy; green; leafy; leathery; malty; meaty; minty; musty; oily; onion; plum; pungent; ripe; rum; rummy; savory; solvent; sulfurous; sweet; tomato; tropical; vegetable; winey; woody
G45,11,1,Q9Y3N9,SML0454,CCC(C)O,BTANRVKWQNVYAZ-UHFFFAOYSA-N,apricot; winey; oily; solvent; fermented; sweet; fruity; alcoholic,8,alcoholic; aldehydic; alliaceous; apricot; brandy; bready; cheesy; chocolate; clean; cocoa; cooked; ethereal; fatty; fermented; fishy; fresh; fruity; garlic; grassy; green; leafy; leathery; malty; meaty; minty; musty; oily; onion; plum; pungent; ripe; rum; rummy; savory; solvent; sulfurous; sweet; tomato; tropical; vegetable; winey; woody
G45,11,1,Q9Y3N9,SML0488,CCN(CC)CC,ZMANZCXQSJIPKH-UHFFFAOYSA-N,cheesy; ripe; fishy,3,alcoholic; aldehydic; alliaceous; apricot; brandy; bready; cheesy; chocolate; clean; cocoa; cooked; ethereal; fatty; fermented; fishy; fresh; fruity; garlic; grassy; green; leafy; leathery; malty; meaty; minty; musty; oily; onion; plum; pungent; ripe; rum; rummy; savory; solvent; sulfurous; sweet; tomato; tropical; vegetable; winey; woody
G45,11,1,Q9Y3N9,SML0489,CCCC=O,ZTQSAGDEMFDKMZ-UHFFFAOYSA-N,bready; musty; pungent; chocolate; malty; green; fruity; cocoa,8,alcoholic; aldehydic; alliaceous; apricot; brandy; bready; cheesy; chocolate; clean; cocoa; cooked; ethereal; fatty; fermented; fishy; fresh; fruity; garlic; grassy; green; leafy; leathery; malty; meaty; minty; musty; oily; onion; plum; pungent; ripe; rum; rummy; savory; solvent; sulfurous; sweet; tomato; tropical; vegetable; winey; woody
G45,11,1,Q9Y3N9,SML0503,CCCCOC=O,NMJJFJNHVMGPGM-UHFFFAOYSA-N,rummy; plum; brandy; rum; fruity; ethereal,6,alcoholic; aldehydic; alliaceous; apricot; brandy; bready; cheesy; chocolate; clean; cocoa; cooked; ethereal; fatty; fermented; fishy; fresh; fruity; garlic; grassy; green; leafy; leathery; malty; meaty; minty; musty; oily; onion; plum; pungent; ripe; rum; rummy; savory; solvent; sulfurous; sweet; tomato; tropical; vegetable; winey; woody
G45,11,1,Q9Y3N9,SML0521,CC(=C)[C@H]1CCC2(C(C1)O2)C,CCEFMUBVSUDRLG-IDKOKCKLSA-N,minty,1,alcoholic; aldehydic; alliaceous; apricot; brandy; bready; cheesy; chocolate; clean; cocoa; cooked; ethereal; fatty; fermented; fishy; fresh; fruity; garlic; grassy; green; leafy; leathery; malty; meaty; minty; musty; oily; onion; plum; pungent; ripe; rum; rummy; savory; solvent; sulfurous; sweet; tomato; tropical; vegetable; winey; woody
G45,11,1,Q9Y3N9,SML0527,CCSCC,LJSQFQKUNVCTIA-UHFFFAOYSA-N,meaty; garlic; savory; ethereal; tomato; sulfurous,6,alcoholic; aldehydic; alliaceous; apricot; brandy; bready; cheesy; chocolate; clean; cocoa; cooked; ethereal; fatty; fermented; fishy; fresh; fruity; garlic; grassy; green; leafy; leathery; malty; meaty; minty; musty; oily; onion; plum; pungent; ripe; rum; rummy; savory; solvent; sulfurous; sweet; tomato; tropical; vegetable; winey; woody
G45,11,1,Q9Y3N9,SML0544,CCSSCC,CETBSQOFQKLHHZ-UHFFFAOYSA-N,alliaceous; tropical; ripe; onion; garlic; fruity; vegetable; sulfurous,8,alcoholic; aldehydic; alliaceous; apricot; brandy; bready; cheesy; chocolate; clean; cocoa; cooked; ethereal; fatty; fermented; fishy; fresh; fruity; garlic; grassy; green; leafy; leathery; malty; meaty; minty; musty; oily; onion; plum; pungent; ripe; rum; rummy; savory; solvent; sulfurous; sweet; tomato; tropical; vegetable; winey; woody
G37,8,2,O76001; Q9Y3N9,SML0006,CCCO,BDERNNFJNOPAEC-UHFFFAOYSA-N,musty; fermented; pear; sweet; fruity; alcoholic; apple,7,alcoholic; apple; apricot; banana; cheesy; cherry; estery; ethereal; fermented; fishy; floral; fruity; green; hazelnut; herbal; malty; musty; nutty; oily; peach; pear; pineapple; pungent; ripe; roasted; rum; rummy; sweet; tropical; warm
G37,8,2,O76001; Q9Y3N9,SML0115,C1=CN=CC=N1,KYQCOXFCLRTKLS-UHFFFAOYSA-N,musty; pungent; hazelnut; nutty; sweet; roasted,6,alcoholic; apple; apricot; banana; cheesy; cherry; estery; ethereal; fermented; fishy; floral; fruity; green; hazelnut; herbal; malty; musty; nutty; oily; peach; pear; pineapple; pungent; ripe; roasted; rum; rummy; sweet; tropical; warm
G37,8,2,O76001; Q9Y3N9,SML0130,CN(C)C,GETQZCLCWQTVFV-UHFFFAOYSA-N,pungent; fishy; oily; fruity,4,alcoholic; apple; apricot; banana; cheesy; cherry; estery; ethereal; fermented; fishy; floral; fruity; green; hazelnut; herbal; malty; musty; nutty; oily; peach; pear; pineapple; pungent; ripe; roasted; rum; rummy; sweet; tropical; warm
G37,8,2,O76001; Q9Y3N9,SML0213,CCCCCOC(=O)CCC,CFNJLPHOBMVMNS-UHFFFAOYSA-N,tropical; pineapple; sweet; banana; fruity; cherry,6,alcoholic; apple; apricot; banana; cheesy; cherry; estery; ethereal; fermented; fishy; floral; fruity; green; hazelnut; herbal; malty; musty; nutty; oily; peach; pear; pineapple; pungent; ripe; roasted; rum; rummy; sweet; tropical; warm
G37,8,2,O76001; Q9Y3N9,SML0353,CCOC(=O)C(C)C,WDAXFOBOLVPGLV-UHFFFAOYSA-N,rummy; pungent; rum; sweet; fruity; ethereal; alcoholic; apple,8,alcoholic; apple; apricot; banana; cheesy; cherry; estery; ethereal; fermented; fishy; floral; fruity; green; hazelnut; herbal; malty; musty; nutty; oily; peach; pear; pineapple; pungent; ripe; roasted; rum; rummy; sweet; tropical; warm
G37,8,2,O76001; Q9Y3N9,SML0464,CC(C)CN,KDSNLYIMUZNERS-UHFFFAOYSA-N,cheesy; ripe; fishy; malty,4,alcoholic; apple; apricot; banana; cheesy; cherry; estery; ethereal; fermented; fishy; floral; fruity; green; hazelnut; herbal; malty; musty; nutty; oily; peach; pear; pineapple; pungent; ripe; roasted; rum; rummy; sweet; tropical; warm
G37,8,2,O76001; Q9Y3N9,SML0468,CC(C)CCN,BMFVGAAISNGQNM-UHFFFAOYSA-N,cheesy,1,alcoholic; apple; apricot; banana; cheesy; cherry; estery; ethereal; fermented; fishy; floral; fruity; green; hazelnut; herbal; malty; musty; nutty; oily; peach; pear; pineapple; pungent; ripe; roasted; rum; rummy; sweet; tropical; warm
G37,8,2,O76001; Q9Y3N9,SML0480,CCCCCCCOC(=O)C(C)C,RFDUMBPGZUIKOG-UHFFFAOYSA-N,estery; apricot; herbal; tropical; warm; peach; pineapple; sweet; floral; green; fruity; cherry; apple,13,alcoholic; apple; apricot; banana; cheesy; cherry; estery; ethereal; fermented; fishy; floral; fruity; green; hazelnut; herbal; malty; musty; nutty; oily; peach; pear; pineapple; pungent; ripe; roasted; rum; rummy; sweet; tropical; warm
G12,7,8,O76001; P34982; P47890; Q8NGI8; Q8NGI9; Q9P1Q5; Q9Y3N9; Q9Y585,SML0183,CC/C=C\CCCCCC=O,UZFFFFWQKMPLAC-ARJAWSKDSA-N,cucumber; citrus; aldehydic,3,aldehydic; amber; animal; balsamic; citrus; cucumber; floral; fruity; musk; oily; sweet; waxy; woody
G12,7,8,O76001; P34982; P47890; Q8NGI8; Q8NGI9; Q9P1Q5; Q9Y3N9; Q9Y585,SML0210,C[C@H]1CCCCCCCCCCCCC(=O)C1,ALHUZKCOMYUFRB-HNNXBMFYSA-N,,0,aldehydic; amber; animal; balsamic; citrus; cucumber; floral; fruity; musk; oily; sweet; waxy; woody
G12,7,8,O76001; P34982; P47890; Q8NGI8; Q8NGI9; Q9P1Q5; Q9Y3N9; Q9Y585,SML0661,C1CCCCCCCC(=O)OCCCCCCC1,LOKPJYNMYCVCRM-UHFFFAOYSA-N,amber; balsamic; animal; sweet; musk,5,aldehydic; amber; animal; balsamic; citrus; cucumber; floral; fruity; musk; oily; sweet; waxy; woody
G12,7,8,O76001; P34982; P47890; Q8NGI8; Q8NGI9; Q9P1Q5; Q9Y3N9; Q9Y585,SML0662,C1CCCCCC(=O)CCC=CCCCC1,JIYIHILAGIZIMD-UHFFFAOYSA-N,,0,aldehydic; amber; animal; balsamic; citrus; cucumber; floral; fruity; musk; oily; sweet; waxy; woody
G12,7,8,O76001; P34982; P47890; Q8NGI8; Q8NGI9; Q9P1Q5; Q9Y3N9; Q9Y585,SML0667,C1CCCCCOCCCCOC(=O)CCCC1,MRMOPGVGWFNHIN-UHFFFAOYSA-N,sweet; waxy; woody; fruity; musk,5,aldehydic; amber; animal; balsamic; citrus; cucumber; floral; fruity; musk; oily; sweet; waxy; woody
G12,7,8,O76001; P34982; P47890; Q8NGI8; Q8NGI9; Q9P1Q5; Q9Y3N9; Q9Y585,SML0670,C1CCCCOCCCCCCOC(=O)CCC1,MZLRFHKWWCSGHB-UHFFFAOYSA-N,oily; animal; sweet; floral; fruity; musk,6,aldehydic; amber; animal; balsamic; citrus; cucumber; floral; fruity; musk; oily; sweet; waxy; woody
G12,7,8,O76001; P34982; P47890; Q8NGI8; Q8NGI9; Q9P1Q5; Q9Y3N9; Q9Y585,SML0684,C/C=C/CCCCCCCC#N,RPLWLQJSZFPHGM-NSCUHMNNSA-N,,0,aldehydic; amber; animal; balsamic; citrus; cucumber; floral; fruity; musk; oily; sweet; waxy; woody
G30,7,3,O76001; Q8NGN6; Q9Y3N9,SML0084,CCC(=O)C,ZWEHNKRNPOVVGH-UHFFFAOYSA-N,ketonic; solvent; sweet; camphoreous; fruity; ethereal,6,animal; apple; apricot; banana; camphoreous; ethereal; fatty; fishy; fresh; fruity; green; herbal; ketonic; medicinal; melon; natural; pear; pine; pineapple; plum; solvent; sweet; tropical; waxy; woody
G30,7,3,O76001; Q8NGN6; Q9Y3N9,SML0092,CC1(C2CCC(O1)(CC2)C)C,WEEGYLXZBRQIMU-UHFFFAOYSA-N,herbal; camphoreous; fresh; medicinal,4,animal; apple; apricot; banana; camphoreous; ethereal; fatty; fishy; fresh; fruity; green; herbal; ketonic; medicinal; melon; natural; pear; pine; pineapple; plum; solvent; sweet; tropical; waxy; woody
G30,7,3,O76001; Q8NGN6; Q9Y3N9,SML0173,C1CCNC1,RWRDLPDLKQPQOW-UHFFFAOYSA-N,fishy; animal,2,animal; apple; apricot; banana; camphoreous; ethereal; fatty; fishy; fresh; fruity; green; herbal; ketonic; medicinal; melon; natural; pear; pine; pineapple; plum; solvent; sweet; tropical; waxy; woody
G30,7,3,O76001; Q8NGN6; Q9Y3N9,SML0230,CC(C)[C@]12CCC(=C)[C@H]1C2,NDVASEGYNIMXJL-NXEZZACHSA-N,,0,animal; apple; apricot; banana; camphoreous; ethereal; fatty; fishy; fresh; fruity; green; herbal; ketonic; medicinal; melon; natural; pear; pine; pineapple; plum; solvent; sweet; tropical; waxy; woody
G30,7,3,O76001; Q8NGN6; Q9Y3N9,SML0543,CCCC(C)C(=O)OCC,HZPKNSYIDSNZKW-UHFFFAOYSA-N,natural; fatty; melon; pear; pineapple; fresh; green; waxy; fruity,9,animal; apple; apricot; banana; camphoreous; ethereal; fatty; fishy; fresh; fruity; green; herbal; ketonic; medicinal; melon; natural; pear; pine; pineapple; plum; solvent; sweet; tropical; waxy; woody
G30,7,3,O76001; Q8NGN6; Q9Y3N9,SML0550,CCCCCOC(=O)CC,TWSRVQVEYJNFKQ-UHFFFAOYSA-N,apricot; tropical; pineapple; sweet; banana; fruity; apple,7,animal; apple; apricot; banana; camphoreous; ethereal; fatty; fishy; fresh; fruity; green; herbal; ketonic; medicinal; melon; natural; pear; pine; pineapple; plum; solvent; sweet; tropical; waxy; woody
G30,7,3,O76001; Q8NGN6; Q9Y3N9,SML0581,CCOC(=O)CC1(OCCO1)C,XWEOGMYZFCHQNT-UHFFFAOYSA-N,tropical; plum; sweet; pine; green; woody; fruity; apple,8,animal; apple; apricot; banana; camphoreous; ethereal; fatty; fishy; fresh; fruity; green; herbal; ketonic; medicinal; melon; natural; pear; pine; pineapple; plum; solvent; sweet; tropical; waxy; woody
G46,7,1,Q8NGN6,SML0185,CC1([C@H]2CC=C([C@@H]1C2)C=O)C,KMRMUZKLFIEVAO-IUCAKERBSA-N,,0,alcoholic; aldehydic; apple; berry; cabbage; caramellic; cheesy; chocolate; cocoa; creamy; estery; ethereal; fatty; fishy; fruity; green; medicinal; onion; peach; powdery; pungent; radish; ripe; sulfurous; sweet; tomato; tropical; vegetable; winey
G46,7,1,Q8NGN6,SML0286,CC(C)CC=O,YGHRJJRRZDOVPD-UHFFFAOYSA-N,cheesy; pungent; fatty; chocolate; peach; green; aldehydic; fruity; ethereal; cocoa,10,alcoholic; aldehydic; apple; berry; cabbage; caramellic; cheesy; chocolate; cocoa; creamy; estery; ethereal; fatty; fishy; fruity; green; medicinal; onion; peach; powdery; pungent; radish; ripe; sulfurous; sweet; tomato; tropical; vegetable; winey
G46,7,1,Q8NGN6,SML0309,CSC,QMMFVYPAHWMCMS-UHFFFAOYSA-N,pungent; radish; cabbage; berry; fishy; sweet; onion; green; fruity; creamy; tomato; vegetable; sulfurous,13,alcoholic; aldehydic; apple; berry; cabbage; caramellic; cheesy; chocolate; cocoa; creamy; estery; ethereal; fatty; fishy; fruity; green; medicinal; onion; peach; powdery; pungent; radish; ripe; sulfurous; sweet; tomato; tropical; vegetable; winey
G46,7,1,Q8NGN6,SML0315,CCO,LFQSCWFLJHTTHZ-UHFFFAOYSA-N,sweet; ethereal; alcoholic; medicinal,4,alcoholic; aldehydic; apple; berry; cabbage; caramellic; cheesy; chocolate; cocoa; creamy; estery; ethereal; fatty; fishy; fruity; green; medicinal; onion; peach; powdery; pungent; radish; ripe; sulfurous; sweet; tomato; tropical; vegetable; winey
G46,7,1,Q8NGN6,SML0316,CCC[C@H](CC(=O)OCC)O,LYRIITRHDCNUHV-SSDOTTSWSA-N,,0,alcoholic; aldehydic; apple; berry; cabbage; caramellic; cheesy; chocolate; cocoa; creamy; estery; ethereal; fatty; fishy; fruity; green; medicinal; onion; peach; powdery; pungent; radish; ripe; sulfurous; sweet; tomato; tropical; vegetable; winey
G46,7,1,Q8NGN6,SML0378,CCC(C)C(=O)OC,OCWLYWIFNDCWRZ-UHFFFAOYSA-N,estery; powdery; tropical; fatty; berry; ripe; sweet; green; fruity; ethereal; apple,11,alcoholic; aldehydic; apple; berry; cabbage; caramellic; cheesy; chocolate; cocoa; creamy; estery; ethereal; fatty; fishy; fruity; green; medicinal; onion; peach; powdery; pungent; radish; ripe; sulfurous; sweet; tomato; tropical; vegetable; winey
G46,7,1,Q8NGN6,SML0650,CC(=O)CO,XLSMFKSTNGKWQX-UHFFFAOYSA-N,pungent; winey; sweet; caramellic; green; ethereal,6,alcoholic; aldehydic; apple; berry; cabbage; caramellic; cheesy; chocolate; cocoa; creamy; estery; ethereal; fatty; fishy; fruity; green; medicinal; onion; peach; powdery; pungent; radish; ripe; sulfurous; sweet; tomato; tropical; vegetable; winey
G07,6,9,O76001; P34982; P47890; Q8NGI8; Q8NGI9; Q8NH56; Q9P1Q5; Q9Y3N9; Q9Y585,SML0418,CCCCC(CCC)O,WOFPPJOZXUTRAU-UHFFFAOYSA-N,,0,aldehydic; citrus; clean; dry; floral; fresh; green; herbal; lily; rose; sweet; waxy; weedy
G07,6,9,O76001; P34982; P47890; Q8NGI8; Q8NGI9; Q8NH56; Q9P1Q5; Q9Y3N9; Q9Y585,SML0442,CC(CCC=C(C)C)CC=O,NEHNMFOYXAPHSD-UHFFFAOYSA-N,herbal; citrus; sweet; floral; dry; rose; green; waxy; aldehydic,9,aldehydic; citrus; clean; dry; floral; fresh; green; herbal; lily; rose; sweet; waxy; weedy
G07,6,9,O76001; P34982; P47890; Q8NGI8; Q8NGI9; Q8NH56; Q9P1Q5; Q9Y3N9; Q9Y585,SML0655,CCC(C)CCCC(C)(C)O,WRFXXJKURVTLSY-UHFFFAOYSA-N,lily; citrus; sweet; floral; fresh,5,aldehydic; citrus; clean; dry; floral; fresh; green; herbal; lily; rose; sweet; waxy; weedy
G07,6,9,O76001; P34982; P47890; Q8NGI8; Q8NGI9; Q8NH56; Q9P1Q5; Q9Y3N9; Q9Y585,SML0671,CC(CCCC(C)(C)O)C=C,XSNQECSCDATQEL-UHFFFAOYSA-N,weedy; clean; herbal; citrus; floral; fresh,6,aldehydic; citrus; clean; dry; floral; fresh; green; herbal; lily; rose; sweet; waxy; weedy
G07,6,9,O76001; P34982; P47890; Q8NGI8; Q8NGI9; Q8NH56; Q9P1Q5; Q9Y3N9; Q9Y585,SML0674,CC(C)(CCC1CCCCC1)O,KZZASWGRLOTITL-UHFFFAOYSA-N,floral,1,aldehydic; citrus; clean; dry; floral; fresh; green; herbal; lily; rose; sweet; waxy; weedy
G07,6,9,O76001; P34982; P47890; Q8NGI8; Q8NGI9; Q8NH56; Q9P1Q5; Q9Y3N9; Q9Y585,SML0705,CCCCCCC(C)(CC)O,VZBFPIMCUSPDLS-UHFFFAOYSA-N,,0,aldehydic; citrus; clean; dry; floral; fresh; green; herbal; lily; rose; sweet; waxy; weedy
G16,6,7,O76001; P34982; P47890; Q8NGI9; Q9P1Q5; Q9Y3N9; Q9Y585,SML0189,CCCCC/C=C/CCC=O,CWRKZMLUDFBPAO-VOTSOKGWSA-N,fatty; citrus; fresh; green; aldehydic; fruity; orange,7,aldehydic; cabbage; chicken; citrus; earthy; fatty; fermented; fishy; floral; fresh; fruity; green; herbal; metallic; mushroom; musty; oily; orange; rose; savory; sweet; vegetable
G16,6,7,O76001; P34982; P47890; Q8NGI9; Q9P1Q5; Q9Y3N9; Q9Y585,SML0195,CCCCCC(=O)C=C,KLTVSWGXIAYTHO-UHFFFAOYSA-N,herbal; musty; cabbage; metallic; chicken; fishy; earthy; savory; mushroom; vegetable,10,aldehydic; cabbage; chicken; citrus; earthy; fatty; fermented; fishy; floral; fresh; fruity; green; herbal; metallic; mushroom; musty; oily; orange; rose; savory; sweet; vegetable
G16,6,7,O76001; P34982; P47890; Q8NGI9; Q9P1Q5; Q9Y3N9; Q9Y585,SML0204,C1CCCCC(=O)CCCC1,SXOZDDAFVJANJP-UHFFFAOYSA-N,,0,aldehydic; cabbage; chicken; citrus; earthy; fatty; fermented; fishy; floral; fresh; fruity; green; herbal; metallic; mushroom; musty; oily; orange; rose; savory; sweet; vegetable
G16,6,7,O76001; P34982; P47890; Q8NGI9; Q9P1Q5; Q9Y3N9; Q9Y585,SML0207,CCCCCCCC(=O)CCCCCCC,PQYGSSYFJIJDFK-UHFFFAOYSA-N,,0,aldehydic; cabbage; chicken; citrus; earthy; fatty; fermented; fishy; floral; fresh; fruity; green; herbal; metallic; mushroom; musty; oily; orange; rose; savory; sweet; vegetable
G16,6,7,O76001; P34982; P47890; Q8NGI9; Q9P1Q5; Q9Y3N9; Q9Y585,SML0415,CCCCC(CC)CO,YIWUKEYIRIRTPP-UHFFFAOYSA-N,oily; fermented; citrus; sweet; floral; rose; fresh,7,aldehydic; cabbage; chicken; citrus; earthy; fatty; fermented; fishy; floral; fresh; fruity; green; herbal; metallic; mushroom; musty; oily; orange; rose; savory; sweet; vegetable
G16,6,7,O76001; P34982; P47890; Q8NGI9; Q9P1Q5; Q9Y3N9; Q9Y585,SML0540,CCC(=C)CCCC(C)(C)O,VOATZOQREKBJMT-UHFFFAOYSA-N,,0,aldehydic; cabbage; chicken; citrus; earthy; fatty; fermented; fishy; floral; fresh; fruity; green; herbal; metallic; mushroom; musty; oily; orange; rose; savory; sweet; vegetable
G21,6,6,O76001; P34982; Q8NGI8; Q8NGI9; Q9P1Q5; Q9Y3N9,SML0076,C1CCCCCCOC(=O)/C=C/CCCCC1,KHLFMZDGADSQGR-ACCUITESSA-N,sweet; waxy; musk,3,amber; dry; musk; powdery; sweet; waxy
G21,6,6,O76001; P34982; Q8NGI8; Q8NGI9; Q9P1Q5; Q9Y3N9,SML0387,C1CCC/C=C/CCCCCCC(=O)CCC1,ZGEHHVDYDNXYMW-OWOJBTEDSA-N,,0,amber; dry; musk; powdery; sweet; waxy
G21,6,6,O76001; P34982; Q8NGI8; Q8NGI9; Q9P1Q5; Q9Y3N9,SML0388,CC1C/C=C/CCCCCCCCC(=O)C1,ZFGBKXBPHOUSJX-VQHVLOKHSA-N,,0,amber; dry; musk; powdery; sweet; waxy
G21,6,6,O76001; P34982; Q8NGI8; Q8NGI9; Q9P1Q5; Q9Y3N9,SML0389,CC1CCCCCCCCCCCC(=O)C1,VPQWBNWSLZYYFH-UHFFFAOYSA-N,,0,amber; dry; musk; powdery; sweet; waxy
G21,6,6,O76001; P34982; Q8NGI8; Q8NGI9; Q9P1Q5; Q9Y3N9,SML0664,C1CCCCCC(=O)CCC/C=C\CCCC1,ABRIMXGLNHCLIP-VURMDHGXSA-N,amber; powdery; dry; musk,4,amber; dry; musk; powdery; sweet; waxy
G21,6,6,O76001; P34982; Q8NGI8; Q8NGI9; Q9P1Q5; Q9Y3N9,SML0668,CC1CCOC(=O)CCCCCCC/C=C\C1,NUSRNVWNTPMBJA-VURMDHGXSA-N,,0,amber; dry; musk; powdery; sweet; waxy
G31,6,3,O76001; Q8NGN3; Q8NGN6,SML0266,COC1=C(C(=CC=C1)OC)O,KLIDCXVFHGNTTM-UHFFFAOYSA-N,powdery; phenolic; balsamic; smoky; sweet; woody; medicinal,7,animal; balsamic; dry; herbal; leathery; medicinal; musty; phenolic; powdery; smoky; sweet; vanilla; woody
G31,6,3,O76001; Q8NGN3; Q8NGN6,SML0271,CC1=CC(=C(C=C1)OC)O,IFNDEOYXGHGERA-UHFFFAOYSA-N,phenolic; smoky; sweet; vanilla; medicinal,5,animal; balsamic; dry; herbal; leathery; medicinal; musty; phenolic; powdery; smoky; sweet; vanilla; woody
G31,6,3,O76001; Q8NGN3; Q8NGN6,SML0275,CC1=CC=CC=C1O,QWVGKYWNOKOFNN-UHFFFAOYSA-N,herbal; phenolic; musty; leathery; medicinal,5,animal; balsamic; dry; herbal; leathery; medicinal; musty; phenolic; powdery; smoky; sweet; vanilla; woody
G31,6,3,O76001; Q8NGN3; Q8NGN6,SML0288,CC1=CC(=CC=C1)O,RLSSMJSEOOYNOY-UHFFFAOYSA-N,phenolic; leathery; dry; woody; medicinal,5,animal; balsamic; dry; herbal; leathery; medicinal; musty; phenolic; powdery; smoky; sweet; vanilla; woody
G31,6,3,O76001; Q8NGN3; Q8NGN6,SML0300,CC1=CC=C(C=C1)O,IWDCLRJOBJJRNH-UHFFFAOYSA-N,phenolic; smoky; animal; medicinal,4,animal; balsamic; dry; herbal; leathery; medicinal; musty; phenolic; powdery; smoky; sweet; vanilla; woody
G31,6,3,O76001; Q8NGN3; Q8NGN6,SML0529,C1=CC=C(C(=C1)O)Br,VADKRMSMGWJZCF-UHFFFAOYSA-N,,0,animal; balsamic; dry; herbal; leathery; medicinal; musty; phenolic; powdery; smoky; sweet; vanilla; woody
G38,6,2,O76001; Q8NGN6,SML0272,CC1=C(C=CO1)SSC,SRUTWBWLFKSTIS-UHFFFAOYSA-N,chemical; coffee; meaty; onion; brothy; roasted; vegetable; sulfurous,8,alliaceous; apple; apricot; banana; beefy; brothy; camphoreous; chemical; citrus; coffee; estery; ethereal; fishy; floral; fruity; garlic; green; horseradish; meaty; metallic; mushroom; oily; onion; pine; pineapple; pungent; ripe; roasted; rum; spicy; sulfurous; sweet; terpenic; tropical; vegetable; woody
G38,6,2,O76001; Q8NGN6,SML0274,CC1=C(C=CO1)S,RUYNUXHHUVUINQ-UHFFFAOYSA-N,metallic; fishy; meaty; beefy; sweet; brothy; roasted; sulfurous,8,alliaceous; apple; apricot; banana; beefy; brothy; camphoreous; chemical; citrus; coffee; estery; ethereal; fishy; floral; fruity; garlic; green; horseradish; meaty; metallic; mushroom; oily; onion; pine; pineapple; pungent; ripe; roasted; rum; spicy; sulfurous; sweet; terpenic; tropical; vegetable; woody
G38,6,2,O76001; Q8NGN6,SML0305,CSCSC,LOCDPORVFVOGCR-UHFFFAOYSA-N,spicy; pungent; alliaceous; metallic; meaty; onion; garlic; green; mushroom; horseradish; sulfurous,11,alliaceous; apple; apricot; banana; beefy; brothy; camphoreous; chemical; citrus; coffee; estery; ethereal; fishy; floral; fruity; garlic; green; horseradish; meaty; metallic; mushroom; oily; onion; pine; pineapple; pungent; ripe; roasted; rum; spicy; sulfurous; sweet; terpenic; tropical; vegetable; woody
G38,6,2,O76001; Q8NGN6,SML0332,CC(C)C(=O)OC,BHIWKHZACMWKOJ-UHFFFAOYSA-N,apricot; rum; pineapple; sweet; floral; fruity; ethereal; apple,8,alliaceous; apple; apricot; banana; beefy; brothy; camphoreous; chemical; citrus; coffee; estery; ethereal; fishy; floral; fruity; garlic; green; horseradish; meaty; metallic; mushroom; oily; onion; pine; pineapple; pungent; ripe; roasted; rum; spicy; sulfurous; sweet; terpenic; tropical; vegetable; woody
G38,6,2,O76001; Q8NGN6,SML0352,CCC(C)COC(=O)C,XHIUFYZDQBSEMF-UHFFFAOYSA-N,estery; tropical; ripe; sweet; banana; fruity; ethereal; apple,8,alliaceous; apple; apricot; banana; beefy; brothy; camphoreous; chemical; citrus; coffee; estery; ethereal; fishy; floral; fruity; garlic; green; horseradish; meaty; metallic; mushroom; oily; onion; pine; pineapple; pungent; ripe; roasted; rum; spicy; sulfurous; sweet; terpenic; tropical; vegetable; woody
G38,6,2,O76001; Q8NGN6,SML0372,CC(C)C12CCC(=C)C1C2,NDVASEGYNIMXJL-UHFFFAOYSA-N,terpenic; spicy; oily; citrus; camphoreous; pine; green; woody,8,alliaceous; apple; apricot; banana; beefy; brothy; camphoreous; chemical; citrus; coffee; estery; ethereal; fishy; floral; fruity; garlic; green; horseradish; meaty; metallic; mushroom; oily; onion; pine; pineapple; pungent; ripe; roasted; rum; spicy; sulfurous; sweet; terpenic; tropical; vegetable; woody
G39,6,2,Q8NGN6; Q9Y3N9,SML0199,CCCCC=O,HGBOYTHUEUWSSQ-UHFFFAOYSA-N,bready; pungent; berry; chocolate; fermented; nutty; fruity,7,apple; berry; bready; chocolate; estery; ethereal; fermented; fresh; fruity; green; nutty; oily; pungent; sharp; strawberry; sweet; tropical; winey
G39,6,2,Q8NGN6; Q9Y3N9,SML0216,CC1(CC(=O)CC(=O)C1)C,BADXJIPKFRBFOT-UHFFFAOYSA-N,,0,apple; berry; bready; chocolate; estery; ethereal; fermented; fresh; fruity; green; nutty; oily; pungent; sharp; strawberry; sweet; tropical; winey
G39,6,2,Q8NGN6; Q9Y3N9,SML0317,CCC(C)C(=O)OCC,HCRBXQFHJMCTLF-UHFFFAOYSA-N,estery; tropical; strawberry; berry; sharp; sweet; fresh; green; fruity; apple,10,apple; berry; bready; chocolate; estery; ethereal; fermented; fresh; fruity; green; nutty; oily; pungent; sharp; strawberry; sweet; tropical; winey
G39,6,2,Q8NGN6; Q9Y3N9,SML0458,CC[C@H](C)O,BTANRVKWQNVYAZ-BYPYZUCNSA-N,winey; oily,2,apple; berry; bready; chocolate; estery; ethereal; fermented; fresh; fruity; green; nutty; oily; pungent; sharp; strawberry; sweet; tropical; winey
G39,6,2,Q8NGN6; Q9Y3N9,SML0530,C1CCOCC1,DHXVGJBLRPWPCS-UHFFFAOYSA-N,pungent; sweet; ethereal,3,apple; berry; bready; chocolate; estery; ethereal; fermented; fresh; fruity; green; nutty; oily; pungent; sharp; strawberry; sweet; tropical; winey
G39,6,2,Q8NGN6; Q9Y3N9,SML0552,C1CCOC1,WYURNTSHIVDZCO-UHFFFAOYSA-N,,0,apple; berry; bready; chocolate; estery; ethereal; fermented; fresh; fruity; green; nutty; oily; pungent; sharp; strawberry; sweet; tropical; winey
G17,5,7,O76001; P34982; Q8NGI8; Q8NGI9; Q9P1Q5; Q9Y3N9; Q9Y585,SML0209,C[C@@H]1CCCCCCCCCCCCC(=O)C1,ALHUZKCOMYUFRB-OAHLLOKOSA-N,powdery; animal; musk,3,animal; anisic; fatty; musk; natural; powdery; sweet; woody
G17,5,7,O76001; P34982; Q8NGI8; Q8NGI9; Q9P1Q5; Q9Y3N9; Q9Y585,SML0384,C1CCCCCCCC(=O)CCCCCC1,OSOIQJGOYGSIMF-UHFFFAOYSA-N,natural; powdery; animal; musk,4,animal; anisic; fatty; musk; natural; powdery; sweet; woody
G17,5,7,O76001; P34982; Q8NGI8; Q8NGI9; Q9P1Q5; Q9Y3N9; Q9Y585,SML0386,CC1CC=CCCCCCCCCCC(=O)C1,NKMKFQCVDZVEJR-UHFFFAOYSA-N,,0,animal; anisic; fatty; musk; natural; powdery; sweet; woody
G17,5,7,O76001; P34982; Q8NGI8; Q8NGI9; Q9P1Q5; Q9Y3N9; Q9Y585,SML0737,CC1=C(C(=C(C(=C1C)[N+](=O)[O-])C(C)(C)C)[N+](=O)[O-])C,MINYPECWDZURGR-UHFFFAOYSA-N,powdery; fatty; sweet; musk,4,animal; anisic; fatty; musk; natural; powdery; sweet; woody
G17,5,7,O76001; P34982; Q8NGI8; Q8NGI9; Q9P1Q5; Q9Y3N9; Q9Y585,SML0738,CC1CC=CCCCCCCCCC(=O)C1,ZFGBKXBPHOUSJX-UHFFFAOYSA-N,powdery; fatty; anisic; animal; woody; musk,6,animal; anisic; fatty; musk; natural; powdery; sweet; woody
G27,5,4,O76001; P47890; Q8NGN6; Q9Y3N9,SML0157,CCCCS,WQAQPCDUOCURKW-UHFFFAOYSA-N,cheesy; coffee; fatty; meaty; beefy; onion; roasted; garlic; savory; sulfurous,10,alliaceous; beefy; burnt; camphoreous; cheesy; clean; coffee; cooked; earthy; fatty; fresh; garlic; green; meaty; metallic; mint; onion; pungent; roasted; savory; sulfurous; sweet; tropical; vegetable
G27,5,4,O76001; P47890; Q8NGN6; Q9Y3N9,SML0312,CCCSSCCC,ALVPFGSHPUPROW-UHFFFAOYSA-N,alliaceous; tropical; metallic; burnt; earthy; onion; fresh; garlic; green; sulfurous,10,alliaceous; beefy; burnt; camphoreous; cheesy; clean; coffee; cooked; earthy; fatty; fresh; garlic; green; meaty; metallic; mint; onion; pungent; roasted; savory; sulfurous; sweet; tropical; vegetable
G27,5,4,O76001; P47890; Q8NGN6; Q9Y3N9,SML0313,CCCSSSCCC,GAZXPZNJTZIGBO-UHFFFAOYSA-N,pungent; alliaceous; tropical; onion; garlic; green; vegetable; sulfurous,8,alliaceous; beefy; burnt; camphoreous; cheesy; clean; coffee; cooked; earthy; fatty; fresh; garlic; green; meaty; metallic; mint; onion; pungent; roasted; savory; sulfurous; sweet; tropical; vegetable
G27,5,4,O76001; P47890; Q8NGN6; Q9Y3N9,SML0334,CCCSSSC,ZOYASYRPGHCQHW-UHFFFAOYSA-N,cooked; clean; metallic; sweet; onion; garlic; green; sulfurous,8,alliaceous; beefy; burnt; camphoreous; cheesy; clean; coffee; cooked; earthy; fatty; fresh; garlic; green; meaty; metallic; mint; onion; pungent; roasted; savory; sulfurous; sweet; tropical; vegetable
G27,5,4,O76001; P47890; Q8NGN6; Q9Y3N9,SML0430,CC1(C2CCC1(C(=O)C2)C)C,DSSYKIVIOFKYAU-UHFFFAOYSA-N,mint; camphoreous; fresh,3,alliaceous; beefy; burnt; camphoreous; cheesy; clean; coffee; cooked; earthy; fatty; fresh; garlic; green; meaty; metallic; mint; onion; pungent; roasted; savory; sulfurous; sweet; tropical; vegetable
G47,5,1,Q8NHB7,SML0054,CC1=C(C(=CC=C1)C)C,FYGHSUNMUKGBRK-UHFFFAOYSA-N,,0,brandy; burnt; buttery; caramellic; cocoa; coffee; earthy; estery; fruity; hazelnut; meaty; mushroom; musty; nutty; potato; powdery; roasted; sweet; vegetable; winey
G47,5,1,Q8NHB7,SML0121,CC1C(SC(=N1)C)C,CIEKNJJOENYFQL-UHFFFAOYSA-N,,0,brandy; burnt; buttery; caramellic; cocoa; coffee; earthy; estery; fruity; hazelnut; meaty; mushroom; musty; nutty; potato; powdery; roasted; sweet; vegetable; winey
G47,5,1,Q8NHB7,SML0122,CC1=CN=C(C(=N1)C)C,IAEGWXHKWJGQAZ-UHFFFAOYSA-N,powdery; musty; coffee; hazelnut; potato; burnt; nutty; earthy; roasted; cocoa,10,brandy; burnt; buttery; caramellic; cocoa; coffee; earthy; estery; fruity; hazelnut; meaty; mushroom; musty; nutty; potato; powdery; roasted; sweet; vegetable; winey
G47,5,1,Q8NHB7,SML0132,CC1C(=O)C(=C(O1)C)OC,SIMKGHMLPVDSJE-UHFFFAOYSA-N,musty; coffee; potato; winey; brandy; meaty; sweet; caramellic; mushroom; fruity; cocoa; vegetable,12,brandy; burnt; buttery; caramellic; cocoa; coffee; earthy; estery; fruity; hazelnut; meaty; mushroom; musty; nutty; potato; powdery; roasted; sweet; vegetable; winey
G47,5,1,Q8NHB7,SML0361,CC1C(=O)C=C(O1)C,ASOSVCXGWPDUGN-UHFFFAOYSA-N,estery; coffee; buttery; burnt; sweet; roasted; caramellic; fruity,8,brandy; burnt; buttery; caramellic; cocoa; coffee; earthy; estery; fruity; hazelnut; meaty; mushroom; musty; nutty; potato; powdery; roasted; sweet; vegetable; winey
G04,4,11,O76001; P0C7T3; P34982; P47890; Q8NGI9; Q8NGN6; Q8NH56; Q9H346; Q9P1Q5; Q9Y3N9; Q9Y585,SML0020,CCCCCCCCCCCC(=O)OCC,MMXKVMNBHPAILY-UHFFFAOYSA-N,clean; soapy; fatty; oily; sweet; floral; waxy; fruity,8,apple; berry; clean; cognac; estery; fatty; floral; fruity; green; herbal; oily; orris; soapy; sweet; waxy
G04,4,11,O76001; P0C7T3; P34982; P47890; Q8NGI9; Q8NGN6; Q8NH56; Q9H346; Q9P1Q5; Q9Y3N9; Q9Y585,SML0036,CCCCCCCCCCCCCCCC(=O)OC,FLIACVVOZYBSBS-UHFFFAOYSA-N,fatty; orris; oily; sweet; waxy,5,apple; berry; clean; cognac; estery; fatty; floral; fruity; green; herbal; oily; orris; soapy; sweet; waxy
G04,4,11,O76001; P0C7T3; P34982; P47890; Q8NGI9; Q8NGN6; Q8NH56; Q9H346; Q9P1Q5; Q9Y3N9; Q9Y585,SML0039,CCCCCCCCCCCCCC(=O)OC,ZAZKJZBWRNNLDS-UHFFFAOYSA-N,fatty; orris; oily; cognac; waxy,5,apple; berry; clean; cognac; estery; fatty; floral; fruity; green; herbal; oily; orris; soapy; sweet; waxy
G04,4,11,O76001; P0C7T3; P34982; P47890; Q8NGI9; Q8NGN6; Q8NH56; Q9H346; Q9P1Q5; Q9Y3N9; Q9Y585,SML0223,CCCCCCCC(=O)OCCCCCC,PBGWNXWNCSSXCO-UHFFFAOYSA-N,estery; herbal; fatty; berry; green; waxy; fruity; apple,8,apple; berry; clean; cognac; estery; fatty; floral; fruity; green; herbal; oily; orris; soapy; sweet; waxy
G40,4,2,Q9H255; Q9H344,SML0155,C(CC(=O)O)C(=O)O,KDYFGRWQOYBRFD-UHFFFAOYSA-N,odorless,1,odorless
G40,4,2,Q9H255; Q9H344,SML0194,C(CCCC(=O)O)CCCC(=O)O,BDJRBEYXGGNYIS-UHFFFAOYSA-N,odorless,1,odorless
G40,4,2,Q9H255; Q9H344,SML0611,CC(=O)N[C@@H](CCC(=O)O)C(=O)O,RFMMMVDNIPUKGG-YFKPBYRVSA-N,,0,odorless
G40,4,2,Q9H255; Q9H344,SML0617,C(CC(=O)O)C(=O)C(=O)O,KPGXRSRHYNQIFN-UHFFFAOYSA-N,odorless,1,odorless
G13,3,8,O76001; P0C7T3; P34982; P47890; Q8NGI9; Q8NH56; Q9Y3N9; Q9Y585,SML0244,CCCCCCCC1CCC(=O)O1,PHXATPHONSXBIL-UHFFFAOYSA-N,lactonic; apricot; ketonic; fatty; peach; coconut; fruity; creamy,8,apricot; cheesy; coconut; creamy; fatty; fruity; ketonic; lactonic; mushroom; oily; peach; sweet
G13,3,8,O76001; P0C7T3; P34982; P47890; Q8NGI9; Q8NH56; Q9Y3N9; Q9Y585,SML0455,CCCCC[C@@H](C)O,CETWDUZRCINIHU-SSDOTTSWSA-N,fatty; oily; sweet; fruity,4,apricot; cheesy; coconut; creamy; fatty; fruity; ketonic; lactonic; mushroom; oily; peach; sweet
G13,3,8,O76001; P0C7T3; P34982; P47890; Q8NGI9; Q8NH56; Q9Y3N9; Q9Y585,SML0459,CCCCC[C@H](C)O,CETWDUZRCINIHU-ZETCQYMHSA-N,cheesy; fatty; oily; mushroom,4,apricot; cheesy; coconut; creamy; fatty; fruity; ketonic; lactonic; mushroom; oily; peach; sweet
G22,3,6,O76001; P34982; Q8NGI9; Q9P1Q5; Q9Y3N9; Q9Y585,SML0182,CCCCC/C=C\CCC=O,CWRKZMLUDFBPAO-SREVYHEPSA-N,citrus; aldehydic; orange,3,aldehydic; citrus; orange
G22,3,6,O76001; P34982; Q8NGI9; Q9P1Q5; Q9Y3N9; Q9Y585,SML0517,CCCC/C=C\CCCCC=O,YBBNUDDZOWRHOD-WAYWQWQTSA-N,,0,aldehydic; citrus; orange
G22,3,6,O76001; P34982; Q8NGI9; Q9P1Q5; Q9Y3N9; Q9Y585,SML0518,CCCC/C=C\CCC=O,QPULDJYQYDGZEI-WAYWQWQTSA-N,,0,aldehydic; citrus; orange
G28,3,4,O76001; P34982; P47890; Q8NGI9,SML0160,CCCCCO,AMQJEAYHLZJPGS-UHFFFAOYSA-N,bready; pungent; balsamic; winey; oily; solvent; fermented; sweet; alcoholic,9,alcoholic; balsamic; bready; fermented; geranium; green; hazelnut; metallic; nutty; oily; pungent; solvent; sweet; winey
G28,3,4,O76001; P34982; P47890; Q8NGI9,SML0232,CCC(C)C(=O)/C=C/C,ARJWAURHQDJJAC-GQCTYLIASA-N,hazelnut; metallic; nutty,3,alcoholic; balsamic; bready; fermented; geranium; green; hazelnut; metallic; nutty; oily; pungent; solvent; sweet; winey
G28,3,4,O76001; P34982; P47890; Q8NGI9,SML0376,CCCC/C=C\C=C\C=O,ZHHYXNZJDGDGPJ-IGTJQSIKSA-N,geranium; pungent; green,3,alcoholic; balsamic; bready; fermented; geranium; green; hazelnut; metallic; nutty; oily; pungent; solvent; sweet; winey
G29,3,4,Q8NGN6; Q8TCB6; Q9H255; Q9H344,SML0411,C(CCCCC(=O)O)CCCC(=O)O,CXMXRPHRNRROMY-UHFFFAOYSA-N,,0,
G29,3,4,Q8NGN6; Q8TCB6; Q9H255; Q9H344,SML0539,C1CC(C1)C(=O)O,TXWOGHSRPAYOML-UHFFFAOYSA-N,,0,
G29,3,4,Q8NGN6; Q8TCB6; Q9H255; Q9H344,SML0556,C(CCBr)CC(=O)O,WNXNUPJZWYOKMW-UHFFFAOYSA-N,,0,
G41,3,2,O76001; P34982,SML0224,C1=CC=CC=C1,UHOVQNZJYSORNB-UHFFFAOYSA-N,,0,citrus; fresh; mint; minty; spicy; woody
G41,3,2,O76001; P34982,SML0358,CC1=CCC(C=C1)C(C)C,OGLDWXZKYODSOB-UHFFFAOYSA-N,minty; spicy; mint; citrus; fresh; woody,6,citrus; fresh; mint; minty; spicy; woody
G41,3,2,O76001; P34982,SML0494,C1=CC=C2C(=C1)C(=CC(=O)O2)O,VXIXUWQIVKSKSA-UHFFFAOYSA-N,,0,citrus; fresh; mint; minty; spicy; woody
G42,3,2,O76001; P47890,SML0198,CCCC(=O)C,XNLICIUVMPYHGG-UHFFFAOYSA-N,ketonic; winey; fermented; rum; dairy; sweet; banana; woody; fruity; ethereal,10,alcoholic; banana; burnt; dairy; earthy; ethereal; fermented; fruity; green; ketonic; nutty; rum; sweet; vegetable; winey; woody
G42,3,2,O76001; P47890,SML0259,CCOC(C)OCC,DHKHKXVYLBGOIT-UHFFFAOYSA-N,nutty; sweet; earthy; green; fruity; ethereal; alcoholic; vegetable,8,alcoholic; banana; burnt; dairy; earthy; ethereal; fermented; fruity; green; ketonic; nutty; rum; sweet; vegetable; winey; woody
G42,3,2,O76001; P47890,SML0566,CC(C(=O)C)C(=O)C,GSOHKPVFCOWKPU-UHFFFAOYSA-N,ketonic; burnt; fruity,3,alcoholic; banana; burnt; dairy; earthy; ethereal; fermented; fruity; green; ketonic; nutty; rum; sweet; vegetable; winey; woody
G48,3,1,Q8NGI8,SML0390,C1CCCCOC(=O)CCCCC/C=C\CCC1,NVIPUOMWGQAOIT-RQOWECAXSA-N,musty; animal; musk,3,animal; balsamic; dry; floral; musk; musty; soapy; tobacco; waxy
G48,3,1,Q8NGI8,SML0599,C1CCC/C=C\CCCCCCC(=O)CCC1,ZGEHHVDYDNXYMW-UPHRSURJSA-N,balsamic; tobacco; animal; floral; dry; waxy; musk,7,animal; balsamic; dry; floral; musk; musty; soapy; tobacco; waxy
G48,3,1,Q8NGI8,SML0601,CC1C/C=C/CCCCCCCCCC(=O)C1,NKMKFQCVDZVEJR-CSKARUKUSA-N,soapy; animal; musk,3,animal; balsamic; dry; floral; musk; musty; soapy; tobacco; waxy
G49,3,1,Q9H255,SML0015,CC(=O)O,QTBSBXVTEAMEQO-UHFFFAOYSA-N,acidic; pungent; sharp; sour,4,acidic; cheesy; dairy; milky; odorless; pungent; sharp; sour
G49,3,1,Q9H255,SML0049,CCC(=O)O,XBDQKXXYIPTUBI-UHFFFAOYSA-N,acidic; cheesy; pungent; milky; dairy; sour,6,acidic; cheesy; dairy; milky; odorless; pungent; sharp; sour
G49,3,1,Q9H255,SML0511,C(C(=O)O)C(CC(=O)O)(C(=O)O)O,KRKNYBCHXYNGOX-UHFFFAOYSA-N,odorless,1,acidic; cheesy; dairy; milky; odorless; pungent; sharp; sour
G50,3,1,Q9H344,SML0154,C(CCC(=O)O)CC(=O)O,WNLRTRBMVRJNCN-UHFFFAOYSA-N,odorless,1,odorless
G50,3,1,Q9H344,SML0409,C(CCC(=O)O)CCC(=O)O,WLJVNTCWHIRURA-UHFFFAOYSA-N,,0,odorless
G50,3,1,Q9H344,SML0410,C(CCCC(=O)O)CCC(=O)O,TYFQFVWCELRYAO-UHFFFAOYSA-N,,0,odorless
G01,2,14,O76001; P0C7T3; P34982; P47890; Q8NGI9; Q8NGN2; Q8NGN6; Q8NH56; Q8NH74; Q8NH83; Q9H346; Q9P1Q5; Q9Y3N9; Q9Y585,SML0627,CCCCCCCCCCCCCCCCCC(=O)NCCO,OTGQIQQTPXJQRG-UHFFFAOYSA-N,,0,
G01,2,14,O76001; P0C7T3; P34982; P47890; Q8NGI9; Q8NGN2; Q8NGN6; Q8NH56; Q8NH74; Q8NH83; Q9H346; Q9P1Q5; Q9Y3N9; Q9Y585,SML0629,CCCCCCCCCCCCCCCC(=O)NCCO,HXYVTAGFYLMHSO-UHFFFAOYSA-N,,0,
G02,2,13,O76001; P34982; P47890; Q8NGI9; Q8NGN6; Q8NH56; Q8NH74; Q96R69; Q9H207; Q9H346; Q9P1Q5; Q9Y3N9; Q9Y585,SML0681,CC(C)(C)C(=O)OCCC1=CC=CC=C1,DPVYDTACPLLHCF-UHFFFAOYSA-N,geranium; spicy; floral; rose,4,clean; floral; fresh; geranium; green; herbal; lily; rose; spicy; sweet; violet
G02,2,13,O76001; P34982; P47890; Q8NGI9; Q8NGN6; Q8NH56; Q8NH74; Q96R69; Q9H207; Q9H346; Q9P1Q5; Q9Y3N9; Q9Y585,SML0702,CC(C)(CCC1=CC=CC=C1)O,YXVSKJDFNJFXAJ-UHFFFAOYSA-N,clean; lily; herbal; violet; sweet; floral; rose; fresh; green,9,clean; floral; fresh; geranium; green; herbal; lily; rose; spicy; sweet; violet
G03,2,12,O76001; O76002; P34982; P47890; Q8NGG4; Q8NGG8; Q8NH74; Q8NHB7; Q8WZ94; Q96RD0; Q9P1Q5; Q9Y3N9,SML0395,CCOC1=CC2=CC=CC=C2C=C1,GUMOJENFFHZAFP-UHFFFAOYSA-N,powdery; grape; floral; orange,4,floral; grape; orange; powdery
G03,2,12,O76001; O76002; P34982; P47890; Q8NGG4; Q8NGG8; Q8NH74; Q8NHB7; Q8WZ94; Q96RD0; Q9P1Q5; Q9Y3N9,SML0735,CN1C=CC2=CC=CC=C21,BLRHMMGNCXNXJL-UHFFFAOYSA-N,,0,floral; grape; orange; powdery
G05,2,11,O76001; P34982; P47890; Q8NGG8; Q8NGN3; Q8NGN6; Q8NH55; Q8NHB7; Q8WZ94; Q96RD0; Q9Y3N9,SML0013,CCC1=NC=CN=C1C,LNIMMWYNSBZESE-UHFFFAOYSA-N,bready; musty; hazelnut; potato; burnt; nutty; earthy; roasted; green,9,bready; burnt; earthy; green; hazelnut; musty; nutty; potato; roasted; vegetable
G05,2,11,O76001; P34982; P47890; Q8NGG8; Q8NGN3; Q8NGN6; Q8NH55; Q8NHB7; Q8WZ94; Q96RD0; Q9Y3N9,SML0071,CCC1=NC=CN=C1OC,DPCILIMHENXHQX-UHFFFAOYSA-N,musty; nutty; earthy; green; vegetable,5,bready; burnt; earthy; green; hazelnut; musty; nutty; potato; roasted; vegetable
G06,2,10,O76001; P0C7T3; P34982; P47890; Q8NGI9; Q8NH56; Q9H346; Q9P1Q5; Q9Y3N9; Q9Y585,SML0021,CCCCCCCCCCCCCCCC(=O)OCC,XIRNKXNNONJFQO-UHFFFAOYSA-N,balsamic; milky; oily; sweet; waxy; fruity; creamy,7,balsamic; buttery; coconut; creamy; floral; fruity; lactonic; metallic; milky; oily; plum; sweet; waxy
G06,2,10,O76001; P0C7T3; P34982; P47890; Q8NGI9; Q8NH56; Q9H346; Q9P1Q5; Q9Y3N9; Q9Y585,SML0709,CCCCCC1C(CC(=O)O1)C,LOQFOBUZYRBURV-UHFFFAOYSA-N,lactonic; metallic; buttery; plum; floral; coconut; waxy,7,balsamic; buttery; coconut; creamy; floral; fruity; lactonic; metallic; milky; oily; plum; sweet; waxy
G08,2,9,O76001; P0C7T3; P34982; P47890; Q8NGI9; Q8NGN6; Q9P1Q5; Q9Y3N9; Q9Y585,SML0470,CCCCCCC=C,KWKAKUADMBZCLK-UHFFFAOYSA-N,gasoline,1,citrus; cucumber; fresh; gasoline; green; melon; orris; vegetable; waxy; woody
G08,2,9,O76001; P0C7T3; P34982; P47890; Q8NGI9; Q8NGN6; Q9P1Q5; Q9Y3N9; Q9Y585,SML0538,CC/C=C\CCCCC=O,RTNPCOBSXBGDMO-ARJAWSKDSA-N,cucumber; orris; melon; citrus; fresh; green; waxy; woody; vegetable,9,citrus; cucumber; fresh; gasoline; green; melon; orris; vegetable; waxy; woody
G09,2,9,O76001; P0C7T3; P34982; P47890; Q8NGI9; Q8NH56; Q9P1Q5; Q9Y3N9; Q9Y585,SML0206,CCCCCCCCCCCCCC(=O)C,CJPNOLIZCWDHJK-UHFFFAOYSA-N,celery; jasmin; fatty; oily; burnt; dairy; floral; fresh; waxy; fruity,10,aldehydic; amber; burnt; celery; citrus; coumarinic; dairy; dry; fatty; floral; fresh; fruity; jasmin; metallic; oily; waxy
G09,2,9,O76001; P0C7T3; P34982; P47890; Q8NGI9; Q8NH56; Q9P1Q5; Q9Y3N9; Q9Y585,SML0574,CCCCCCCCCC(C)C=O,NFAVNWJJYQAGNB-UHFFFAOYSA-N,amber; metallic; fatty; citrus; dry; fresh; coumarinic; waxy; aldehydic; fruity,10,aldehydic; amber; burnt; celery; citrus; coumarinic; dairy; dry; fatty; floral; fresh; fruity; jasmin; metallic; oily; waxy
G10,2,9,O76001; P34982; P47890; Q8NGI8; Q8NGI9; Q8NH74; Q9P1Q5; Q9Y3N9; Q9Y585,SML0680,CCCCCCCCN1CCCC1=O,WPPOGHDFAVQKLN-UHFFFAOYSA-N,,0,clean; cucumber; fatty; fresh; fruity; green; juicy; melon; vegetable; waxy
G10,2,9,O76001; P34982; P47890; Q8NGI8; Q8NGI9; Q8NH74; Q9P1Q5; Q9Y3N9; Q9Y585,SML0690,CC/C=C\CCCCCO,XJHRZBIBSSVCEL-ARJAWSKDSA-N,juicy; clean; cucumber; fatty; melon; fresh; green; waxy; fruity; vegetable,10,clean; cucumber; fatty; fresh; fruity; green; juicy; melon; vegetable; waxy
G11,2,9,O76001; P34982; P47890; Q8NGI8; Q8NGI9; Q9H346; Q9P1Q5; Q9Y3N9; Q9Y585,SML0425,CCCCCCC(=O)CC,IYTXKIXETAELAV-UHFFFAOYSA-N,jasmin; herbal; spicy; leafy; sweet; floral; fresh; green; fruity; grassy,10,banana; cheesy; fatty; floral; fresh; fruity; grassy; green; herbal; jasmin; ketonic; leafy; musty; spicy; sweet
G11,2,9,O76001; P34982; P47890; Q8NGI8; Q8NGI9; Q9H346; Q9P1Q5; Q9Y3N9; Q9Y585,SML0498,CCCCC(=O)CC,NGAZZOYFWWSOGK-UHFFFAOYSA-N,cheesy; ketonic; musty; fatty; sweet; banana; green; fruity,8,banana; cheesy; fatty; floral; fresh; fruity; grassy; green; herbal; jasmin; ketonic; leafy; musty; spicy; sweet
G14,2,8,O76001; P34982; P47890; Q8NGI8; Q8NGI9; Q8WZ94; Q9P1Q5; Q9Y3N9,SML0467,C[C@@H]1CCC(=C(C)C)C(=O)C1,NZGWDASTMWDZIW-MRVPVSSYSA-N,minty; herbal; metallic; mint; sweet; camphoreous; fresh; sulfurous,8,camphoreous; floral; fresh; herbal; metallic; mint; minty; musk; musty; sulfurous; sweet
G14,2,8,O76001; P34982; P47890; Q8NGI8; Q8NGI9; Q8WZ94; Q9P1Q5; Q9Y3N9,SML0653,CC1=C(C=C(C(=C1[N+](=O)[O-])OC)C(C)(C)C)[N+](=O)[O-],SUAUILGSCPYJCS-UHFFFAOYSA-N,musty; sweet; floral; musk,4,camphoreous; floral; fresh; herbal; metallic; mint; minty; musk; musty; sulfurous; sweet
G15,2,8,O76001; P34982; P47890; Q8NGI9; Q8NH56; Q9P1Q5; Q9Y3N9; Q9Y585,SML0456,CCCCCC(C)(C)O,ACBMYYVZWKYLIP-UHFFFAOYSA-N,,0,creamy; fatty; grape; mushroom; oily
G15,2,8,O76001; P34982; P47890; Q8NGI9; Q8NH56; Q9P1Q5; Q9Y3N9; Q9Y585,SML0457,CCCCCC[C@H](C)O,SJWFXCIHNDVPSH-QMMMGPOBSA-N,fatty; oily; grape; mushroom; creamy,5,creamy; fatty; grape; mushroom; oily
G18,2,7,O76001; P0C7T3; P34982; P47890; Q8NGN6; Q9Y3N9; Q9Y585,SML0044,CCCCCCCC=O,NUJGJRNETVAIRJ-UHFFFAOYSA-N,herbal; fatty; citrus; fresh; green; waxy; aldehydic; fruity; orange,9,aldehydic; citrus; cognac; fatty; fresh; fruity; green; herbal; nutty; orange; ozone; sweet; waxy
G18,2,7,O76001; P0C7T3; P34982; P47890; Q8NGN6; Q9Y3N9; Q9Y585,SML0196,CCCCCCC=O,FXHGMKSSBGDXIY-UHFFFAOYSA-N,ozone; herbal; fatty; citrus; nutty; cognac; sweet; fresh; green; aldehydic,10,aldehydic; citrus; cognac; fatty; fresh; fruity; green; herbal; nutty; orange; ozone; sweet; waxy
G19,2,7,O76001; P34982; P47890; Q8NGN6; Q96R69; Q9H346; Q9Y3N9,SML0171,CC(C)CCOC(=O)C,MLFHJEHSLIIPHL-UHFFFAOYSA-N,estery; ripe; solvent; pear; sweet; banana; fruity,7,banana; buttery; caramellic; creamy; dry; estery; fatty; fruity; jammy; oily; pear; phenolic; ripe; solvent; sweet
G19,2,7,O76001; P34982; P47890; Q8NGN6; Q96R69; Q9H346; Q9Y3N9,SML0497,CCCC(=O)C(=O)C,MWVFCEVNXHTDNF-UHFFFAOYSA-N,jammy; phenolic; fatty; buttery; oily; sweet; dry; caramellic; fruity; creamy,10,banana; buttery; caramellic; creamy; dry; estery; fatty; fruity; jammy; oily; pear; phenolic; ripe; solvent; sweet
G20,2,7,O76001; P34982; P47890; Q8NH56; Q9P1Q5; Q9Y3N9; Q9Y585,SML0446,CC(C)CC(C)CC=C(C)C=O,LCLLDHVSJPTTSF-UHFFFAOYSA-N,,0,citrus; floral; fresh; lily; sweet
G20,2,7,O76001; P34982; P47890; Q8NH56; Q9P1Q5; Q9Y3N9; Q9Y585,SML0678,CCC(C)(CCCC(C)C)O,DLHQZZUEERVIGQ-UHFFFAOYSA-N,lily; citrus; sweet; floral; fresh,5,citrus; floral; fresh; lily; sweet
G23,2,6,O76001; P34982; P47890; Q8NGI9; Q9Y3N9; Q9Y585,SML0320,CCOC(=O)CCC(C)C,OFQRUTMGVBMTFQ-UHFFFAOYSA-N,pineapple; fruity; apple,3,apple; buttery; cheesy; dairy; fruity; ketonic; meaty; pineapple
G23,2,6,O76001; P34982; P47890; Q8NGI9; Q9Y3N9; Q9Y585,SML0453,CCCCC(=O)C,QQZOPKMRPOGIEB-UHFFFAOYSA-N,cheesy; ketonic; buttery; meaty; dairy; fruity,6,apple; buttery; cheesy; dairy; fruity; ketonic; meaty; pineapple
G24,2,6,O76001; P34982; P47890; Q8NGN6; Q9H346; Q9Y3N9,SML0461,CCC(=O)OC,RJUFJBKOKNCXHH-UHFFFAOYSA-N,rummy; strawberry; rum; fresh; fruity; ethereal; apple,7,apple; ethereal; fresh; fruity; rum; rummy; strawberry
G24,2,6,O76001; P34982; P47890; Q8NGN6; Q9H346; Q9Y3N9,SML0769,C=CCSS(=O)CC=C,JDLKFOPOAOFWQN-UHFFFAOYSA-N,,0,apple; ethereal; fresh; fruity; rum; rummy; strawberry
G25,2,5,O76001; P34982; P47890; Q9P1Q5; Q9Y3N9,SML0466,CCCCOC,CXBDYQVECUFKRK-UHFFFAOYSA-N,,0,floral; jasmine; sweet
G25,2,5,O76001; P34982; P47890; Q9P1Q5; Q9Y3N9,SML0481,CCCCCC/C(=C\C1=CC=CC=C1)/C=O,GUUHFMWKWLOQMM-NTCAYCPXSA-N,jasmine; sweet; floral,3,floral; jasmine; sweet
G26,2,5,O76001; P34982; Q8NGI8; Q8NGI9; Q9Y3N9,SML0181,CC/C=C\CC/C=C\C=O,HZYHMHHBBBSGHB-KPDBFRNYSA-N,,0,fatty; fruity; musk; sweet; warm; waxy
G26,2,5,O76001; P34982; Q8NGI8; Q8NGI9; Q9Y3N9,SML0669,C1CCC/C=C\CCCCCCOC(=O)CCC1,QILMAYXCYBTEDM-IWQZZHSRSA-N,fatty; warm; sweet; waxy; fruity; musk,6,fatty; fruity; musk; sweet; warm; waxy
G32,2,3,O76001; P34982; Q9Y3N9,SML0594,CC1CC(CO1)(C)C2=CC=CC=C2,GPMLJOOQCIHFET-UHFFFAOYSA-N,herbal; aromatic; citrus; floral; grapefruit; fresh; green; woody,8,aromatic; citrus; floral; fresh; grapefruit; green; herbal; woody
G32,2,3,O76001; P34982; Q9Y3N9,SML0633,CCCCC/C=C\C/C=C\C/C=C\C/C=C\CCCC(=O)O,YZXBAPSDXZZRGB-DOFZRALJSA-N,,0,aromatic; citrus; floral; fresh; grapefruit; green; herbal; woody
G33,2,3,O76001; P47890; Q9Y3N9,SML0011,CCC(CC)O,AQIXEPGDORPWBJ-UHFFFAOYSA-N,herbal; oily; fermented; nutty; sweet; fruity; ethereal,7,citrus; clean; ethereal; fermented; fresh; fruity; herbal; minty; nutty; oily; sweet
G33,2,3,O76001; P47890; Q9Y3N9,SML0525,CC(=C)C1CCC2(C(C1)O2)C,CCEFMUBVSUDRLG-UHFFFAOYSA-N,minty; clean; herbal; citrus; sweet; fresh; fruity,7,citrus; clean; ethereal; fermented; fresh; fruity; herbal; minty; nutty; oily; sweet
G34,2,3,O76001; Q8NGN3; Q8NHB7,SML0008,CC1=CN=C(C=N1)C,LCZUOKDVTBMCMX-UHFFFAOYSA-N,powdery; musty; chocolate; nutty; earthy; roasted; woody; cocoa; medicinal; grassy,10,chocolate; cocoa; earthy; grassy; green; hazelnut; meaty; medicinal; musty; nutty; potato; powdery; roasted; vegetable; woody
G34,2,3,O76001; Q8NGN3; Q8NHB7,SML0068,CCC1=NC=C(N=C1CC)C,PSINWXIDJYEXLO-UHFFFAOYSA-N,musty; hazelnut; potato; chocolate; nutty; meaty; earthy; roasted; green; vegetable,10,chocolate; cocoa; earthy; grassy; green; hazelnut; meaty; medicinal; musty; nutty; potato; powdery; roasted; vegetable; woody
G35,2,3,Q8NGN6; Q8TCB6; Q9H344,SML0510,CCCC(C)C(=O)O,OVBFMEVBMNZIBR-UHFFFAOYSA-N,cheesy; pungent; dairy; creamy; sour,5,cheesy; creamy; dairy; pungent; sour
G35,2,3,Q8NGN6; Q8TCB6; Q9H344,SML0742,CCC/C(=C/C(=O)O)/C,NTWSIWWJPQHFTO-AATRIKPKSA-N,,0,cheesy; creamy; dairy; pungent; sour
G36,2,3,Q8TCB6; Q9H255; Q9H344,SML0162,CCCCC(C(=O)O)Br,HZTPKMIMXLTOSK-UHFFFAOYSA-N,,0,
G36,2,3,Q8TCB6; Q9H255; Q9H344,SML0226,CCCC(=CC(=O)O)C,NTWSIWWJPQHFTO-UHFFFAOYSA-N,,0,
G43,2,2,Q8TCB6; Q9H255,SML0167,CCCC(C(=O)O)Br,WMFATTFQNRPXBQ-UHFFFAOYSA-N,,0,
G43,2,2,Q8TCB6; Q9H255,SML0175,CCC(C(=O)O)Br,YAQLSKVCTLCIIE-UHFFFAOYSA-N,,0,
G44,2,2,Q9P1Q5; Q9Y3N9,SML0291,CCCC(CCOC(=O)C)S,JUCARGIKESIVLB-UHFFFAOYSA-N,raspberry; tropical; pear; floral; grapefruit; fruity; sulfurous,7,burnt; caramellic; floral; fruity; grapefruit; hay; pear; raspberry; sulfurous; tropical
G44,2,2,Q9P1Q5; Q9Y3N9,SML0356,CCCCCC(=O)C(C)C(=O)C,BGVBGAIWXAXBLP-UHFFFAOYSA-N,burnt; caramellic; fruity; hay,4,burnt; caramellic; floral; fruity; grapefruit; hay; pear; raspberry; sulfurous; tropical
G51,2,1,Q8NGP4,SML0128,CC1C(=O)C(=C(O1)C)O,INAXVXBDKKUCGI-UHFFFAOYSA-N,brown; strawberry; burnt; pineapple; sweet; roasted; caramellic; savory; fruity,9,brown; burnt; caramellic; fruity; pineapple; roasted; savory; strawberry; sweet
G51,2,1,Q8NGP4,SML0302,CCC1C(=O)C(=C(O1)C)O,GWCRPYGYVRXVLI-UHFFFAOYSA-N,sweet; caramellic,2,brown; burnt; caramellic; fruity; pineapple; roasted; savory; strawberry; sweet
G52,2,1,Q8WZ84,SML0050,CC1C(=C(C(=O)O1)O)C,UNYNVICDCJHOPO-UHFFFAOYSA-N,coffee; sweet; caramellic,3,caramellic; coffee; fruity; nutty; sweet
G52,2,1,Q8WZ84,SML0246,CCC1C(=C(C(=O)O1)O)C,IUFQZPBIRYFPFD-UHFFFAOYSA-N,nutty; sweet; caramellic; fruity,4,caramellic; coffee; fruity; nutty; sweet
