sml,group,rate_I,rate_II,MolWt,LogP,TPSA,HBD,HBA,AromaticRings,RotBonds,RingCount,FracCSP3,Heteroatoms,carboxylic acid,ester,aldehyde,ketone,alcohol,ether,aromatic ring,amine,sulfur
SML0000,Class II only,0.0,0.0215633423180593,136.238,3.308900000000002,0.0,0,0,0,1,1,0.6,0,0,0,0,0,0,0,0,0,0
SML0002,Class I only,0.016129032258064516,0.005390835579514825,156.26899999999998,2.4395000000000007,20.23,1,1,0,1,1,1.0,1,0,0,0,0,1,0,0,0,0
SML0003,Class I only,0.016129032258064516,0.005390835579514825,74.12299999999999,0.7787999999999999,20.23,1,1,0,2,0,1.0,1,0,0,0,0,1,0,0,0,0
SML0005,shared,0.03225806451612903,0.03234501347708895,186.33899999999997,3.8996000000000035,20.23,1,1,0,10,0,1.0,1,0,0,0,0,1,0,0,0,0
SML0013,shared,0.016129032258064516,0.018867924528301886,122.17099999999998,1.34742,25.78,0,2,1,1,1,0.42857142857142855,2,0,0,0,0,0,0,0,0,0
SML0015,Class I only,0.016129032258064516,0.0,60.05200000000001,0.09089999999999993,37.3,1,1,0,0,0,0.5,2,1,0,0,0,0,0,0,0,0
SML0016,Class I only,0.0967741935483871,0.008086253369272238,88.10599999999998,0.8711,37.3,1,1,0,2,0,0.75,2,1,0,0,0,0,0,0,0,0
SML0017,Class II only,0.0,0.1752021563342318,146.14499999999995,1.7929999999999997,30.21,0,2,2,0,2,0.0,2,0,0,0,0,0,0,1,0,0
SML0018,shared,0.16129032258064516,0.016172506738544475,200.32199999999997,3.991900000000002,37.3,1,1,0,10,0,0.9166666666666666,2,1,0,0,0,0,0,0,0,0
SML0019,shared,0.03225806451612903,0.016172506738544475,200.32199999999997,3.6902000000000026,26.3,0,2,0,9,0,0.9166666666666666,2,0,1,0,0,0,1,0,0,0
SML0020,shared,0.03225806451612903,0.018867924528301886,228.37599999999995,4.470400000000004,26.3,0,2,0,11,0,0.9285714285714286,2,0,1,0,0,0,1,0,0,0
SML0021,Class II only,0.0,0.018867924528301886,284.484,6.030800000000006,26.3,0,2,0,15,0,0.9444444444444444,2,0,1,0,0,0,1,0,0,0
SML0022,Class II only,0.0,0.016172506738544475,312.538,6.811000000000008,26.3,0,2,0,17,0,0.95,2,0,1,0,0,0,1,0,0,0
SML0023,shared,0.016129032258064516,0.018867924528301886,172.26799999999997,2.910000000000001,26.3,0,2,0,7,0,0.9,2,0,1,0,0,0,1,0,0,0
SML0024,Class II only,0.0,0.018867924528301886,256.4299999999999,5.250600000000005,26.3,0,2,0,13,0,0.9375,2,0,1,0,0,0,1,0,0,0
SML0026,shared,0.3064516129032258,0.03773584905660377,222.37199999999999,4.3979000000000035,20.23,1,1,0,7,0,0.6,1,0,0,0,0,1,0,0,0,0
SML0027,shared,0.14516129032258066,0.03773584905660377,154.253,2.671400000000001,20.23,1,1,0,4,0,0.6,1,0,0,0,0,1,0,0,0,0
SML0029,Class I only,0.03225806451612903,0.01078167115902965,102.13299999999998,1.1171,37.3,1,1,0,2,0,0.8,2,1,0,0,0,0,0,0,0,0
SML0030,Class I only,0.016129032258064516,0.0,90.07799999999999,-0.5482,57.53,2,2,0,1,0,0.6666666666666666,3,1,0,0,0,1,0,0,0,0
SML0031,shared,0.06451612903225806,0.09433962264150944,204.31299999999996,3.361600000000002,17.07,0,1,1,3,1,0.5,1,0,0,1,0,0,0,1,0,0
SML0032,Class I only,0.03225806451612903,0.013477088948787063,154.25300000000001,2.6698000000000013,20.23,1,1,0,4,0,0.6,1,0,0,0,0,1,0,0,0,0
SML0033,shared,0.03225806451612903,0.0215633423180593,210.31699999999998,2.853000000000002,37.3,1,2,0,5,1,0.7692307692307693,2,0,0,1,0,1,0,0,0,0
SML0034,shared,0.016129032258064516,0.03773584905660377,232.283,1.8551,54.120000000000005,2,2,2,4,2,0.3076923076923077,4,0,0,0,0,0,1,1,0,0
SML0035,shared,0.04838709677419355,0.018867924528301886,214.34899999999996,4.080300000000003,26.3,0,2,0,10,0,0.9230769230769231,2,0,1,0,0,0,1,0,0,0
SML0036,shared,0.016129032258064516,0.016172506738544475,270.45699999999994,5.640700000000005,26.3,0,2,0,14,0,0.9411764705882353,2,0,1,0,0,0,1,0,0,0
SML0037,shared,0.016129032258064516,0.018867924528301886,298.51099999999997,6.420900000000007,26.3,0,2,0,16,0,0.9473684210526315,2,0,1,0,0,0,1,0,0,0
SML0038,shared,0.08064516129032258,0.0215633423180593,158.24099999999999,2.5199000000000007,26.3,0,2,0,6,0,0.8888888888888888,2,0,1,0,0,0,1,0,0,0
SML0039,shared,0.03225806451612903,0.018867924528301886,242.40299999999993,4.8605000000000045,26.3,0,2,0,12,0,0.9333333333333333,2,0,1,0,0,0,1,0,0,0
SML0041,shared,0.03225806451612903,0.0215633423180593,142.242,2.935900000000001,17.07,0,1,0,7,0,0.8888888888888888,1,0,0,1,0,0,0,0,0,0
SML0043,Class I only,0.0967741935483871,0.01078167115902965,284.4839999999999,6.332500000000007,37.3,1,1,0,16,0,0.9444444444444444,2,1,0,0,0,0,0,0,0,0
SML0044,Class I only,0.016129032258064516,0.013477088948787063,128.215,2.5458000000000007,17.07,0,1,0,6,0,0.875,1,0,0,1,0,0,0,0,0,0
SML0045,Class I only,0.12903225806451613,0.008086253369272238,256.4299999999999,5.552300000000005,37.3,1,1,0,14,0,0.9375,2,1,0,0,0,0,0,0,0,0
SML0046,Class II only,0.0,0.02425876010781671,136.14999999999998,1.5076999999999998,26.3,0,2,1,2,1,0.125,2,0,0,1,0,0,1,1,0,0
SML0048,Class I only,0.14516129032258066,0.008086253369272238,242.40299999999993,5.162200000000004,37.3,1,1,0,13,0,0.9333333333333333,2,1,0,0,0,0,0,0,0,0
SML0049,Class I only,0.016129032258064516,0.0,74.079,0.481,37.3,1,1,0,1,0,0.6666666666666666,2,1,0,0,0,0,0,0,0,0
SML0051,Class I only,0.16129032258064516,0.01078167115902965,228.37599999999995,4.772100000000004,37.3,1,1,0,12,0,0.9285714285714286,2,1,0,0,0,0,0,0,0,0
SML0052,Class I only,0.04838709677419355,0.013477088948787063,170.296,3.7161000000000026,17.07,0,1,0,9,0,0.9090909090909091,1,0,0,1,0,0,0,0,0,0
SML0055,Class II only,0.0,0.026954177897574125,130.23100000000002,2.3392000000000013,20.23,1,1,0,6,0,1.0,1,0,0,0,0,1,0,0,0,0
SML0056,Class II only,0.0,0.018867924528301886,134.182,1.5263,25.78,0,2,1,0,2,0.5,2,0,0,0,0,0,0,0,0,0
SML0057,Class I only,0.11290322580645161,0.005390835579514825,130.187,2.0414,37.3,1,1,0,5,0,0.8571428571428571,2,1,0,0,0,0,0,0,0,0
SML0058,Class I only,0.04838709677419355,0.0026954177897574125,116.15999999999998,1.6513,37.3,1,1,0,4,0,0.8333333333333334,2,1,0,0,0,0,0,0,0,0
SML0059,shared,0.03225806451612903,0.018867924528301886,106.12799999999997,1.1196,25.78,0,2,1,1,1,0.0,2,0,0,0,0,0,0,0,0,0
SML0060,shared,0.03225806451612903,0.0215633423180593,186.295,3.3001000000000023,26.3,0,2,0,8,0,0.9090909090909091,2,0,1,0,0,0,1,0,0,0
SML0061,shared,0.1935483870967742,0.016172506738544475,144.214,2.4314999999999998,37.3,1,1,0,6,0,0.875,2,1,0,0,0,0,0,0,0,0
SML0063,Class I only,0.016129032258064516,0.01078167115902965,110.11599999999999,0.48519999999999985,35.010000000000005,0,3,1,1,1,0.2,3,0,0,0,0,0,1,0,0,0
SML0064,shared,0.04838709677419355,0.029649595687331536,122.12699999999998,0.6791999999999999,42.85,0,3,1,1,1,0.16666666666666666,3,0,0,0,1,0,0,0,0,0
SML0065,Class II only,0.0,0.016172506738544475,94.11699999999999,0.7850199999999999,25.78,0,2,1,0,1,0.2,2,0,0,0,0,0,0,0,0,0
SML0066,Class II only,0.0,0.016172506738544475,166.224,1.9987,35.010000000000005,0,3,1,3,1,0.5555555555555556,3,0,0,0,0,0,1,0,0,0
SML0069,shared,0.03225806451612903,0.02425876010781671,178.23099999999997,2.4323000000000006,18.46,0,2,1,4,1,0.2727272727272727,2,0,0,0,0,0,1,1,0,0
SML0071,shared,0.016129032258064516,0.018867924528301886,138.17,1.0475999999999999,35.010000000000005,0,3,1,2,1,0.42857142857142855,3,0,0,0,0,0,1,0,0,0
SML0073,shared,0.04838709677419355,0.0431266846361186,148.20499999999998,2.3791,17.07,0,1,1,3,1,0.3,1,0,0,1,0,0,0,1,0,0
SML0074,shared,0.14516129032258066,0.03234501347708895,154.253,2.671400000000001,20.23,1,1,0,4,0,0.6,1,0,0,0,0,1,0,0,0,0
SML0076,Class II only,0.0,0.016172506738544475,238.37099999999995,4.390500000000004,26.3,0,2,0,0,1,0.8,2,0,1,0,0,0,1,0,0,0
SML0077,shared,0.016129032258064516,0.03504043126684636,130.18699999999998,1.7397,26.3,0,2,0,4,0,0.8571428571428571,2,0,1,0,0,0,1,0,0,0
SML0079,Class II only,0.0,0.02425876010781671,114.18799999999999,2.1557000000000004,17.07,0,1,0,4,0,0.8571428571428571,1,0,0,0,1,0,0,0,0,0
SML0080,shared,0.03225806451612903,0.06199460916442048,120.15099999999995,1.8892,17.07,0,1,1,1,1,0.125,1,0,0,0,1,0,0,1,0,0
SML0081,shared,0.016129032258064516,0.016172506738544475,129.22799999999998,1.9286,12.36,0,2,0,0,1,0.8333333333333334,2,0,0,0,0,0,0,0,0,1
SML0083,shared,0.03225806451612903,0.07816711590296496,156.26899999999998,2.4395000000000007,20.23,1,1,0,1,1,1.0,1,0,0,0,0,1,0,0,0,0
SML0085,shared,0.016129032258064516,0.0431266846361186,154.253,3.102000000000002,17.07,0,1,0,7,0,0.7,1,0,0,1,0,0,0,0,0,0
SML0086,Class I only,0.016129032258064516,0.013477088948787063,182.307,2.9737000000000022,20.23,1,1,0,1,2,1.0,1,0,0,0,0,1,0,0,0,0
SML0088,Class I only,0.03225806451612903,0.01078167115902965,116.15999999999998,1.5072,37.3,1,1,0,3,0,0.8333333333333334,2,1,0,0,0,0,0,0,0,0
SML0089,shared,0.16129032258064516,0.05660377358490566,272.43199999999996,4.764300000000004,17.07,0,1,0,0,4,0.8421052631578947,1,0,0,0,1,0,0,0,0,0
SML0090,Class I only,0.04838709677419355,0.013477088948787063,190.28599999999994,3.1156000000000015,17.07,0,1,1,3,1,0.46153846153846156,1,0,0,1,0,0,0,1,0,0
SML0091,Class I only,0.016129032258064516,0.0026954177897574125,116.15999999999998,1.3496000000000001,26.3,0,2,0,3,0,0.8333333333333334,2,0,1,0,0,0,1,0,0,0
SML0093,shared,0.016129032258064516,0.016172506738544475,100.161,1.335,20.23,1,1,0,3,0,0.6666666666666666,1,0,0,0,0,1,0,0,0,0
SML0094,shared,0.24193548387096775,0.029649595687331536,152.237,2.878000000000001,17.07,0,1,0,4,0,0.5,1,0,0,1,0,0,0,0,0,0
SML0095,Class I only,0.03225806451612903,0.01078167115902965,156.269,3.3260000000000023,17.07,0,1,0,8,0,0.9,1,0,0,1,0,0,0,0,0,0
SML0096,Class I only,0.03225806451612903,0.005390835579514825,86.08999999999999,0.1644,34.14,0,2,0,1,0,0.5,2,0,0,0,1,0,0,0,0,0
SML0097,Class I only,0.016129032258064516,0.005390835579514825,114.21299999999998,2.0916,0.0,0,1,0,4,0,0.3333333333333333,1,0,0,0,0,0,0,0,0,1
SML0099,shared,0.16129032258064516,0.03504043126684636,270.36899999999997,3.377500000000002,52.6,0,4,0,0,1,0.8666666666666667,4,0,1,0,0,0,1,0,0,0
SML0100,shared,0.4032258064516129,0.1347708894878706,206.24099999999996,2.349,35.53,0,3,1,4,1,0.25,3,0,1,0,0,0,1,1,0,0
SML0102,Class II only,0.0,0.026954177897574125,270.41599999999994,4.684400000000005,17.07,0,1,0,0,4,0.7368421052631579,1,0,0,0,1,0,0,0,0,0
SML0103,shared,0.3064516129032258,0.11320754716981132,196.29,3.242200000000002,26.3,0,2,0,5,0,0.5833333333333334,2,0,1,0,0,0,1,0,0,0
SML0104,Class II only,0.0,0.018867924528301886,124.13899999999997,1.4008,29.46,1,2,1,1,1,0.14285714285714285,2,0,0,0,0,1,1,1,0,0
SML0107,Class I only,0.016129032258064516,0.01078167115902965,196.29,2.7643000000000013,26.3,0,2,0,1,2,0.9166666666666666,2,0,1,0,0,0,1,0,0,0
SML0109,Class I only,0.04838709677419355,0.005390835579514825,88.10599999999998,0.727,37.3,1,1,0,1,0,0.75,2,1,0,0,0,0,0,0,0,0
SML0110,shared,0.4838709677419355,0.1752021563342318,164.20399999999998,2.4339000000000013,29.46,1,2,1,2,1,0.2,2,0,0,0,0,1,1,1,0,0
SML0111,Class I only,0.03225806451612903,0.0026954177897574125,48.11000000000001,0.546,0.0,1,1,0,0,0,1.0,1,0,0,0,0,0,0,0,0,1
SML0113,Class I only,0.03225806451612903,0.008086253369272238,172.268,2.910000000000002,26.3,0,2,0,7,0,0.9,2,0,1,0,0,0,1,0,0,0
SML0114,shared,0.27419354838709675,0.10512129380053908,120.15099999999997,1.428,17.07,0,1,1,2,1,0.125,1,0,0,1,0,0,0,1,0,0
SML0116,shared,0.03225806451612903,0.016172506738544475,154.25300000000001,2.5037000000000007,20.23,1,1,0,1,1,0.8,1,0,0,0,0,1,0,0,0,0
SML0117,Class I only,0.03225806451612903,0.008086253369272238,196.29,3.0745000000000013,26.3,0,2,0,2,1,0.75,2,0,1,0,0,0,1,0,0,0
SML0118,shared,0.016129032258064516,0.05121293800539083,136.14999999999998,1.4732,26.3,0,2,1,1,1,0.125,2,0,1,0,0,0,1,1,0,0
SML0119,shared,0.016129032258064516,0.029649595687331536,182.135,1.8114200000000005,86.28,0,4,1,2,1,0.14285714285714285,6,0,0,0,0,0,0,1,1,0
SML0120,shared,0.03225806451612903,0.1347708894878706,258.405,4.525200000000004,9.23,0,1,1,0,3,0.6666666666666666,1,0,0,0,0,0,1,1,0,0
SML0123,shared,0.016129032258064516,0.016172506738544475,152.19699999999997,1.6086,35.010000000000005,0,3,1,2,1,0.5,3,0,0,0,0,0,1,0,0,0
SML0124,shared,0.03225806451612903,0.016172506738544475,166.224,1.6837,35.010000000000005,0,3,1,3,1,0.5555555555555556,3,0,0,0,0,0,1,0,0,0
SML0125,Class I only,0.016129032258064516,0.0,102.13299999999998,1.2612,37.3,1,1,0,3,0,0.8,2,1,0,0,0,0,0,0,0,0
SML0133,shared,0.016129032258064516,0.026954177897574125,150.18099999999998,1.2415999999999998,42.85,0,3,1,2,1,0.375,3,0,0,0,1,0,0,0,0,0
SML0134,Class II only,0.0,0.016172506738544475,108.14399999999998,1.039,25.78,0,2,1,1,1,0.3333333333333333,2,0,0,0,0,0,0,0,0,0
SML0135,shared,0.5645161290322581,0.628032345013477,218.33999999999995,3.904200000000003,17.07,0,1,0,1,2,0.6666666666666666,1,0,0,0,1,0,0,0,0,0
SML0136,shared,0.03225806451612903,0.0646900269541779,192.21399999999994,1.7927999999999995,35.53,0,3,1,3,2,0.36363636363636365,3,0,0,1,0,0,1,1,0,0
SML0137,shared,0.03225806451612903,0.03773584905660377,152.23699999999997,2.2797,20.23,1,1,0,1,1,0.6,1,0,0,0,0,1,0,0,0,0
SML0138,Class I only,0.03225806451612903,0.0026954177897574125,170.25199999999998,2.8436000000000003,37.3,1,1,0,5,0,0.7,2,1,0,0,0,0,0,0,0,0
SML0140,shared,0.03225806451612903,0.02425876010781671,144.258,2.7293000000000016,20.23,1,1,0,7,0,1.0,1,0,0,0,0,1,0,0,0,0
SML0141,shared,0.03225806451612903,0.03234501347708895,194.27399999999997,2.850500000000001,26.3,0,2,0,2,1,0.5833333333333334,2,0,1,0,0,0,1,0,0,0
SML0142,shared,0.1774193548387097,0.026954177897574125,158.241,2.821600000000001,37.3,1,1,0,7,0,0.8888888888888888,2,1,0,0,0,0,0,0,0,0
SML0143,shared,0.016129032258064516,0.016172506738544475,128.21499999999997,2.1136000000000004,20.23,1,1,0,5,0,0.75,1,0,0,0,0,1,0,0,0,0
SML0145,Class I only,0.04838709677419355,0.013477088948787063,96.944,1.9352,0.0,0,0,0,0,0,0.0,2,0,0,0,0,0,0,0,0,0
SML0146,shared,0.03225806451612903,0.0215633423180593,172.268,2.1527000000000003,37.3,1,2,0,6,0,0.9,2,0,0,1,0,1,0,0,0,0
SML0147,shared,0.0967741935483871,0.1509433962264151,258.405,4.792620000000005,17.07,0,1,1,1,2,0.6111111111111112,1,0,0,0,1,0,0,1,0,0
SML0148,Class II only,0.0,0.03773584905660377,244.378,4.410500000000004,17.07,0,1,1,1,2,0.5882352941176471,1,0,0,0,1,0,0,1,0,0
SML0150,shared,0.27419354838709675,0.029649595687331536,152.237,2.878000000000001,17.07,0,1,0,4,0,0.5,1,0,0,1,0,0,0,0,0,0
SML0151,Class II only,0.0,0.029649595687331536,156.26899999999998,2.751300000000001,20.23,1,1,0,5,0,0.8,1,0,0,0,0,1,0,0,0,0
SML0152,shared,0.08064516129032258,0.0215633423180593,149.237,3.2026800000000017,23.79,0,1,0,3,0,0.5,1,0,0,0,0,0,0,0,0,0
SML0153,shared,0.03225806451612903,0.026954177897574125,136.154,0.9876199999999999,42.85,0,3,1,1,1,0.2857142857142857,3,0,0,0,1,0,0,0,0,0
SML0156,shared,0.06451612903225806,0.02425876010781671,164.204,1.9137999999999997,37.3,1,2,1,3,1,0.3,2,0,0,0,1,1,0,1,0,0
SML0158,Class II only,0.0,0.016172506738544475,102.17699999999999,1.559,20.23,1,1,0,4,0,1.0,1,0,0,0,0,1,0,0,0,0
SML0159,Class II only,0.0,0.0215633423180593,116.204,1.9491,20.23,1,1,0,5,0,1.0,1,0,0,0,0,1,0,0,0,0
SML0161,Class I only,0.12903225806451613,0.0026954177897574125,223.10999999999999,2.804900000000001,37.3,1,1,0,6,0,0.875,3,1,0,0,0,0,0,0,0,0
SML0164,shared,0.0967741935483871,0.018867924528301886,135.14199999999997,-0.02100000000000013,40.129999999999995,0,2,1,2,1,0.125,2,0,0,0,0,0,0,1,0,0
SML0168,shared,0.016129032258064516,0.04043126684636118,150.22099999999998,2.4879000000000007,17.07,0,1,0,1,1,0.5,1,0,0,0,1,0,0,0,0,0
SML0169,shared,0.16129032258064516,0.0215633423180593,198.30599999999998,3.298000000000002,18.46,0,2,0,6,0,0.6666666666666666,2,0,0,0,0,0,1,0,0,0
SML0170,Class I only,0.016129032258064516,0.01078167115902965,108.13999999999997,1.6952,9.23,0,1,1,1,1,0.14285714285714285,1,0,0,0,0,0,1,1,0,0
SML0171,Class I only,0.016129032258064516,0.013477088948787063,130.18699999999998,1.5956000000000001,26.3,0,2,0,3,0,0.8571428571428571,2,0,1,0,0,0,1,0,0,0
SML0172,Class II only,0.0,0.02425876010781671,156.26899999999998,2.751300000000001,20.23,1,1,0,5,0,0.8,1,0,0,0,0,1,0,0,0,0
SML0174,Class II only,0.0,0.02425876010781671,154.253,2.9579000000000013,17.07,0,1,0,5,0,0.7,1,0,0,1,0,0,0,0,0,0
SML0177,shared,0.04838709677419355,0.016172506738544475,190.28599999999994,3.4342000000000024,17.07,0,1,0,2,1,0.46153846153846156,1,0,0,0,1,0,0,0,0,0
SML0180,shared,0.04838709677419355,0.04582210242587601,192.30199999999996,3.5141000000000027,17.07,0,1,0,2,1,0.6153846153846154,1,0,0,0,1,0,0,0,0,0
SML0183,Class II only,0.0,0.016172506738544475,154.25300000000001,3.102000000000001,17.07,0,1,0,7,0,0.7,1,0,0,1,0,0,0,0,0,0
SML0184,shared,0.016129032258064516,0.018867924528301886,192.30199999999996,3.6582000000000026,17.07,0,1,0,2,1,0.6153846153846154,1,0,0,0,1,0,0,0,0,0
SML0186,shared,0.0967741935483871,0.03504043126684636,222.37199999999999,4.396300000000004,20.23,1,1,0,7,0,0.6,1,0,0,0,0,1,0,0,0,0
SML0187,shared,0.016129032258064516,0.0431266846361186,192.302,3.6582000000000026,17.07,0,1,0,2,1,0.6153846153846154,1,0,0,0,1,0,0,0,0,0
SML0188,shared,0.08064516129032258,0.0215633423180593,196.29,3.242200000000002,26.3,0,2,0,5,0,0.5833333333333334,2,0,1,0,0,0,1,0,0,0
SML0189,Class II only,0.0,0.018867924528301886,154.253,3.102000000000001,17.07,0,1,0,7,0,0.7,1,0,0,1,0,0,0,0,0,0
SML0193,shared,0.22580645161290322,0.03234501347708895,172.268,3.2117000000000013,37.3,1,1,0,8,0,0.9,2,1,0,0,0,0,0,0,0,0
SML0195,Class II only,0.0,0.018867924528301886,126.19899999999998,2.3218000000000005,17.07,0,1,0,5,0,0.625,1,0,0,0,1,0,0,0,0,0
SML0197,Class I only,0.016129032258064516,0.0026954177897574125,144.21399999999997,2.1298000000000004,26.3,0,2,0,5,0,0.875,2,0,1,0,0,0,1,0,0,0
SML0200,shared,0.03225806451612903,0.018867924528301886,284.43999999999994,4.339700000000004,35.53,0,3,0,6,1,0.9411764705882353,3,0,1,0,0,0,1,0,0,0
SML0202,Class II only,0.0,0.02425876010781671,226.40399999999994,4.822300000000006,20.23,1,1,0,0,1,1.0,1,0,0,0,0,1,0,0,0,0
SML0204,Class II only,0.0,0.018867924528301886,154.253,3.080000000000002,17.07,0,1,0,0,1,0.9,1,0,0,0,1,0,0,0,0,0
SML0205,Class II only,0.0,0.018867924528301886,168.27999999999997,3.470100000000002,17.07,0,1,0,0,1,0.9090909090909091,1,0,0,0,1,0,0,0,0,0
SML0206,shared,0.016129032258064516,0.016172506738544475,226.40399999999994,5.276500000000005,17.07,0,1,0,12,0,0.9333333333333333,1,0,0,0,1,0,0,0,0,0
SML0212,shared,0.08064516129032258,0.0889487870619946,132.16199999999995,1.8987,17.07,0,1,1,2,1,0.0,1,0,0,1,0,0,0,1,0,0
SML0214,Class I only,0.016129032258064516,0.005390835579514825,176.215,1.9583,26.3,0,2,1,4,1,0.18181818181818182,2,0,1,0,0,0,1,1,0,0
SML0215,shared,0.03225806451612903,0.02425876010781671,192.25800000000004,2.572400000000001,26.3,0,2,1,5,1,0.4166666666666667,2,0,1,0,0,0,1,1,0,0
SML0219,shared,0.11290322580645161,0.09433962264150944,226.322,3.954200000000003,26.28,0,4,2,5,2,0.2,4,0,0,0,0,0,0,0,0,1
SML0220,Class I only,0.016129032258064516,0.0,92.119,0.0007999999999999119,37.3,2,2,0,1,0,0.5,3,1,0,0,0,0,0,0,0,1
SML0221,shared,0.016129032258064516,0.0646900269541779,146.299,3.276700000000003,0.0,1,1,0,6,0,1.0,1,0,0,0,0,0,0,0,0,1
SML0222,Class II only,0.0,0.0215633423180593,166.26399999999998,3.246100000000002,17.07,0,1,0,4,1,0.7272727272727273,1,0,0,0,1,0,0,0,0,0
SML0225,shared,0.016129032258064516,0.029649595687331536,152.23699999999997,2.567800000000001,17.07,0,1,0,1,1,0.7,1,0,0,0,1,0,0,0,0,0
SML0227,shared,0.016129032258064516,0.21024258760107817,129.16199999999995,2.2348,12.89,0,1,2,0,2,0.0,1,0,0,0,0,0,0,1,0,0
SML0228,Class II only,0.0,0.0215633423180593,230.44199999999995,5.033200000000004,0.0,0,2,0,3,2,1.0,2,0,0,0,0,0,0,0,0,1
SML0234,Class I only,0.06451612903225806,0.013477088948787063,129.179,0.5626,40.129999999999995,0,2,0,4,0,0.8571428571428571,2,0,0,0,0,0,0,0,0,0
SML0236,Class II only,0.0,0.016172506738544475,154.253,2.7677000000000014,9.23,0,1,0,1,1,0.8,1,0,0,0,0,0,1,0,0,0
SML0237,Class I only,0.016129032258064516,0.005390835579514825,88.106,-0.043800000000000006,37.3,1,2,0,1,0,0.75,2,0,0,0,1,1,0,0,0,0
SML0239,Class I only,0.04838709677419355,0.0026954177897574125,158.24099999999999,2.6775,37.3,1,1,0,6,0,0.8888888888888888,2,1,0,0,0,0,0,0,0,0
SML0240,shared,0.03225806451612903,0.016172506738544475,170.25199999999998,2.6624000000000008,26.3,0,2,0,5,1,0.9,2,0,1,0,0,0,1,0,0,0
SML0241,Class I only,0.016129032258064516,0.013477088948787063,198.30599999999995,3.4426000000000023,26.3,0,2,0,7,1,0.9166666666666666,2,0,1,0,0,0,1,0,0,0
SML0242,shared,0.016129032258064516,0.018867924528301886,156.225,2.2723000000000004,26.3,0,2,0,4,1,0.8888888888888888,2,0,1,0,0,0,1,0,0,0
SML0243,shared,0.03225806451612903,0.016172506738544475,142.19799999999998,1.8822,26.3,0,2,0,3,1,0.875,2,0,1,0,0,0,1,0,0,0
SML0244,shared,0.03225806451612903,0.016172506738544475,184.27899999999997,3.052500000000002,26.3,0,2,0,6,1,0.9090909090909091,2,0,1,0,0,0,1,0,0,0
SML0247,Class I only,0.03225806451612903,0.013477088948787063,198.30599999999995,3.4426000000000023,26.3,0,2,0,6,1,0.9166666666666666,2,0,1,0,0,0,1,0,0,0
SML0248,shared,0.03225806451612903,0.016172506738544475,142.198,1.8822,26.3,0,2,0,2,1,0.875,2,0,1,0,0,0,1,0,0,0
SML0252,Class II only,0.0,0.0215633423180593,136.238,3.308900000000002,0.0,0,0,0,1,1,0.6,0,0,0,0,0,0,0,0,0,0
SML0255,shared,0.016129032258064516,0.016172506738544475,142.198,1.9058,26.3,0,2,0,4,0,0.625,2,0,1,0,0,0,1,0,0,0
SML0260,Class II only,0.0,0.02425876010781671,150.13299999999998,1.2278,35.53,0,3,1,1,2,0.125,3,0,0,1,0,0,1,1,0,0
SML0262,shared,0.04838709677419355,0.03234501347708895,148.20499999999998,2.4237,9.23,0,1,1,3,1,0.2,1,0,0,0,0,0,1,1,0,0
SML0263,shared,0.03225806451612903,0.026954177897574125,148.20499999999996,2.728300000000001,9.23,0,1,1,2,1,0.2,1,0,0,0,0,0,1,1,0,0
SML0264,Class II only,0.0,0.0215633423180593,132.206,3.0281200000000013,0.0,0,0,1,1,1,0.2,0,0,0,0,0,0,0,1,0,0
SML0268,Class II only,0.0,0.016172506738544475,170.32100000000003,3.4412000000000025,0.0,1,1,0,1,1,0.8,1,0,0,0,0,0,0,0,0,1
SML0270,shared,0.14516129032258066,0.06199460916442048,135.16599999999997,0.8280000000000001,43.09,1,2,1,2,1,0.125,2,0,0,0,1,0,0,1,1,0
SML0276,shared,0.016129032258064516,0.016172506738544475,149.237,2.814300000000001,12.89,0,1,1,4,1,0.5,1,0,0,0,0,0,0,0,0,0
SML0277,shared,0.04838709677419355,0.03504043126684636,138.23499999999999,2.1589000000000005,0.0,1,1,1,2,1,0.25,1,0,0,0,0,0,0,1,0,1
SML0278,shared,0.06451612903225806,0.03234501347708895,122.16699999999997,1.2213999999999998,20.23,1,1,1,2,1,0.25,1,0,0,0,0,1,0,1,0,0
SML0279,shared,0.03225806451612903,0.03773584905660377,164.204,1.7922,26.3,0,2,1,3,1,0.3,2,0,1,0,0,0,1,1,0,0
SML0284,Class I only,0.016129032258064516,0.01078167115902965,148.227,1.2579,26.3,1,3,0,4,0,0.8333333333333334,3,0,1,0,0,0,1,0,0,1
SML0289,Class I only,0.016129032258064516,0.0026954177897574125,150.177,1.7038,37.3,1,1,1,3,1,0.2222222222222222,2,1,0,0,0,0,0,1,0,0
SML0292,shared,0.03225806451612903,0.05390835579514825,148.20499999999996,2.6225000000000014,17.07,0,1,1,2,1,0.3,1,0,0,1,0,0,0,1,0,0
SML0295,Class I only,0.016129032258064516,0.0026954177897574125,172.268,3.0676000000000014,37.3,1,1,0,7,0,0.9,2,1,0,0,0,0,0,0,0,0
SML0297,Class I only,0.016129032258064516,0.013477088948787063,166.176,1.6034,46.53,1,3,1,3,1,0.2222222222222222,3,0,0,1,0,1,1,1,0,0
SML0299,Class II only,0.0,0.0215633423180593,134.178,2.1976199999999997,17.07,0,1,1,1,1,0.2222222222222222,1,0,0,0,1,0,0,1,0,0
SML0301,Class I only,0.016129032258064516,0.01078167115902965,166.21999999999997,2.353300000000001,29.46,1,2,1,3,1,0.4,2,0,0,0,0,1,1,1,0,0
SML0303,Class II only,0.0,0.0215633423180593,176.17099999999996,1.8015999999999996,39.44,0,3,2,1,2,0.1,3,0,0,0,0,0,1,1,0,0
SML0306,shared,0.016129032258064516,0.026954177897574125,176.215,2.2629,26.3,0,2,1,3,1,0.18181818181818182,2,0,1,0,0,0,1,1,0,0
SML0307,shared,0.08064516129032258,0.04851752021563342,134.17799999999997,1.6921000000000002,20.23,1,1,1,2,1,0.1111111111111111,1,0,0,0,0,1,0,1,0,0
SML0322,shared,0.016129032258064516,0.03504043126684636,150.177,1.8633,26.3,0,2,1,2,1,0.2222222222222222,2,0,1,0,0,0,1,1,0,0
SML0323,Class I only,0.016129032258064516,0.013477088948787063,116.15999999999998,1.3496000000000001,26.3,0,2,0,3,0,0.8333333333333334,2,0,1,0,0,0,1,0,0,0
SML0324,shared,0.016129032258064516,0.0215633423180593,176.215,2.2629,26.3,0,2,1,3,1,0.18181818181818182,2,0,1,0,0,0,1,1,0,0
SML0325,Class I only,0.04838709677419355,0.013477088948787063,144.21399999999997,2.1298000000000004,26.3,0,2,0,5,0,0.875,2,0,1,0,0,0,1,0,0,0
SML0326,Class I only,0.03225806451612903,0.013477088948787063,130.18699999999998,1.7397,26.3,0,2,0,4,0,0.8571428571428571,2,0,1,0,0,0,1,0,0,0
SML0327,shared,0.016129032258064516,0.029649595687331536,164.204,1.7922,26.3,0,2,1,3,1,0.3,2,0,1,0,0,0,1,1,0,0
SML0328,Class II only,0.0,0.016172506738544475,156.22499999999997,2.1298000000000004,26.3,0,2,0,2,1,0.8888888888888888,2,0,1,0,0,0,1,0,0,0
SML0329,shared,0.04838709677419355,0.02425876010781671,114.169,1.7093999999999998,13.14,1,2,1,1,1,0.2,2,0,0,0,0,0,0,0,0,1
SML0330,Class I only,0.03225806451612903,0.013477088948787063,116.20399999999998,1.9475000000000002,20.23,1,1,0,4,0,1.0,1,0,0,0,0,1,0,0,0,0
SML0333,Class I only,0.016129032258064516,0.01078167115902965,102.13299999999998,0.9595,26.3,0,2,0,2,0,0.8,2,0,1,0,0,0,1,0,0,0
SML0336,shared,0.03225806451612903,0.018867924528301886,142.242,2.935900000000001,17.07,0,1,0,6,0,0.8888888888888888,1,0,0,0,1,0,0,0,0,0
SML0339,shared,0.04838709677419355,0.0215633423180593,130.237,2.1778999999999997,0.0,1,2,1,1,1,0.2,2,0,0,0,0,0,0,0,0,1
SML0340,shared,0.016129032258064516,0.016172506738544475,162.188,1.8728,26.3,0,2,1,2,1,0.1,2,0,1,0,0,0,1,1,0,0
SML0341,shared,0.04838709677419355,0.05660377358490566,194.25500000000002,3.306000000000002,26.28,0,3,2,4,2,0.2,3,0,0,0,0,0,0,0,0,1
SML0342,shared,0.016129032258064516,0.03504043126684636,170.30200000000002,3.197800000000001,0.0,0,2,1,3,1,0.25,2,0,0,0,0,0,0,1,0,1
SML0343,shared,0.04838709677419355,0.016172506738544475,160.263,2.790800000000001,13.14,0,3,1,3,1,0.3333333333333333,3,0,0,0,0,0,0,0,0,1
SML0344,shared,0.03225806451612903,0.0215633423180593,138.23499999999999,2.5496000000000008,0.0,0,1,1,2,1,0.25,1,0,0,0,0,0,0,1,0,1
SML0345,Class I only,0.016129032258064516,0.01078167115902965,138.23499999999999,2.677400000000001,0.0,1,1,1,1,1,0.25,1,0,0,0,0,0,0,1,0,1
SML0346,shared,0.04838709677419355,0.02425876010781671,124.20799999999998,2.1164,0.0,1,1,1,1,1,0.14285714285714285,1,0,0,0,0,0,0,1,0,1
SML0347,shared,0.03225806451612903,0.018867924528301886,128.19599999999997,2.1426,13.14,0,2,1,2,1,0.3333333333333333,2,0,0,0,0,0,0,0,0,1
SML0348,shared,0.06451612903225806,0.05390835579514825,136.194,1.6115000000000002,20.23,1,1,1,3,1,0.3333333333333333,1,0,0,0,0,1,0,1,0,0
SML0349,shared,0.04838709677419355,0.0215633423180593,98.10099999999998,0.7719,33.370000000000005,1,2,1,1,1,0.2,2,0,0,0,0,1,0,0,0,0
SML0350,shared,0.04838709677419355,0.018867924528301886,108.13999999999997,1.1788999999999998,20.23,1,1,1,1,1,0.14285714285714285,1,0,0,0,0,1,0,1,0,0
SML0351,shared,0.04838709677419355,0.0215633423180593,96.08499999999998,1.0920999999999998,30.21,0,2,1,1,1,0.0,2,0,0,1,0,0,0,0,0,0
SML0357,shared,0.016129032258064516,0.018867924528301886,136.238,3.308900000000002,0.0,0,0,0,1,1,0.6,0,0,0,0,0,0,0,0,0,0
SML0360,Class I only,0.03225806451612903,0.013477088948787063,98.101,0.4895,26.3,0,2,0,0,1,0.4,2,0,1,0,0,0,1,0,0,0
SML0362,Class II only,0.0,0.026954177897574125,154.253,2.9579000000000013,17.07,0,1,0,5,0,0.7,1,0,0,1,0,0,0,0,0,0
SML0364,Class I only,0.06451612903225806,0.013477088948787063,162.298,2.1034000000000006,20.23,2,2,0,5,0,1.0,2,0,0,0,0,1,0,0,0,1
SML0380,Class I only,0.04838709677419355,0.005390835579514825,164.15999999999997,1.4899999999999995,57.53,2,2,1,2,1,0.0,3,1,0,0,0,1,0,1,0,0
SML0381,Class I only,0.016129032258064516,0.0,136.14999999999998,1.3137,37.3,1,1,1,2,1,0.125,2,1,0,0,0,0,0,1,0,0
SML0382,shared,0.11290322580645161,0.016172506738544475,170.25199999999998,2.6624000000000008,26.3,0,2,0,4,1,0.9,2,0,1,0,0,0,1,0,0,0
SML0383,Class II only,0.0,0.0215633423180593,135.16599999999994,1.4714,43.09,1,2,1,1,1,0.125,2,0,0,0,1,0,0,1,1,0
SML0385,Class II only,0.0,0.0215633423180593,236.39899999999994,5.196600000000005,17.07,0,1,0,0,1,0.8125,1,0,0,0,1,0,0,0,0,0
SML0386,Class II only,0.0,0.016172506738544475,236.39899999999992,5.052500000000005,17.07,0,1,0,0,1,0.8125,1,0,0,0,1,0,0,0,0,0
SML0392,shared,0.016129032258064516,0.03234501347708895,243.1,2.5547000000000013,26.3,0,2,1,3,1,0.3,3,0,1,0,0,0,1,1,0,0
SML0393,shared,0.016129032258064516,0.02425876010781671,164.20399999999998,1.71052,26.3,0,2,1,2,1,0.3,2,0,1,0,0,0,1,1,0,0
SML0394,Class II only,0.0,0.029649595687331536,180.20999999999998,2.7830000000000004,25.78,0,2,3,0,3,0.0,2,0,0,0,0,0,0,1,0,0
SML0395,Class II only,0.0,0.02425876010781671,172.22699999999998,3.238500000000002,9.23,0,1,2,2,2,0.16666666666666666,1,0,0,0,0,0,1,1,0,0
SML0396,Class II only,0.0,0.02425876010781671,294.39399999999995,5.210600000000005,18.46,0,2,2,9,2,0.2,2,0,0,0,0,0,1,1,0,0
SML0397,Class II only,0.0,0.03234501347708895,150.22099999999998,2.4879000000000007,17.07,0,1,0,1,1,0.5,1,0,0,0,1,0,0,0,0,0
SML0398,shared,0.03225806451612903,0.03234501347708895,172.31199999999998,3.5095000000000023,20.23,1,1,0,9,0,1.0,1,0,0,0,0,1,0,0,0,0
SML0399,Class I only,0.03225806451612903,0.01078167115902965,184.32299999999998,4.106200000000003,17.07,0,1,0,10,0,0.9166666666666666,1,0,0,1,0,0,0,0,0,0
SML0401,Class I only,0.27419354838709675,0.008086253369272238,251.16399999999993,3.586700000000002,37.3,1,1,0,9,0,0.9,3,1,0,0,0,0,0,0,0,0
SML0402,Class I only,0.22580645161290322,0.008086253369272238,265.1909999999999,3.9768000000000026,37.3,1,1,0,10,0,0.9090909090909091,3,1,0,0,0,0,0,0,0,0
SML0403,Class I only,0.25806451612903225,0.005390835579514825,279.21799999999996,4.366900000000004,37.3,1,1,0,11,0,0.9166666666666666,3,1,0,0,0,0,0,0,0,0
SML0404,shared,0.16129032258064516,0.02425876010781671,186.295,3.6018000000000017,37.3,1,1,0,9,0,0.9090909090909091,2,1,0,0,0,0,0,0,0,0
SML0405,Class I only,0.06451612903225806,0.0,195.05599999999998,2.0263,37.3,1,1,0,5,0,0.8333333333333334,3,1,0,0,0,0,0,0,0,0
SML0406,Class I only,0.22580645161290322,0.005390835579514825,223.10999999999996,2.8065000000000015,37.3,1,1,0,7,0,0.875,3,1,0,0,0,0,0,0,0,0
SML0407,Class II only,0.0,0.03234501347708895,158.285,3.119400000000002,20.23,1,1,0,8,0,1.0,1,0,0,0,0,1,0,0,0,0
SML0412,Class I only,0.03225806451612903,0.0026954177897574125,230.30399999999995,3.0566000000000013,74.6,2,2,0,11,0,0.8333333333333334,4,1,0,0,0,0,0,0,0,0
SML0413,shared,0.06451612903225806,0.0215633423180593,214.34899999999993,3.6019000000000023,18.46,0,2,0,5,1,1.0,2,0,0,0,0,0,1,0,0,0
SML0415,Class II only,0.0,0.018867924528301886,130.231,2.1951000000000005,20.23,1,1,0,5,0,1.0,1,0,0,0,0,1,0,0,0,0
SML0416,shared,0.03225806451612903,0.016172506738544475,130.231,2.3376000000000006,20.23,1,1,0,5,0,1.0,1,0,0,0,0,1,0,0,0,0
SML0417,shared,0.016129032258064516,0.018867924528301886,130.231,2.3376000000000006,20.23,1,1,0,5,0,1.0,1,0,0,0,0,1,0,0,0,0
SML0418,Class II only,0.0,0.018867924528301886,130.231,2.3376000000000006,20.23,1,1,0,5,0,1.0,1,0,0,0,0,1,0,0,0,0
SML0419,shared,0.08064516129032258,0.026954177897574125,144.258,2.727700000000002,20.23,1,1,0,6,0,1.0,1,0,0,0,0,1,0,0,0,0
SML0422,Class I only,0.016129032258064516,0.005390835579514825,148.16099999999997,1.7844,37.3,1,1,1,2,1,0.0,2,1,0,0,0,0,0,1,0,0
SML0423,Class II only,0.0,0.016172506738544475,128.21499999999997,2.5458000000000007,17.07,0,1,0,5,0,0.875,1,0,0,0,1,0,0,0,0,0
SML0424,shared,0.016129032258064516,0.016172506738544475,128.21499999999997,2.5458000000000007,17.07,0,1,0,5,0,0.875,1,0,0,0,1,0,0,0,0,0
SML0425,shared,0.016129032258064516,0.018867924528301886,142.242,2.935900000000001,17.07,0,1,0,6,0,0.8888888888888888,1,0,0,0,1,0,0,0,0,0
SML0426,shared,0.04838709677419355,0.016172506738544475,156.269,3.3260000000000023,17.07,0,1,0,7,0,0.9,1,0,0,0,1,0,0,0,0,0
SML0427,shared,0.016129032258064516,0.016172506738544475,184.32299999999998,4.106200000000004,17.07,0,1,0,9,0,0.9166666666666666,1,0,0,0,1,0,0,0,0,0
SML0428,shared,0.0967741935483871,0.0215633423180593,126.199,2.3218000000000005,17.07,0,1,0,3,0,0.625,1,0,0,0,1,0,0,0,0,0
SML0429,Class II only,0.0,0.03504043126684636,192.21399999999997,1.9368999999999996,35.53,0,3,1,3,2,0.36363636363636365,3,0,0,0,1,0,1,1,0,0
SML0431,shared,0.04838709677419355,0.018867924528301886,158.24099999999999,2.5199000000000007,26.3,0,2,0,6,0,0.8888888888888888,2,0,1,0,0,0,1,0,0,0
SML0432,shared,0.04838709677419355,0.0215633423180593,186.295,3.3001000000000023,26.3,0,2,0,8,0,0.9090909090909091,2,0,1,0,0,0,1,0,0,0
SML0433,Class I only,0.03225806451612903,0.013477088948787063,130.18699999999998,1.7397,26.3,0,2,0,4,0,0.8571428571428571,2,0,1,0,0,0,1,0,0,0
SML0434,Class I only,0.08064516129032258,0.013477088948787063,144.214,2.1298000000000004,26.3,0,2,0,5,0,0.875,2,0,1,0,0,0,1,0,0,0
SML0435,shared,0.06451612903225806,0.0215633423180593,172.268,2.910000000000001,26.3,0,2,0,7,0,0.9,2,0,1,0,0,0,1,0,0,0
SML0436,shared,0.016129032258064516,0.016172506738544475,118.201,1.6761,17.07,0,2,0,2,0,0.8,2,0,0,0,0,0,0,0,0,1
SML0437,Class I only,0.016129032258064516,0.01078167115902965,85.131,1.1430999999999998,12.89,0,2,1,0,1,0.0,2,0,0,0,0,0,0,0,0,1
SML0438,shared,0.03225806451612903,0.12398921832884097,135.19099999999997,2.2963000000000005,12.89,0,2,2,0,2,0.0,2,0,0,0,0,0,0,1,0,1
SML0439,Class II only,0.0,0.1293800539083558,117.15099999999997,2.1678999999999995,15.79,1,0,2,0,2,0.0,1,0,0,0,0,0,0,1,0,0
SML0440,Class II only,0.0,0.03234501347708895,162.18799999999993,2.1437999999999997,18.46,0,2,1,2,2,0.2,2,0,0,0,0,0,1,1,0,0
SML0441,shared,0.22580645161290322,0.05660377358490566,106.12399999999997,1.4990999999999999,17.07,0,1,1,1,1,0.0,1,0,0,1,0,0,0,1,0,0
SML0442,Class II only,0.0,0.0215633423180593,154.253,2.9579000000000013,17.07,0,1,0,5,0,0.7,1,0,0,1,0,0,0,0,0,0
SML0443,shared,0.016129032258064516,0.018867924528301886,226.31599999999995,2.725100000000001,43.370000000000005,0,3,0,6,1,0.8461538461538461,3,0,1,0,1,0,1,0,0,0
SML0448,Class II only,0.0,0.02425876010781671,154.253,2.7677000000000014,9.23,0,1,0,1,1,0.8,1,0,0,0,0,0,1,0,0,0
SML0463,Class I only,0.016129032258064516,0.013477088948787063,130.18699999999998,1.7397,26.3,0,2,0,4,0,0.8571428571428571,2,0,1,0,0,0,1,0,0,0
SML0465,shared,0.03225806451612903,0.0215633423180593,122.16699999999996,2.0853,9.23,0,1,1,2,1,0.25,1,0,0,0,0,0,1,1,0,0
SML0467,Class II only,0.0,0.018867924528301886,152.23699999999997,2.711900000000001,17.07,0,1,0,0,1,0.7,1,0,0,0,1,0,0,0,0,0
SML0471,Class I only,0.016129032258064516,0.008086253369272238,170.25199999999998,2.686000000000001,26.3,0,2,0,7,0,0.7,2,0,1,0,0,0,1,0,0,0
SML0474,shared,0.03225806451612903,0.03504043126684636,150.177,1.7496999999999998,26.3,0,2,1,2,1,0.2222222222222222,2,0,1,0,0,0,1,1,0,0
SML0476,Class I only,0.016129032258064516,0.01078167115902965,186.29499999999996,3.3001000000000023,26.3,0,2,0,8,0,0.9090909090909091,2,0,1,0,0,0,1,0,0,0
SML0478,Class I only,0.016129032258064516,0.01078167115902965,264.409,4.180600000000004,26.3,0,2,0,1,3,0.9411764705882353,2,0,1,0,0,0,1,0,0,0
SML0479,Class II only,0.0,0.026954177897574125,156.26899999999998,2.751300000000001,20.23,1,1,0,5,0,0.8,1,0,0,0,0,1,0,0,0,0
SML0483,shared,0.016129032258064516,0.016172506738544475,178.231,2.55642,26.3,0,2,1,2,1,0.36363636363636365,2,0,1,0,0,0,1,1,0,0
SML0486,shared,0.016129032258064516,0.016172506738544475,124.14299999999999,0.7936199999999999,35.010000000000005,0,3,1,1,1,0.3333333333333333,3,0,0,0,0,0,1,0,0,0
SML0487,shared,0.08064516129032258,0.026954177897574125,128.171,1.5157,26.3,0,2,0,2,0,0.5714285714285714,2,0,1,0,0,0,1,0,0,0
SML0495,Class II only,0.0,0.026954177897574125,152.23699999999997,2.567800000000001,17.07,0,1,0,1,1,0.7,1,0,0,0,1,0,0,0,0,0
SML0496,shared,0.03225806451612903,0.018867924528301886,134.134,1.1481,26.3,0,2,1,0,2,0.125,2,0,1,0,0,0,1,1,0,0
SML0497,Class I only,0.016129032258064516,0.01078167115902965,114.14399999999998,0.9446,34.14,0,2,0,3,0,0.6666666666666666,2,0,0,0,1,0,0,0,0,0
SML0498,Class II only,0.0,0.018867924528301886,114.18799999999999,2.1557000000000004,17.07,0,1,0,4,0,0.8571428571428571,1,0,0,0,1,0,0,0,0,0
SML0500,Class II only,0.0,0.09433962264150944,148.16099999999994,1.6518,26.3,0,2,1,0,2,0.2222222222222222,2,0,0,0,1,0,1,1,0,0
SML0504,Class II only,0.0,0.06199460916442048,160.32600000000002,3.6668000000000034,0.0,1,1,0,7,0,1.0,1,0,0,0,0,0,0,0,0,1
SML0505,shared,0.03225806451612903,0.0215633423180593,136.14999999999998,1.6118999999999999,26.3,0,2,1,1,1,0.125,2,0,1,0,0,0,1,1,0,0
SML0508,shared,0.016129032258064516,0.016172506738544475,184.23499999999999,2.3833,27.69,0,3,0,1,2,0.8,3,0,0,0,0,0,1,0,0,0
SML0509,Class I only,0.016129032258064516,0.0,116.15999999999998,1.5072,37.3,1,1,0,3,0,0.8333333333333334,2,1,0,0,0,0,0,0,0,0
SML0512,Class I only,0.03225806451612903,0.0,122.12299999999996,1.3848,37.3,1,1,1,1,1,0.0,2,1,0,0,0,0,0,1,0,0
SML0513,shared,0.016129032258064516,0.11320754716981132,190.19799999999998,2.0174999999999996,35.53,0,3,1,2,2,0.18181818181818182,3,0,0,0,1,0,1,1,0,0
SML0515,shared,0.04838709677419355,0.04582210242587601,192.25799999999995,2.822400000000001,18.46,0,2,1,5,1,0.3333333333333333,2,0,0,0,0,0,1,1,0,0
SML0517,Class II only,0.0,0.016172506738544475,168.27999999999997,3.4921000000000024,17.07,0,1,0,8,0,0.7272727272727273,1,0,0,1,0,0,0,0,0,0
SML0520,Class II only,0.0,0.02425876010781671,154.25299999999996,2.3596000000000004,20.23,1,1,0,1,1,0.8,1,0,0,0,0,1,0,0,0,0
SML0524,Class II only,0.0,0.026954177897574125,154.25299999999996,2.3596000000000004,20.23,1,1,0,1,1,0.8,1,0,0,0,0,1,0,0,0,0
SML0532,Class I only,0.016129032258064516,0.008086253369272238,152.19299999999996,1.978,18.46,0,2,1,3,1,0.3333333333333333,2,0,0,0,0,0,1,1,0,0
SML0536,Class II only,0.0,0.02425876010781671,178.18699999999995,1.3353199999999996,35.53,0,3,1,0,2,0.3,3,0,0,0,1,0,1,1,0,0
SML0537,Class I only,0.04838709677419355,0.01078167115902965,264.409,4.180600000000004,26.3,0,2,0,1,3,0.9411764705882353,2,0,1,0,0,0,1,0,0,0
SML0538,Class II only,0.0,0.016172506738544475,140.226,2.711900000000001,17.07,0,1,0,6,0,0.6666666666666666,1,0,0,1,0,0,0,0,0,0
SML0540,Class II only,0.0,0.016172506738544475,156.269,2.893800000000002,20.23,1,1,0,5,0,0.8,1,0,0,0,0,1,0,0,0,0
SML0541,shared,0.03225806451612903,0.02425876010781671,165.19199999999998,1.5149,38.33,1,3,1,2,1,0.2222222222222222,3,0,1,0,0,0,1,1,1,0
SML0546,Class I only,0.016129032258064516,0.01078167115902965,234.38299999999992,4.518300000000004,17.07,0,1,0,1,2,0.8125,1,0,0,0,1,0,0,0,0,0
SML0548,Class II only,0.0,0.0215633423180593,224.34399999999994,3.878300000000003,26.3,0,2,0,6,0,0.6428571428571429,2,0,1,0,0,0,1,0,0,0
SML0549,Class I only,0.016129032258064516,0.008086253369272238,158.241,2.5199000000000007,26.3,0,2,0,8,0,0.8888888888888888,2,0,1,0,0,0,1,0,0,0
SML0551,Class II only,0.0,0.03773584905660377,194.18599999999998,1.4783999999999997,44.760000000000005,0,4,1,2,2,0.3,4,0,1,0,0,0,1,1,0,0
SML0557,shared,0.11290322580645161,0.07816711590296496,178.23099999999997,2.0726999999999998,26.3,0,2,1,4,1,0.36363636363636365,2,0,0,1,0,0,1,1,0,0
SML0558,Class I only,0.04838709677419355,0.013477088948787063,192.25799999999995,2.5618000000000007,26.3,0,2,1,3,1,0.4166666666666667,2,0,0,1,0,0,1,1,0,0
SML0559,shared,0.3709677419354839,0.09433962264150944,134.17799999999997,1.8181,17.07,0,1,1,3,1,0.2222222222222222,1,0,0,1,0,0,0,1,0,0
SML0560,shared,0.24193548387096775,0.07008086253369272,148.20499999999998,2.2081999999999997,17.07,0,1,1,4,1,0.3,1,0,0,1,0,0,0,1,0,0
SML0561,Class II only,0.0,0.02425876010781671,150.22099999999998,2.1725000000000003,20.23,1,1,1,3,1,0.4,1,0,0,0,0,1,0,1,0,0
SML0563,shared,0.16129032258064516,0.0646900269541779,162.23199999999997,2.598300000000001,17.07,0,1,1,5,1,0.36363636363636365,1,0,0,1,0,0,0,1,0,0
SML0564,Class II only,0.0,0.016172506738544475,154.253,2.6477000000000013,17.07,0,1,0,1,1,0.9,1,0,0,0,1,0,0,0,0,0
SML0565,Class II only,0.0,0.03234501347708895,152.23699999999997,2.2797,20.23,1,1,0,1,1,0.6,1,0,0,0,0,1,0,0,0,0
SML0567,shared,0.04838709677419355,0.0215633423180593,142.19799999999998,1.5807,34.14,0,2,0,4,0,0.75,2,0,0,0,1,0,0,0,0,0
SML0568,shared,0.016129032258064516,0.0215633423180593,142.19799999999998,1.7247999999999999,34.14,0,2,0,5,0,0.75,2,0,0,0,1,0,0,0,0,0
SML0569,shared,0.016129032258064516,0.018867924528301886,156.225,2.1149,34.14,0,2,0,6,0,0.7777777777777778,2,0,0,0,1,0,0,0,0,0
SML0570,shared,0.04838709677419355,0.05929919137466307,190.28599999999994,3.1875000000000018,17.07,0,1,1,4,1,0.46153846153846156,1,0,0,1,0,0,0,1,0,0
SML0571,shared,0.06451612903225806,0.04582210242587601,190.28599999999997,3.0166000000000013,17.07,0,1,1,4,1,0.46153846153846156,1,0,0,1,0,0,0,1,0,0
SML0572,Class I only,0.016129032258064516,0.01078167115902965,136.19399999999996,2.1300000000000003,20.23,1,1,1,2,1,0.3333333333333333,1,0,0,0,0,1,0,1,0,0
SML0573,shared,0.04838709677419355,0.0215633423180593,166.176,1.3681999999999999,35.53,0,3,1,4,1,0.2222222222222222,3,0,1,0,0,0,1,1,0,0
SML0574,Class I only,0.016129032258064516,0.013477088948787063,184.323,3.962100000000003,17.07,0,1,0,9,0,0.9166666666666666,1,0,0,1,0,0,0,0,0,0
SML0575,shared,0.04838709677419355,0.02425876010781671,146.18899999999996,2.2888,17.07,0,1,1,2,1,0.1,1,0,0,1,0,0,0,1,0,0
SML0576,shared,0.016129032258064516,0.03773584905660377,152.237,2.567800000000001,17.07,0,1,0,1,1,0.7,1,0,0,0,1,0,0,0,0,0
SML0577,shared,0.08064516129032258,0.04582210242587601,176.25899999999996,2.8443000000000014,17.07,0,1,1,5,1,0.4166666666666667,1,0,0,1,0,0,0,1,0,0
SML0578,shared,0.0967741935483871,0.07547169811320754,148.20499999999996,2.0641,17.07,0,1,1,3,1,0.3,1,0,0,1,0,0,0,1,0,0
SML0579,shared,0.11290322580645161,0.0862533692722372,162.232,2.3725200000000006,17.07,0,1,1,3,1,0.36363636363636365,1,0,0,1,0,0,0,1,0,0
SML0580,shared,0.016129032258064516,0.02425876010781671,196.20199999999997,1.50962,56.51,0,4,1,2,1,0.4,4,0,1,0,0,0,1,0,0,0
SML0582,shared,0.016129032258064516,0.018867924528301886,214.30499999999995,2.5349000000000004,35.53,0,3,0,5,1,0.9166666666666666,3,0,1,0,0,0,1,0,0,0
SML0583,Class II only,0.0,0.016172506738544475,186.25099999999998,1.7783000000000002,35.53,0,3,0,7,0,0.7,3,0,1,0,0,0,1,0,0,0
SML0584,Class I only,0.04838709677419355,0.013477088948787063,196.29,3.2406000000000024,26.3,0,2,0,5,0,0.5833333333333334,2,0,1,0,0,0,1,0,0,0
SML0586,shared,0.03225806451612903,0.02425876010781671,204.313,3.676600000000003,17.07,0,1,1,3,1,0.5,1,0,0,1,0,0,0,1,0,0
SML0588,Class I only,0.016129032258064516,0.01078167115902965,170.296,3.2839000000000023,20.23,1,1,0,6,0,0.8181818181818182,1,0,0,0,0,1,0,0,0,0
SML0591,shared,0.016129032258064516,0.02425876010781671,206.32899999999992,3.904200000000003,17.07,0,1,0,3,1,0.6428571428571429,1,0,0,0,1,0,0,0,0,0
SML0592,shared,0.04838709677419355,0.05929919137466307,192.30199999999996,3.5141000000000027,17.07,0,1,0,2,1,0.6153846153846154,1,0,0,0,1,0,0,0,0,0
SML0593,Class I only,0.04838709677419355,0.013477088948787063,244.33099999999996,3.189300000000002,52.6,0,4,0,9,0,0.8461538461538461,4,0,1,0,0,0,1,0,0,0
SML0595,Class II only,0.0,0.018867924528301886,122.16699999999999,2.0036199999999997,9.23,0,1,1,1,1,0.25,1,0,0,0,0,0,1,1,0,0
SML0596,shared,0.016129032258064516,0.029649595687331536,164.248,3.022100000000002,17.07,0,1,0,3,1,0.5454545454545454,1,0,0,0,1,0,0,0,0,0
SML0597,shared,0.03225806451612903,0.016172506738544475,182.17499999999995,1.1874,55.760000000000005,1,4,1,2,1,0.2222222222222222,4,0,1,0,0,1,1,1,0,0
SML0598,shared,0.5,0.18059299191374664,178.23099999999997,2.736900000000001,18.46,0,2,1,3,1,0.2727272727272727,2,0,0,0,0,0,1,1,0,0
SML0600,Class II only,0.0,0.016172506738544475,208.34499999999997,3.6976000000000027,20.23,1,1,0,4,1,0.7142857142857143,1,0,0,0,0,1,0,0,0,0
SML0602,Class I only,0.016129032258064516,0.0,160.17299999999997,-1.0770999999999993,92.42,3,3,0,3,0,0.6666666666666666,5,1,0,0,0,0,0,0,1,0
SML0603,shared,0.3064516129032258,0.09164420485175202,264.281,0.9723999999999999,84.5,2,4,1,7,1,0.3076923076923077,6,0,0,0,1,0,1,1,0,0
SML0604,Class I only,0.14516129032258066,0.008086253369272238,264.32099999999997,2.9575400000000003,66.76,2,3,1,3,2,0.5333333333333333,4,1,0,0,0,1,1,1,0,0
SML0605,Class I only,0.016129032258064516,0.0026954177897574125,104.06099999999998,-1.3676,74.60000000000001,2,3,0,2,0,0.3333333333333333,4,1,0,0,1,1,0,0,0,0
SML0606,Class I only,0.12903225806451613,0.013477088948787063,329.20900000000006,-0.8174000000000001,154.84000000000003,3,9,2,2,4,0.5,12,0,0,0,0,1,1,0,1,0
SML0607,shared,0.016129032258064516,0.0215633423180593,296.451,4.339700000000004,35.53,0,3,0,6,2,0.9444444444444444,3,0,1,0,0,0,1,0,0,0
SML0608,Class I only,0.016129032258064516,0.0,106.07699999999997,-1.5757999999999999,77.76,3,3,0,2,0,0.6666666666666666,4,1,0,0,0,1,0,0,0,0
SML0609,Class I only,0.016129032258064516,0.005390835579514825,302.41400000000004,3.0598000000000023,54.370000000000005,1,3,0,1,4,0.7894736842105263,3,0,0,0,1,1,0,0,0,0
SML0610,Class I only,0.016129032258064516,0.005390835579514825,288.431,4.167300000000004,34.14,0,2,0,0,4,0.8947368421052632,2,0,0,0,1,0,0,0,0,0
SML0611,Class I only,0.016129032258064516,0.0,189.167,-0.5594999999999994,103.7,3,3,0,5,0,0.5714285714285714,6,1,0,0,0,0,0,0,0,0
SML0612,Class I only,0.03225806451612903,0.0,342.297,-5.5545999999999935,197.36999999999998,8,11,0,8,1,0.9166666666666666,11,0,0,1,0,1,1,0,0,0
SML0613,shared,0.25806451612903225,0.0215633423180593,1060.2279999999994,-3.9884000000000217,418.77999999999986,12,13,2,27,5,0.54,26,1,0,0,0,1,0,1,1,0
SML0614,Class I only,0.04838709677419355,0.013477088948787063,98.105,0.011419999999999875,48.65,2,1,1,0,1,0.25,3,0,0,0,0,0,0,0,0,0
SML0615,Class I only,0.016129032258064516,0.008086253369272238,271.248,3.203300000000002,92.22000000000001,4,4,3,1,3,0.0,5,0,0,0,0,1,0,1,0,0
SML0616,Class I only,0.03225806451612903,0.0026954177897574125,75.06700000000001,-0.9702999999999999,63.31999999999999,2,2,0,1,0,0.5,3,1,0,0,0,0,0,0,1,0
SML0617,Class I only,0.016129032258064516,0.0,146.09799999999998,-0.49509999999999993,91.67,2,3,0,4,0,0.4,5,1,0,0,1,0,0,0,0,0
SML0618,Class I only,0.016129032258064516,0.0026954177897574125,60.05599999999999,-0.9762,69.11,2,1,0,0,0,0.0,3,0,0,0,0,0,0,0,0,0
SML0619,shared,0.11290322580645161,0.03504043126684636,141.17399999999998,-0.7282000000000002,74.92999999999999,3,3,1,3,1,0.5,4,0,0,0,0,1,0,0,1,0
SML0620,shared,0.1774193548387097,0.05660377358490566,167.12800000000001,-1.4783000000000008,120.41999999999999,4,4,2,0,2,0.0,7,0,0,0,0,0,0,0,1,0
SML0621,Class I only,0.016129032258064516,0.005390835579514825,85.106,-0.10360000000000008,29.1,1,1,0,0,1,0.75,2,0,0,0,0,0,0,0,0,0
SML0622,Class I only,0.016129032258064516,0.0,288.43100000000004,3.8792000000000035,37.3,1,2,0,0,4,0.8421052631578947,2,0,0,0,1,1,0,0,0,0
SML0623,Class I only,0.016129032258064516,0.005390835579514825,288.387,2.5800000000000023,60.69,3,3,1,0,4,0.6666666666666666,3,0,0,0,0,1,0,1,0,0
SML0624,shared,0.1935483870967742,0.026954177897574125,372.41700000000003,3.2087000000000026,93.06000000000002,2,6,2,10,2,0.3333333333333333,6,0,0,0,1,1,1,1,0,0
SML0627,shared,0.03225806451612903,0.018867924528301886,327.553,5.356400000000005,49.33,2,2,0,18,0,0.95,3,0,0,0,0,1,0,0,0,0
SML0629,shared,0.03225806451612903,0.018867924528301886,299.499,4.576200000000004,49.33,2,2,0,16,0,0.9444444444444444,3,0,0,0,0,1,0,0,0,0
SML0634,Class I only,0.03225806451612903,0.01078167115902965,296.45099999999996,5.095700000000004,49.83,1,2,0,14,1,0.8333333333333334,3,1,0,0,0,0,1,0,0,0
SML0635,shared,0.1774193548387097,0.03773584905660377,300.44200000000006,5.602600000000005,37.3,1,1,0,5,1,0.45,2,1,0,0,0,0,0,0,0,0
SML0636,Class I only,0.016129032258064516,0.008086253369272238,253.254,0.5325999999999995,95.86,3,4,1,5,1,0.3333333333333333,6,1,0,0,0,1,1,1,0,0
SML0638,shared,0.03225806451612903,0.016172506738544475,187.28699999999995,-0.1588999999999986,67.15,3,3,0,8,0,0.8888888888888888,4,0,0,0,0,0,0,0,1,0
SML0640,Class I only,0.016129032258064516,0.005390835579514825,188.231,-1.157999999999998,127.72,4,3,0,6,0,0.7142857142857143,6,1,0,0,0,0,0,0,1,0
SML0641,shared,0.016129032258064516,0.018867924528301886,187.28699999999998,-0.1588999999999986,67.15,3,3,0,8,0,0.8888888888888888,4,0,0,0,0,0,0,0,1,0
SML0644,Class I only,0.016129032258064516,0.005390835579514825,202.25799999999998,-0.9451999999999972,104.94,3,3,0,5,0,0.75,6,1,0,0,0,0,0,0,1,0
SML0648,Class I only,0.08064516129032258,0.01078167115902965,205.34799999999993,2.1858,43.09,1,3,0,5,1,0.875,4,0,0,0,0,0,0,0,0,1
SML0649,Class I only,0.016129032258064516,0.013477088948787063,111.14800000000001,-0.08910000000000007,54.7,2,2,1,2,1,0.4,3,0,0,0,0,0,0,0,1,0
SML0652,Class II only,0.0,0.0215633423180593,278.308,3.7703200000000034,86.28,0,4,1,2,2,0.5714285714285714,6,0,0,0,0,0,0,1,1,0
SML0653,Class II only,0.0,0.018867924528301886,268.269,3.1175200000000025,95.51,0,5,1,3,1,0.5,7,0,0,0,0,0,1,1,1,0
SML0654,Class II only,0.0,0.029649595687331536,264.40899999999993,4.6585000000000045,26.3,0,2,0,6,1,0.7058823529411765,2,0,1,0,0,0,1,0,0,0
SML0655,shared,0.016129032258064516,0.016172506738544475,158.285,2.9737000000000022,20.23,1,1,0,5,0,1.0,1,0,0,0,0,1,0,0,0,0
SML0656,Class II only,0.0,0.018867924528301886,268.397,3.7256000000000027,35.53,0,3,0,7,1,0.8125,3,0,1,0,0,0,1,0,0,0
SML0657,shared,0.016129032258064516,0.05660377358490566,244.37799999999996,4.4025200000000035,17.07,0,1,1,1,2,0.5882352941176471,1,0,0,0,1,0,0,1,0,0
SML0658,shared,0.04838709677419355,0.0646900269541779,258.405,4.864520000000005,17.07,0,1,1,2,2,0.6111111111111112,1,0,0,0,1,0,0,1,0,0
SML0660,shared,0.3064516129032258,0.08355795148247978,362.37800000000016,1.1685999999999999,94.59,1,7,0,2,5,0.5789473684210527,7,0,1,0,0,1,1,0,0,0
SML0661,Class II only,0.0,0.018867924528301886,254.4139999999999,5.004600000000005,26.3,0,2,0,0,1,0.9375,2,0,1,0,0,0,1,0,0,0
SML0662,Class II only,0.0,0.0215633423180593,222.37199999999996,4.806500000000004,17.07,0,1,0,0,1,0.8,1,0,0,0,1,0,0,0,0,0
SML0663,shared,0.04838709677419355,0.026954177897574125,256.3859999999999,3.850900000000003,35.53,0,3,0,0,1,0.9333333333333333,3,0,1,0,0,0,1,0,0,0
SML0664,Class II only,0.0,0.016172506738544475,236.39899999999994,5.196600000000005,17.07,0,1,0,0,1,0.8125,1,0,0,0,1,0,0,0,0,0
SML0666,shared,0.24193548387096775,0.04043126684636118,256.3419999999999,2.987400000000002,52.6,0,4,0,0,1,0.8571428571428571,4,0,1,0,0,0,1,0,0,0
SML0667,Class II only,0.0,0.0215633423180593,256.3859999999999,3.850900000000003,35.53,0,3,0,0,1,0.9333333333333333,3,0,1,0,0,0,1,0,0,0
SML0670,Class II only,0.0,0.0215633423180593,256.3859999999999,3.850900000000003,35.53,0,3,0,0,1,0.9333333333333333,3,0,1,0,0,0,1,0,0,0
SML0671,shared,0.016129032258064516,0.018867924528301886,156.269,2.7497000000000016,20.23,1,1,0,5,0,0.8,1,0,0,0,0,1,0,0,0,0
SML0672,shared,0.04838709677419355,0.02425876010781671,226.31599999999995,2.725100000000001,43.370000000000005,0,3,0,6,1,0.8461538461538461,3,0,1,0,1,0,1,0,0,0
SML0673,Class II only,0.0,0.016172506738544475,154.253,2.6698000000000017,20.23,1,1,0,5,0,0.6,1,0,0,0,0,1,0,0,0,0
SML0674,Class II only,0.0,0.018867924528301886,170.296,3.117800000000002,20.23,1,1,0,3,1,1.0,1,0,0,0,0,1,0,0,0,0
SML0675,Class II only,0.0,0.016172506738544475,189.30200000000002,3.6213000000000024,12.89,0,1,1,1,2,0.6153846153846154,1,0,0,0,0,0,0,0,0,0
SML0676,shared,0.016129032258064516,0.04043126684636118,178.27499999999998,2.637700000000001,20.23,1,1,1,5,1,0.5,1,0,0,0,0,1,0,1,0,0
SML0677,shared,0.03225806451612903,0.03234501347708895,148.20499999999998,2.2081999999999997,17.07,0,1,1,3,1,0.3,1,0,0,0,1,0,0,1,0,0
SML0679,Class II only,0.0,0.018867924528301886,158.285,2.831200000000002,20.23,1,1,0,6,0,1.0,1,0,0,0,0,1,0,0,0,0
SML0680,Class II only,0.0,0.0215633423180593,197.32199999999997,2.9693000000000014,20.310000000000002,0,1,0,7,1,0.9166666666666666,2,0,0,0,0,0,0,0,0,0
SML0681,Class I only,0.03225806451612903,0.013477088948787063,206.285,2.8184000000000013,26.3,0,2,1,3,1,0.46153846153846156,2,0,1,0,0,0,1,1,0,0
SML0682,shared,0.016129032258064516,0.08086253369272237,170.21099999999998,3.0424000000000015,17.07,0,1,2,1,2,0.08333333333333333,1,0,0,0,1,0,0,1,0,0
SML0683,shared,0.04838709677419355,0.04043126684636118,178.27499999999995,2.637700000000001,20.23,1,1,1,5,1,0.5,1,0,0,0,0,1,0,1,0,0
SML0684,Class II only,0.0,0.018867924528301886,165.28,3.8167800000000023,23.79,0,1,0,7,0,0.7272727272727273,1,0,0,0,0,0,0,0,0,0
SML0686,Class II only,0.0,0.0215633423180593,168.28,2.893800000000002,20.23,1,1,0,2,1,0.8181818181818182,1,0,0,0,0,1,0,0,0,0
SML0687,shared,0.04838709677419355,0.02425876010781671,184.27899999999997,3.052500000000002,26.3,0,2,0,5,1,0.9090909090909091,2,0,1,0,0,0,1,0,0,0
SML0688,shared,0.016129032258064516,0.018867924528301886,153.269,3.3624800000000024,23.79,0,1,0,5,0,0.9,1,0,0,0,0,0,0,0,0,0
SML0689,Class II only,0.0,0.02425876010781671,128.215,2.1152,20.23,1,1,0,5,0,0.75,1,0,0,0,0,1,0,0,0,0
SML0690,Class II only,0.0,0.0215633423180593,142.24200000000002,2.5053000000000005,20.23,1,1,0,6,0,0.7777777777777778,1,0,0,0,0,1,0,0,0,0
SML0691,shared,0.016129032258064516,0.018867924528301886,168.27999999999997,3.0599000000000016,20.23,1,1,0,5,0,0.6363636363636364,1,0,0,0,0,1,0,0,0,0
SML0692,Class II only,0.0,0.04582210242587601,164.24800000000002,2.6541000000000006,9.23,0,1,1,4,1,0.45454545454545453,1,0,0,0,0,0,1,1,0,0
SML0693,Class II only,0.0,0.0215633423180593,151.253,3.282580000000002,23.79,0,1,0,4,0,0.7,1,0,0,0,0,0,0,0,0,0
SML0694,Class II only,0.0,0.0215633423180593,167.296,3.8966800000000035,23.79,0,1,0,7,0,0.9090909090909091,1,0,0,0,0,0,0,0,0,0
SML0695,shared,0.016129032258064516,0.016172506738544475,178.231,2.3858000000000006,26.3,0,2,1,3,1,0.36363636363636365,2,0,1,0,0,0,1,1,0,0
SML0696,shared,0.03225806451612903,0.018867924528301886,206.285,2.8184000000000013,26.3,0,2,1,5,1,0.46153846153846156,2,0,1,0,0,0,1,1,0,0
SML0697,shared,0.016129032258064516,0.018867924528301886,128.215,2.1152,20.23,1,1,0,6,0,0.75,1,0,0,0,0,1,0,0,0,0
SML0698,shared,0.03225806451612903,0.04043126684636118,164.24799999999996,3.022100000000002,17.07,0,1,0,3,1,0.5454545454545454,1,0,0,0,1,0,0,0,0,0
SML0699,Class II only,0.0,0.018867924528301886,156.269,2.8954000000000018,20.23,1,1,0,8,0,0.8,1,0,0,0,0,1,0,0,0,0
SML0700,shared,0.03225806451612903,0.03504043126684636,180.20299999999997,1.8719,35.53,0,3,1,3,1,0.3,3,0,1,0,0,0,1,1,0,0
SML0701,shared,0.22580645161290322,0.0431266846361186,264.409,4.967100000000005,26.3,0,2,0,8,0,0.5882352941176471,2,0,1,0,0,0,1,0,0,0
SML0702,Class II only,0.0,0.018867924528301886,164.248,2.390100000000001,20.23,1,1,1,3,1,0.45454545454545453,1,0,0,0,0,1,0,1,0,0
SML0704,Class II only,0.0,0.02425876010781671,168.27999999999997,3.3260000000000023,17.07,0,1,0,5,1,0.9090909090909091,1,0,0,0,1,0,0,0,0,0
SML0705,Class II only,0.0,0.018867924528301886,158.285,3.117800000000002,20.23,1,1,0,6,0,1.0,1,0,0,0,0,1,0,0,0,0
SML0706,shared,0.03225806451612903,0.0215633423180593,178.231,2.5299000000000005,26.3,0,2,1,4,1,0.36363636363636365,2,0,1,0,0,0,1,1,0,0
SML0707,shared,0.03225806451612903,0.03234501347708895,192.30199999999996,3.6582000000000026,17.07,0,1,0,4,1,0.6153846153846154,1,0,0,1,0,0,0,0,0,0
SML0708,Class II only,0.0,0.02425876010781671,154.253,2.935900000000001,17.07,0,1,0,4,1,0.9,1,0,0,0,1,0,0,0,0,0
SML0709,shared,0.016129032258064516,0.016172506738544475,170.25199999999998,2.518300000000001,26.3,0,2,0,4,1,0.9,2,0,1,0,0,0,1,0,0,0
SML0710,shared,0.04838709677419355,0.02425876010781671,164.204,2.1398,26.3,0,2,1,3,1,0.3,2,0,1,0,0,0,1,1,0,0
SML0711,shared,0.016129032258064516,0.05660377358490566,135.20999999999998,1.7488000000000001,26.02,1,1,1,2,1,0.3333333333333333,1,0,0,0,0,0,0,1,1,0
SML0712,shared,0.016129032258064516,0.0215633423180593,226.35999999999996,4.222800000000004,26.3,0,2,0,8,1,0.9285714285714286,2,0,1,0,0,0,1,0,0,0
SML0713,Class II only,0.0,0.02425876010781671,196.29,3.218600000000002,26.3,0,2,0,6,1,0.75,2,0,1,0,0,0,1,0,0,0
SML0714,Class II only,0.0,0.018867924528301886,165.28,3.816780000000003,23.79,0,1,0,7,0,0.7272727272727273,1,0,0,0,0,0,0,0,0,0
SML0716,shared,0.016129032258064516,0.016172506738544475,158.285,3.117800000000002,20.23,1,1,0,7,0,1.0,1,0,0,0,0,1,0,0,0,0
SML0717,Class II only,0.0,0.02425876010781671,182.30699999999996,3.7161000000000026,17.07,0,1,0,6,1,0.9166666666666666,1,0,0,0,1,0,0,0,0,0
SML0718,shared,0.03225806451612903,0.02425876010781671,198.30599999999995,2.974500000000001,26.3,0,2,0,8,0,0.75,2,0,0,1,0,0,1,0,0,0
SML0719,Class II only,0.0,0.03234501347708895,131.17799999999997,2.4763199999999994,15.79,1,0,2,0,2,0.1111111111111111,1,0,0,0,0,0,0,1,0,0
SML0720,Class II only,0.0,0.016172506738544475,156.22499999999997,2.2739000000000003,26.3,0,2,0,0,1,0.8888888888888888,2,0,1,0,0,0,1,0,0,0
SML0721,shared,0.03225806451612903,0.04043126684636118,129.16199999999995,2.2233800000000006,23.79,0,1,1,1,1,0.0,1,0,0,0,0,0,0,1,0,0
SML0722,shared,0.03225806451612903,0.026954177897574125,181.32299999999998,4.430880000000004,23.79,0,1,0,9,0,0.9166666666666666,1,0,0,0,0,0,0,0,0,0
SML0723,shared,0.016129032258064516,0.0215633423180593,208.257,2.2646000000000006,35.53,0,3,1,5,1,0.4166666666666667,3,0,1,0,0,0,1,1,0,0
SML0724,Class II only,0.0,0.016172506738544475,131.178,2.4763199999999994,15.79,1,0,2,0,2,0.1111111111111111,1,0,0,0,0,0,0,1,0,0
SML0726,shared,0.0967741935483871,0.05660377358490566,180.203,1.7583,35.53,0,3,1,3,1,0.3,3,0,1,0,0,0,1,1,0,0
SML0727,shared,0.27419354838709675,0.05929919137466307,182.263,2.852100000000001,26.3,0,2,0,6,0,0.5454545454545454,2,0,1,0,0,0,1,0,0,0
SML0728,shared,0.3064516129032258,0.1105121293800539,196.29,3.242200000000002,26.3,0,2,0,5,0,0.5833333333333334,2,0,1,0,0,0,1,0,0,0
SML0729,shared,0.04838709677419355,0.0215633423180593,156.225,2.2723000000000004,26.3,0,2,0,3,1,0.8888888888888888,2,0,1,0,0,0,1,0,0,0
SML0730,shared,0.03225806451612903,0.0215633423180593,212.33299999999994,3.8327000000000027,26.3,0,2,0,7,1,0.9230769230769231,2,0,1,0,0,0,1,0,0,0
SML0731,Class II only,0.0,0.018867924528301886,210.31699999999995,3.6323000000000025,26.3,0,2,0,6,0,0.6153846153846154,2,0,1,0,0,0,1,0,0,0
SML0732,shared,0.03225806451612903,0.03234501347708895,150.17699999999996,1.8978,26.3,0,2,1,2,1,0.2222222222222222,2,0,0,0,1,0,1,1,0,0
SML0733,shared,0.016129032258064516,0.016172506738544475,156.269,3.0378000000000016,17.07,0,1,0,6,0,0.9,1,0,0,1,0,0,0,0,0,0
SML0734,Class II only,0.0,0.018867924528301886,224.34399999999994,4.022400000000004,26.3,0,2,0,7,0,0.6428571428571429,2,0,1,0,0,0,1,0,0,0
SML0735,Class II only,0.0,0.026954177897574125,131.17799999999997,2.1783,4.93,0,0,2,0,2,0.1111111111111111,1,0,0,0,0,0,0,1,0,0
SML0736,shared,0.03225806451612903,0.03504043126684636,137.138,0.8681999999999999,39.19,0,3,1,1,1,0.14285714285714285,3,0,1,0,0,0,1,0,0,0
SML0738,Class II only,0.0,0.016172506738544475,222.37199999999993,4.662400000000004,17.07,0,1,0,0,1,0.8,1,0,0,0,1,0,0,0,0,0
SML0739,shared,0.04838709677419355,0.026954177897574125,198.30599999999998,3.1544000000000016,26.3,0,2,0,2,1,0.9166666666666666,2,0,1,0,0,0,1,0,0,0
SML0740,Class I only,0.016129032258064516,0.0,130.18699999999998,1.8973,37.3,1,1,0,4,0,0.8571428571428571,2,1,0,0,0,0,0,0,0,0
SML0741,Class I only,0.03225806451612903,0.0,130.187,1.8973,37.3,1,1,0,4,0,0.8571428571428571,2,1,0,0,0,0,0,0,0,0
SML0742,Class I only,0.016129032258064516,0.0,128.17099999999996,1.8174000000000001,37.3,1,1,0,3,0,0.5714285714285714,2,1,0,0,0,0,0,0,0,0
SML0744,Class I only,0.016129032258064516,0.0,144.214,2.2874,37.3,1,1,0,5,0,0.875,2,1,0,0,0,0,0,0,0,0
SML0746,Class II only,0.0,0.04851752021563342,165.23599999999996,2.603700000000001,22.12,0,2,1,3,1,0.5,2,0,0,0,0,0,1,0,0,0
SML0747,shared,0.016129032258064516,0.0673854447439353,165.23599999999996,2.2887000000000004,22.12,0,2,1,3,1,0.5,2,0,0,0,0,0,1,0,0,0
SML0748,Class I only,0.016129032258064516,0.0,138.16599999999997,1.2832000000000001,37.3,1,1,0,1,2,0.625,2,1,0,0,0,0,0,0,0,0
SML0749,Class II only,0.0,0.0215633423180593,134.2,0.8677999999999999,26.3,1,3,0,2,0,0.8,3,0,1,0,0,0,1,0,0,1
SML0750,Class II only,0.0,0.0215633423180593,170.21099999999998,3.0424000000000015,17.07,0,1,2,1,2,0.08333333333333333,1,0,0,0,1,0,0,1,0,0
