sml,pref,MolWt,LogP,TPSA,HBD,HBA,AromaticRings,RotBonds,RingCount,FracCSP3,Heteroatoms,carboxylic acid,ester,aldehyde,ketone,alcohol,ether,aromatic ring,amine,sulfur
SML0000,I,136.238,3.308900000000002,0.0,0,0,0,1,1,0.6,0,0,0,0,0,0,0,0,0,0
SML0001,II,150.22099999999998,2.4879000000000007,17.07,0,1,0,1,1,0.5,1,0,0,0,1,0,0,0,0,0
SML0002,I,156.26899999999998,2.4395000000000007,20.23,1,1,0,1,1,1.0,1,0,0,0,0,1,0,0,0,0
SML0003,I,74.12299999999999,0.7787999999999999,20.23,1,1,0,2,0,1.0,1,0,0,0,0,1,0,0,0,0
SML0004,I,132.203,1.1839,29.46,1,2,0,5,0,1.0,2,0,0,0,0,1,1,0,0,0
SML0005,II,186.33899999999997,3.8996000000000035,20.23,1,1,0,10,0,1.0,1,0,0,0,0,1,0,0,0,0
SML0006,I,60.096,0.3887,20.23,1,1,0,1,0,1.0,1,0,0,0,0,1,0,0,0,0
SML0007,II,128.17099999999996,1.3347,34.14,0,2,0,4,0,0.7142857142857143,2,0,0,0,1,0,0,0,0,0
SML0008,II,108.14399999999999,1.0934399999999997,25.78,0,2,1,0,1,0.3333333333333333,2,0,0,0,0,0,0,0,0,0
SML0009,I,88.14999999999999,1.0248,20.23,1,1,0,2,0,1.0,1,0,0,0,0,1,0,0,0,0
SML0010,II,100.16099999999999,1.7656,17.07,0,1,0,3,0,0.8333333333333334,1,0,0,0,1,0,0,0,0,0
SML0011,I,88.14999999999999,1.1673,20.23,1,1,0,2,0,1.0,1,0,0,0,0,1,0,0,0,0
SML0012,II,136.238,2.9987000000000013,0.0,0,0,0,0,3,0.8,0,0,0,0,0,0,0,0,0,0
SML0013,II,122.17099999999998,1.34742,25.78,0,2,1,1,1,0.42857142857142855,2,0,0,0,0,0,0,0,0,0
SML0014,II,136.238,2.9987000000000013,0.0,0,0,0,0,3,0.8,0,0,0,0,0,0,0,0,0,0
SML0015,I,60.05200000000001,0.09089999999999993,37.3,1,1,0,0,0,0.5,2,1,0,0,0,0,0,0,0,0
SML0016,I,88.10599999999998,0.8711,37.3,1,1,0,2,0,0.75,2,1,0,0,0,0,0,0,0,0
SML0017,II,146.14499999999995,1.7929999999999997,30.21,0,2,2,0,2,0.0,2,0,0,0,0,0,0,1,0,0
SML0018,I,200.32199999999997,3.991900000000002,37.3,1,1,0,10,0,0.9166666666666666,2,1,0,0,0,0,0,0,0,0
SML0019,I,200.32199999999997,3.6902000000000026,26.3,0,2,0,9,0,0.9166666666666666,2,0,1,0,0,0,1,0,0,0
SML0020,I,228.37599999999995,4.470400000000004,26.3,0,2,0,11,0,0.9285714285714286,2,0,1,0,0,0,1,0,0,0
SML0021,I,284.484,6.030800000000006,26.3,0,2,0,15,0,0.9444444444444444,2,0,1,0,0,0,1,0,0,0
SML0022,I,312.538,6.811000000000008,26.3,0,2,0,17,0,0.95,2,0,1,0,0,0,1,0,0,0
SML0023,I,172.26799999999997,2.910000000000001,26.3,0,2,0,7,0,0.9,2,0,1,0,0,0,1,0,0,0
SML0024,I,256.4299999999999,5.250600000000005,26.3,0,2,0,13,0,0.9375,2,0,1,0,0,0,1,0,0,0
SML0025,I,164.20399999999998,2.1293,29.46,1,2,1,3,1,0.2,2,0,0,0,0,1,1,1,0,0
SML0026,I,222.37199999999999,4.3979000000000035,20.23,1,1,0,7,0,0.6,1,0,0,0,0,1,0,0,0,0
SML0027,I,154.253,2.671400000000001,20.23,1,1,0,4,0,0.6,1,0,0,0,0,1,0,0,0,0
SML0028,II,108.14399999999999,1.0934399999999997,25.78,0,2,1,0,1,0.3333333333333333,2,0,0,0,0,0,0,0,0,0
SML0029,I,102.13299999999998,1.1171,37.3,1,1,0,2,0,0.8,2,1,0,0,0,0,0,0,0,0
SML0030,I,90.07799999999999,-0.5482,57.53,2,2,0,1,0,0.6666666666666666,3,1,0,0,0,1,0,0,0,0
SML0031,II,204.31299999999996,3.361600000000002,17.07,0,1,1,3,1,0.5,1,0,0,1,0,0,0,1,0,0
SML0032,I,154.25300000000001,2.6698000000000013,20.23,1,1,0,4,0,0.6,1,0,0,0,0,1,0,0,0,0
SML0033,I,210.31699999999998,2.853000000000002,37.3,1,2,0,5,1,0.7692307692307693,2,0,0,1,0,1,0,0,0,0
SML0034,II,232.283,1.8551,54.120000000000005,2,2,2,4,2,0.3076923076923077,4,0,0,0,0,0,1,1,0,0
SML0035,I,214.34899999999996,4.080300000000003,26.3,0,2,0,10,0,0.9230769230769231,2,0,1,0,0,0,1,0,0,0
SML0036,I,270.45699999999994,5.640700000000005,26.3,0,2,0,14,0,0.9411764705882353,2,0,1,0,0,0,1,0,0,0
SML0037,I,298.51099999999997,6.420900000000007,26.3,0,2,0,16,0,0.9473684210526315,2,0,1,0,0,0,1,0,0,0
SML0038,I,158.24099999999999,2.5199000000000007,26.3,0,2,0,6,0,0.8888888888888888,2,0,1,0,0,0,1,0,0,0
SML0039,I,242.40299999999993,4.8605000000000045,26.3,0,2,0,12,0,0.9333333333333333,2,0,1,0,0,0,1,0,0,0
SML0040,II,106.16799999999998,2.30344,0.0,0,0,1,0,1,0.25,0,0,0,0,0,0,0,1,0,0
SML0041,I,142.242,2.935900000000001,17.07,0,1,0,7,0,0.8888888888888888,1,0,0,1,0,0,0,0,0,0
SML0042,II,238.41499999999994,5.276500000000005,17.07,0,1,0,0,1,0.9375,1,0,0,0,1,0,0,0,0,0
SML0043,I,284.4839999999999,6.332500000000007,37.3,1,1,0,16,0,0.9444444444444444,2,1,0,0,0,0,0,0,0,0
SML0044,I,128.215,2.5458000000000007,17.07,0,1,0,6,0,0.875,1,0,0,1,0,0,0,0,0,0
SML0045,I,256.4299999999999,5.552300000000005,37.3,1,1,0,14,0,0.9375,2,1,0,0,0,0,0,0,0,0
SML0046,I,136.14999999999998,1.5076999999999998,26.3,0,2,1,2,1,0.125,2,0,0,1,0,0,1,1,0,0
SML0047,II,134.22199999999998,3.118420000000002,0.0,0,0,1,1,1,0.4,0,0,0,0,0,0,0,1,0,0
SML0048,I,242.40299999999993,5.162200000000004,37.3,1,1,0,13,0,0.9333333333333333,2,1,0,0,0,0,0,0,0,0
SML0049,I,74.079,0.481,37.3,1,1,0,1,0,0.6666666666666666,2,1,0,0,0,0,0,0,0,0
SML0051,I,228.37599999999995,4.772100000000004,37.3,1,1,0,12,0,0.9285714285714286,2,1,0,0,0,0,0,0,0,0
SML0052,I,170.296,3.7161000000000026,17.07,0,1,0,9,0,0.9090909090909091,1,0,0,1,0,0,0,0,0,0
SML0053,I,152.14899999999997,1.2133,46.53,1,3,1,2,1,0.125,3,0,0,1,0,1,1,1,0,0
SML0054,II,120.19499999999996,2.611860000000001,0.0,0,0,1,0,1,0.3333333333333333,0,0,0,0,0,0,0,1,0,0
SML0055,II,130.23100000000002,2.3392000000000013,20.23,1,1,0,6,0,1.0,1,0,0,0,0,1,0,0,0,0
SML0056,II,134.182,1.5263,25.78,0,2,1,0,2,0.5,2,0,0,0,0,0,0,0,0,0
SML0057,I,130.187,2.0414,37.3,1,1,0,5,0,0.8571428571428571,2,1,0,0,0,0,0,0,0,0
SML0058,I,116.15999999999998,1.6513,37.3,1,1,0,4,0,0.8333333333333334,2,1,0,0,0,0,0,0,0,0
SML0059,I,106.12799999999997,1.1196,25.78,0,2,1,1,1,0.0,2,0,0,0,0,0,0,0,0,0
SML0060,I,186.295,3.3001000000000023,26.3,0,2,0,8,0,0.9090909090909091,2,0,1,0,0,0,1,0,0,0
SML0061,I,144.214,2.4314999999999998,37.3,1,1,0,6,0,0.875,2,1,0,0,0,0,0,0,0,0
SML0062,II,108.14399999999999,1.09344,25.78,0,2,1,0,1,0.3333333333333333,2,0,0,0,0,0,0,0,0,0
SML0063,I,110.11599999999999,0.48519999999999985,35.010000000000005,0,3,1,1,1,0.2,3,0,0,0,0,0,1,0,0,0
SML0064,II,122.12699999999998,0.6791999999999999,42.85,0,3,1,1,1,0.16666666666666666,3,0,0,0,1,0,0,0,0,0
SML0065,I,94.11699999999999,0.7850199999999999,25.78,0,2,1,0,1,0.2,2,0,0,0,0,0,0,0,0,0
SML0066,II,166.224,1.9987,35.010000000000005,0,3,1,3,1,0.5555555555555556,3,0,0,0,0,0,1,0,0,0
SML0067,II,136.19799999999998,1.65584,25.78,0,2,1,1,1,0.5,2,0,0,0,0,0,0,0,0,0
SML0068,II,150.225,1.90982,25.78,0,2,1,2,1,0.5555555555555556,2,0,0,0,0,0,0,0,0,0
SML0069,II,178.23099999999997,2.4323000000000006,18.46,0,2,1,4,1,0.2727272727272727,2,0,0,0,0,0,1,1,0,0
SML0070,II,136.19799999999998,1.6014,25.78,0,2,1,2,1,0.5,2,0,0,0,0,0,0,0,0,0
SML0071,II,138.17,1.0475999999999999,35.010000000000005,0,3,1,2,1,0.42857142857142855,3,0,0,0,0,0,1,0,0,0
SML0072,II,134.22199999999998,2.9841000000000015,0.0,0,0,1,0,1,0.4,0,0,0,0,0,0,0,1,0,0
SML0073,I,148.20499999999998,2.3791,17.07,0,1,1,3,1,0.3,1,0,0,1,0,0,0,1,0,0
SML0074,I,154.253,2.671400000000001,20.23,1,1,0,4,0,0.6,1,0,0,0,0,1,0,0,0,0
SML0075,II,240.38699999999992,4.614500000000005,26.3,0,2,0,0,1,0.9333333333333333,2,0,1,0,0,0,1,0,0,0
SML0076,II,238.37099999999995,4.390500000000004,26.3,0,2,0,0,1,0.8,2,0,1,0,0,0,1,0,0,0
SML0077,II,130.18699999999998,1.7397,26.3,0,2,0,4,0,0.8571428571428571,2,0,1,0,0,0,1,0,0,0
SML0078,II,98.145,1.5196,17.07,0,1,0,0,1,0.8333333333333334,1,0,0,0,1,0,0,0,0,0
SML0079,II,114.18799999999999,2.1557000000000004,17.07,0,1,0,4,0,0.8571428571428571,1,0,0,0,1,0,0,0,0,0
SML0080,II,120.15099999999995,1.8892,17.07,0,1,1,1,1,0.125,1,0,0,0,1,0,0,1,0,0
SML0081,II,129.22799999999998,1.9286,12.36,0,2,0,0,1,0.8333333333333334,2,0,0,0,0,0,0,0,0,1
SML0082,II,297.267,3.325540000000003,129.42000000000002,0,6,1,3,1,0.5,9,0,0,0,0,0,0,1,1,0
SML0083,II,156.26899999999998,2.4395000000000007,20.23,1,1,0,1,1,1.0,1,0,0,0,0,1,0,0,0,0
SML0084,I,72.107,0.9854,17.07,0,1,0,1,0,0.75,1,0,0,0,1,0,0,0,0,0
SML0085,II,154.253,3.102000000000002,17.07,0,1,0,7,0,0.7,1,0,0,1,0,0,0,0,0,0
SML0086,II,182.307,2.9737000000000022,20.23,1,1,0,1,2,1.0,1,0,0,0,0,1,0,0,0,0
SML0087,I,138.16599999999997,1.7092199999999997,29.46,1,2,1,1,1,0.25,2,0,0,0,0,1,1,1,0,0
SML0088,I,116.15999999999998,1.5072,37.3,1,1,0,3,0,0.8333333333333334,2,1,0,0,0,0,0,0,0,0
SML0089,I,272.43199999999996,4.764300000000004,17.07,0,1,0,0,4,0.8421052631578947,1,0,0,0,1,0,0,0,0,0
SML0090,I,190.28599999999994,3.1156000000000015,17.07,0,1,1,3,1,0.46153846153846156,1,0,0,1,0,0,0,1,0,0
SML0091,II,116.15999999999998,1.3496000000000001,26.3,0,2,0,3,0,0.8333333333333334,2,0,1,0,0,0,1,0,0,0
SML0092,I,154.25300000000001,2.7441000000000013,9.23,0,1,0,0,3,1.0,1,0,0,0,0,0,1,0,0,0
SML0093,I,100.161,1.335,20.23,1,1,0,3,0,0.6666666666666666,1,0,0,0,0,1,0,0,0,0
SML0094,I,152.237,2.878000000000001,17.07,0,1,0,4,0,0.5,1,0,0,1,0,0,0,0,0,0
SML0095,I,156.269,3.3260000000000023,17.07,0,1,0,8,0,0.9,1,0,0,1,0,0,0,0,0,0
SML0096,I,86.08999999999999,0.1644,34.14,0,2,0,1,0,0.5,2,0,0,0,1,0,0,0,0,0
SML0097,I,114.21299999999998,2.0916,0.0,0,1,0,4,0,0.3333333333333333,1,0,0,0,0,0,0,0,0,1
SML0098,II,170.21099999999998,3.478900000000001,9.23,0,1,2,2,2,0.0,1,0,0,0,0,0,1,1,0,0
SML0099,I,270.36899999999997,3.377500000000002,52.6,0,4,0,0,1,0.8666666666666667,4,0,1,0,0,0,1,0,0,0
SML0100,I,206.24099999999996,2.349,35.53,0,3,1,4,1,0.25,3,0,1,0,0,0,1,1,0,0
SML0101,I,152.237,2.401700000000001,17.07,0,1,0,0,2,0.9,1,0,0,0,1,0,0,0,0,0
SML0102,I,270.41599999999994,4.684400000000005,17.07,0,1,0,0,4,0.7368421052631579,1,0,0,0,1,0,0,0,0,0
SML0103,I,196.29,3.242200000000002,26.3,0,2,0,5,0,0.5833333333333334,2,0,1,0,0,0,1,0,0,0
SML0104,I,124.13899999999997,1.4008,29.46,1,2,1,1,1,0.14285714285714285,2,0,0,0,0,1,1,1,0,0
SML0105,I,158.24099999999999,2.5199000000000007,26.3,0,2,0,6,0,0.8888888888888888,2,0,1,0,0,0,1,0,0,0
SML0106,II,172.26799999999997,2.910000000000001,26.3,0,2,0,7,0,0.9,2,0,1,0,0,0,1,0,0,0
SML0107,I,196.29,2.7643000000000013,26.3,0,2,0,1,2,0.9166666666666666,2,0,1,0,0,0,1,0,0,0
SML0108,I,72.107,0.8412999999999999,17.07,0,1,0,1,0,0.75,1,0,0,1,0,0,0,0,0,0
SML0109,I,88.10599999999998,0.727,37.3,1,1,0,1,0,0.75,2,1,0,0,0,0,0,0,0,0
SML0110,II,164.20399999999998,2.4339000000000013,29.46,1,2,1,2,1,0.2,2,0,0,0,0,1,1,1,0,0
SML0111,I,48.11000000000001,0.546,0.0,1,1,0,0,0,1.0,1,0,0,0,0,0,0,0,0,1
SML0112,II,152.14899999999997,1.1787999999999998,46.53,1,3,1,1,1,0.125,3,0,1,0,0,1,1,1,0,0
SML0113,I,172.268,2.910000000000002,26.3,0,2,0,7,0,0.9,2,0,1,0,0,0,1,0,0,0
SML0114,I,120.15099999999997,1.428,17.07,0,1,1,2,1,0.125,1,0,0,1,0,0,0,1,0,0
SML0115,II,80.09,0.4765999999999999,25.78,0,2,1,0,1,0.0,2,0,0,0,0,0,0,0,0,0
SML0116,II,154.25300000000001,2.5037000000000007,20.23,1,1,0,1,1,0.8,1,0,0,0,0,1,0,0,0,0
SML0117,I,196.29,3.0745000000000013,26.3,0,2,0,2,1,0.75,2,0,1,0,0,0,1,0,0,0
SML0118,II,136.14999999999998,1.4732,26.3,0,2,1,1,1,0.125,2,0,1,0,0,0,1,1,0,0
SML0119,II,182.135,1.8114200000000005,86.28,0,4,1,2,1,0.14285714285714285,6,0,0,0,0,0,0,1,1,0
SML0120,II,258.405,4.525200000000004,9.23,0,1,1,0,3,0.6666666666666666,1,0,0,0,0,0,1,1,0,0
SML0121,II,129.22799999999998,1.9286,12.36,0,2,0,0,1,0.8333333333333334,2,0,0,0,0,0,0,0,0,1
SML0122,II,122.17099999999999,1.4018599999999999,25.78,0,2,1,0,1,0.42857142857142855,2,0,0,0,0,0,0,0,0,0
SML0123,II,152.19699999999997,1.6086,35.010000000000005,0,3,1,2,1,0.5,3,0,0,0,0,0,1,0,0,0
SML0124,II,166.224,1.6837,35.010000000000005,0,3,1,3,1,0.5555555555555556,3,0,0,0,0,0,1,0,0,0
SML0125,I,102.13299999999998,1.2612,37.3,1,1,0,3,0,0.8,2,1,0,0,0,0,0,0,0,0
SML0126,II,140.22599999999997,2.711900000000001,17.07,0,1,0,6,0,0.6666666666666666,1,0,0,1,0,0,0,0,0,0
SML0127,I,84.118,1.1515,17.07,0,1,0,2,0,0.4,1,0,0,0,1,0,0,0,0,0
SML0129,I,104.17399999999999,0.9383999999999999,17.07,0,2,0,3,0,0.75,2,0,0,1,0,0,0,0,0,1
SML0130,I,59.111999999999995,0.17779999999999996,3.24,0,1,0,0,0,1.0,1,0,0,0,0,0,0,0,1,0
SML0131,II,294.307,3.6199400000000033,103.35,0,5,1,3,1,0.5,7,0,0,0,1,0,0,1,1,0
SML0132,II,142.154,0.8521,35.53,0,3,0,1,1,0.5714285714285714,3,0,0,0,1,0,1,0,0,0
SML0133,II,150.18099999999998,1.2415999999999998,42.85,0,3,1,2,1,0.375,3,0,0,0,1,0,0,0,0,0
SML0134,II,108.14399999999998,1.039,25.78,0,2,1,1,1,0.3333333333333333,2,0,0,0,0,0,0,0,0,0
SML0135,II,218.33999999999995,3.904200000000003,17.07,0,1,0,1,2,0.6666666666666666,1,0,0,0,1,0,0,0,0,0
SML0136,II,192.21399999999994,1.7927999999999995,35.53,0,3,1,3,2,0.36363636363636365,3,0,0,1,0,0,1,1,0,0
SML0137,II,152.23699999999997,2.2797,20.23,1,1,0,1,1,0.6,1,0,0,0,0,1,0,0,0,0
SML0138,I,170.25199999999998,2.8436000000000003,37.3,1,1,0,5,0,0.7,2,1,0,0,0,0,0,0,0,0
SML0139,II,154.253,2.6477000000000013,17.07,0,1,0,1,1,0.9,1,0,0,0,1,0,0,0,0,0
SML0140,I,144.258,2.7293000000000016,20.23,1,1,0,7,0,1.0,1,0,0,0,0,1,0,0,0,0
SML0141,I,194.27399999999997,2.850500000000001,26.3,0,2,0,2,1,0.5833333333333334,2,0,1,0,0,0,1,0,0,0
SML0142,I,158.241,2.821600000000001,37.3,1,1,0,7,0,0.8888888888888888,2,1,0,0,0,0,0,0,0,0
SML0143,I,128.21499999999997,2.1136000000000004,20.23,1,1,0,5,0,0.75,1,0,0,0,0,1,0,0,0,0
SML0144,II,106.19,0.7318,20.23,1,2,0,3,0,1.0,2,0,0,0,0,1,0,0,0,1
SML0145,I,96.944,1.9352,0.0,0,0,0,0,0,0.0,2,0,0,0,0,0,0,0,0,0
SML0146,I,172.268,2.1527000000000003,37.3,1,2,0,6,0,0.9,2,0,0,1,0,1,0,0,0,0
SML0147,II,258.405,4.792620000000005,17.07,0,1,1,1,2,0.6111111111111112,1,0,0,0,1,0,0,1,0,0
SML0148,II,244.378,4.410500000000004,17.07,0,1,1,1,2,0.5882352941176471,1,0,0,0,1,0,0,1,0,0
SML0149,II,206.32899999999992,3.738100000000003,17.07,0,1,0,0,2,0.7857142857142857,1,0,0,0,1,0,0,0,0,0
SML0150,I,152.237,2.878000000000001,17.07,0,1,0,4,0,0.5,1,0,0,1,0,0,0,0,0,0
SML0151,II,156.26899999999998,2.751300000000001,20.23,1,1,0,5,0,0.8,1,0,0,0,0,1,0,0,0,0
SML0152,I,149.237,3.2026800000000017,23.79,0,1,0,3,0,0.5,1,0,0,0,0,0,0,0,0,0
SML0153,II,136.154,0.9876199999999999,42.85,0,3,1,1,1,0.2857142857142857,3,0,0,0,1,0,0,0,0,0
SML0154,I,146.142,0.716,74.6,2,2,0,5,0,0.6666666666666666,4,1,0,0,0,0,0,0,0,0
SML0155,I,118.08799999999998,-0.06420000000000015,74.6,2,2,0,3,0,0.5,4,1,0,0,0,0,0,0,0,0
SML0156,I,164.204,1.9137999999999997,37.3,1,2,1,3,1,0.3,2,0,0,0,1,1,0,1,0,0
SML0157,I,90.19099999999999,1.7163,0.0,1,1,0,2,0,1.0,1,0,0,0,0,0,0,0,0,1
SML0158,II,102.17699999999999,1.559,20.23,1,1,0,4,0,1.0,1,0,0,0,0,1,0,0,0,0
SML0159,II,116.204,1.9491,20.23,1,1,0,5,0,1.0,1,0,0,0,0,1,0,0,0,0
SML0160,II,88.14999999999999,1.1689,20.23,1,1,0,3,0,1.0,1,0,0,0,0,1,0,0,0,0
SML0161,I,223.10999999999999,2.804900000000001,37.3,1,1,0,6,0,0.875,3,1,0,0,0,0,0,0,0,0
SML0162,I,195.05599999999998,2.0246999999999997,37.3,1,1,0,4,0,0.8333333333333334,3,1,0,0,0,0,0,0,0,0
SML0163,I,100.16099999999999,1.7656,17.07,0,1,0,4,0,0.8333333333333334,1,0,0,1,0,0,0,0,0,0
SML0164,I,135.14199999999997,-0.02100000000000013,40.129999999999995,0,2,1,2,1,0.125,2,0,0,0,0,0,0,1,0,0
SML0165,I,154.253,2.7441000000000013,9.23,0,1,0,1,2,1.0,1,0,0,0,0,0,1,0,0,0
SML0166,I,100.16099999999999,1.6215,17.07,0,1,0,3,0,0.8333333333333334,1,0,0,1,0,0,0,0,0,0
SML0167,I,181.029,1.6346,37.3,1,1,0,3,0,0.8,3,1,0,0,0,0,0,0,0,0
SML0168,II,150.22099999999998,2.4879000000000007,17.07,0,1,0,1,1,0.5,1,0,0,0,1,0,0,0,0,0
SML0169,I,198.30599999999998,3.298000000000002,18.46,0,2,0,6,0,0.6666666666666666,2,0,0,0,0,0,1,0,0,0
SML0170,II,108.13999999999997,1.6952,9.23,0,1,1,1,1,0.14285714285714285,1,0,0,0,0,0,1,1,0,0
SML0171,I,130.18699999999998,1.5956000000000001,26.3,0,2,0,3,0,0.8571428571428571,2,0,1,0,0,0,1,0,0,0
SML0172,II,156.26899999999998,2.751300000000001,20.23,1,1,0,5,0,0.8,1,0,0,0,0,1,0,0,0,0
SML0173,I,71.123,0.36979999999999996,12.03,1,1,0,0,1,1.0,1,0,0,0,0,0,0,0,1,0
SML0174,II,154.253,2.9579000000000013,17.07,0,1,0,5,0,0.7,1,0,0,1,0,0,0,0,0,0
SML0175,I,167.00199999999998,1.2445,37.3,1,1,0,2,0,0.75,3,1,0,0,0,0,0,0,0,0
SML0176,I,102.13299999999998,1.1171,37.3,1,1,0,2,0,0.8,2,1,0,0,0,0,0,0,0,0
SML0177,II,190.28599999999994,3.4342000000000024,17.07,0,1,0,2,1,0.46153846153846156,1,0,0,0,1,0,0,0,0,0
SML0178,II,152.23699999999997,2.878000000000001,17.07,0,1,0,6,0,0.5,1,0,0,1,0,0,0,0,0,0
SML0179,II,138.20999999999998,2.4879000000000007,17.07,0,1,0,5,0,0.4444444444444444,1,0,0,1,0,0,0,0,0,0
SML0180,II,192.30199999999996,3.5141000000000027,17.07,0,1,0,2,1,0.6153846153846154,1,0,0,0,1,0,0,0,0,0
SML0181,II,138.20999999999998,2.4879000000000007,17.07,0,1,0,5,0,0.4444444444444444,1,0,0,1,0,0,0,0,0,0
SML0182,I,154.253,3.102000000000001,17.07,0,1,0,7,0,0.7,1,0,0,1,0,0,0,0,0,0
SML0183,I,154.25300000000001,3.102000000000001,17.07,0,1,0,7,0,0.7,1,0,0,1,0,0,0,0,0,0
SML0184,II,192.30199999999996,3.6582000000000026,17.07,0,1,0,2,1,0.6153846153846154,1,0,0,0,1,0,0,0,0,0
SML0185,I,150.22099999999998,2.1776999999999997,17.07,0,1,0,1,3,0.7,1,0,0,1,0,0,0,0,0,0
SML0186,I,222.37199999999999,4.396300000000004,20.23,1,1,0,7,0,0.6,1,0,0,0,0,1,0,0,0,0
SML0187,II,192.302,3.6582000000000026,17.07,0,1,0,2,1,0.6153846153846154,1,0,0,0,1,0,0,0,0,0
SML0188,I,196.29,3.242200000000002,26.3,0,2,0,5,0,0.5833333333333334,2,0,1,0,0,0,1,0,0,0
SML0189,I,154.253,3.102000000000001,17.07,0,1,0,7,0,0.7,1,0,0,1,0,0,0,0,0,0
SML0190,II,180.291,3.6582000000000026,17.07,0,1,0,8,0,0.5833333333333334,1,0,0,1,0,0,0,0,0,0
SML0191,II,138.20999999999995,2.4879000000000007,17.07,0,1,0,5,0,0.4444444444444444,1,0,0,1,0,0,0,0,0,0
SML0192,I,204.35699999999997,5.201500000000005,0.0,0,0,0,6,0,0.4666666666666667,0,0,0,0,0,0,0,0,0,0
SML0193,I,172.268,3.2117000000000013,37.3,1,1,0,8,0,0.9,2,1,0,0,0,0,0,0,0,0
SML0194,I,188.22299999999996,1.8863,74.6,2,2,0,8,0,0.7777777777777778,4,1,0,0,0,0,0,0,0,0
SML0195,I,126.19899999999998,2.3218000000000005,17.07,0,1,0,5,0,0.625,1,0,0,0,1,0,0,0,0,0
SML0196,I,114.18799999999999,2.1557000000000004,17.07,0,1,0,5,0,0.8571428571428571,1,0,0,1,0,0,0,0,0,0
SML0197,I,144.21399999999997,2.1298000000000004,26.3,0,2,0,5,0,0.875,2,0,1,0,0,0,1,0,0,0
SML0198,II,86.13399999999999,1.3755,17.07,0,1,0,2,0,0.8,1,0,0,0,1,0,0,0,0,0
SML0199,I,86.13399999999999,1.3755,17.07,0,1,0,3,0,0.8,1,0,0,1,0,0,0,0,0,0
SML0200,I,284.43999999999994,4.339700000000004,35.53,0,3,0,6,1,0.9411764705882353,3,0,1,0,0,0,1,0,0,0
SML0201,II,210.40499999999994,5.851500000000006,0.0,0,0,0,0,1,1.0,0,0,0,0,0,0,0,0,0,0
SML0202,II,226.40399999999994,4.822300000000006,20.23,1,1,0,0,1,1.0,1,0,0,0,0,1,0,0,0,0
SML0203,I,176.32500000000002,2.493500000000002,20.23,2,2,0,6,0,1.0,2,0,0,0,0,1,0,0,0,1
SML0204,II,154.253,3.080000000000002,17.07,0,1,0,0,1,0.9,1,0,0,0,1,0,0,0,0,0
SML0205,II,168.27999999999997,3.470100000000002,17.07,0,1,0,0,1,0.9090909090909091,1,0,0,0,1,0,0,0,0,0
SML0206,I,226.40399999999994,5.276500000000005,17.07,0,1,0,12,0,0.9333333333333333,1,0,0,0,1,0,0,0,0,0
SML0207,I,226.4039999999999,5.276500000000005,17.07,0,1,0,12,0,0.9333333333333333,1,0,0,0,1,0,0,0,0,0
SML0208,I,134.244,1.3232,20.23,2,2,0,3,0,1.0,2,0,0,0,0,1,0,0,0,1
SML0209,II,238.41499999999994,5.276500000000005,17.07,0,1,0,0,1,0.9375,1,0,0,0,1,0,0,0,0,0
SML0210,II,238.41499999999994,5.276500000000005,17.07,0,1,0,0,1,0.9375,1,0,0,0,1,0,0,0,0,0
SML0211,II,193.24599999999998,2.2257000000000002,52.32,1,3,1,4,1,0.36363636363636365,3,0,1,0,0,0,1,1,1,0
SML0212,II,132.16199999999995,1.8987,17.07,0,1,1,2,1,0.0,1,0,0,1,0,0,0,1,0,0
SML0213,I,158.24099999999996,2.5199000000000007,26.3,0,2,0,6,0,0.8888888888888888,2,0,1,0,0,0,1,0,0,0
SML0214,I,176.215,1.9583,26.3,0,2,1,4,1,0.18181818181818182,2,0,1,0,0,0,1,1,0,0
SML0215,II,192.25800000000004,2.572400000000001,26.3,0,2,1,5,1,0.4166666666666667,2,0,1,0,0,0,1,1,0,0
SML0216,II,140.182,1.3347,34.14,0,2,0,0,1,0.75,2,0,0,0,1,0,0,0,0,0
SML0217,I,90.19099999999999,1.5722,0.0,1,1,0,1,0,1.0,1,0,0,0,0,0,0,0,0,1
SML0218,I,113.15999999999998,0.6287,20.310000000000002,0,1,0,1,1,0.8333333333333334,2,0,0,0,0,0,0,0,0,0
SML0219,II,226.322,3.954200000000003,26.28,0,4,2,5,2,0.2,4,0,0,0,0,0,0,0,0,1
SML0220,I,92.119,0.0007999999999999119,37.3,2,2,0,1,0,0.5,3,1,0,0,0,0,0,0,0,1
SML0221,II,146.299,3.276700000000003,0.0,1,1,0,6,0,1.0,1,0,0,0,0,0,0,0,0,1
SML0222,II,166.26399999999998,3.246100000000002,17.07,0,1,0,4,1,0.7272727272727273,1,0,0,0,1,0,0,0,0,0
SML0223,I,228.37599999999992,4.470400000000004,26.3,0,2,0,11,0,0.9285714285714286,2,0,1,0,0,0,1,0,0,0
SML0224,II,78.11399999999999,1.6866,0.0,0,0,1,0,1,0.0,0,0,0,0,0,0,0,1,0,0
SML0225,II,152.23699999999997,2.567800000000001,17.07,0,1,0,1,1,0.7,1,0,0,0,1,0,0,0,0,0
SML0226,I,128.17099999999996,1.8174000000000001,37.3,1,1,0,3,0,0.5714285714285714,2,1,0,0,0,0,0,0,0,0
SML0227,II,129.16199999999995,2.2348,12.89,0,1,2,0,2,0.0,1,0,0,0,0,0,0,1,0,0
SML0228,II,230.44199999999995,5.033200000000004,0.0,0,2,0,3,2,1.0,2,0,0,0,0,0,0,0,0,1
SML0229,I,79.10199999999998,1.0816,12.89,0,1,1,0,1,0.0,1,0,0,0,0,0,0,0,0,0
SML0230,II,136.23799999999997,2.9987000000000013,0.0,0,0,0,1,2,0.8,0,0,0,0,0,0,0,0,0,0
SML0231,I,152.237,2.401700000000001,17.07,0,1,0,0,2,0.9,1,0,0,0,1,0,0,0,0,0
SML0232,II,126.19899999999997,2.1776999999999997,17.07,0,1,0,3,0,0.625,1,0,0,0,1,0,0,0,0,0
SML0233,II,140.226,2.2813000000000003,20.23,1,1,0,5,0,0.5555555555555556,1,0,0,0,0,1,0,0,0,0
SML0234,I,129.179,0.5626,40.129999999999995,0,2,0,4,0,0.8571428571428571,2,0,0,0,0,0,0,0,0,0
SML0235,I,118.20099999999998,1.2837999999999998,17.07,1,2,0,2,0,0.8,2,0,0,0,1,0,0,0,0,1
SML0236,II,154.253,2.7677000000000014,9.23,0,1,0,1,1,0.8,1,0,0,0,0,0,1,0,0,0
SML0237,I,88.106,-0.043800000000000006,37.3,1,2,0,1,0,0.75,2,0,0,0,1,1,0,0,0,0
SML0238,II,118.20099999999998,1.2837999999999998,17.07,1,2,0,2,0,0.8,2,0,0,0,1,0,0,0,0,1
SML0239,I,158.24099999999999,2.6775,37.3,1,1,0,6,0,0.8888888888888888,2,1,0,0,0,0,0,0,0,0
SML0240,I,170.25199999999998,2.6624000000000008,26.3,0,2,0,5,1,0.9,2,0,1,0,0,0,1,0,0,0
SML0241,I,198.30599999999995,3.4426000000000023,26.3,0,2,0,7,1,0.9166666666666666,2,0,1,0,0,0,1,0,0,0
SML0242,I,156.225,2.2723000000000004,26.3,0,2,0,4,1,0.8888888888888888,2,0,1,0,0,0,1,0,0,0
SML0243,I,142.19799999999998,1.8822,26.3,0,2,0,3,1,0.875,2,0,1,0,0,0,1,0,0,0
SML0244,I,184.27899999999997,3.052500000000002,26.3,0,2,0,6,1,0.9090909090909091,2,0,1,0,0,0,1,0,0,0
SML0245,I,156.22499999999997,2.1282000000000005,26.3,0,2,0,3,1,0.8888888888888888,2,0,1,0,0,0,1,0,0,0
SML0247,I,198.30599999999995,3.4426000000000023,26.3,0,2,0,6,1,0.9166666666666666,2,0,1,0,0,0,1,0,0,0
SML0248,I,142.198,1.8822,26.3,0,2,0,2,1,0.875,2,0,1,0,0,0,1,0,0,0
SML0249,II,112.17199999999997,1.9317,17.07,0,1,0,4,0,0.5714285714285714,1,0,0,1,0,0,0,0,0,0
SML0250,II,168.28,3.4921000000000024,17.07,0,1,0,8,0,0.7272727272727273,1,0,0,1,0,0,0,0,0,0
SML0251,II,136.23799999999997,3.1648000000000023,0.0,0,0,0,1,1,0.6,0,0,0,0,0,0,0,0,0,0
SML0252,II,136.238,3.308900000000002,0.0,0,0,0,1,1,0.6,0,0,0,0,0,0,0,0,0,0
SML0253,II,140.22599999999997,2.711900000000001,17.07,0,1,0,6,0,0.6666666666666666,1,0,0,1,0,0,0,0,0,0
SML0254,II,126.19899999999997,2.3218000000000005,17.07,0,1,0,5,0,0.625,1,0,0,1,0,0,0,0,0,0
SML0255,I,142.198,1.9058,26.3,0,2,0,4,0,0.625,2,0,1,0,0,0,1,0,0,0
SML0256,I,98.145,1.5416,17.07,0,1,0,3,0,0.5,1,0,0,1,0,0,0,0,0,0
SML0257,I,112.172,1.9317,17.07,0,1,0,4,0,0.5714285714285714,1,0,0,1,0,0,0,0,0,0
SML0258,I,124.18299999999999,2.0978,17.07,0,1,0,4,0,0.375,1,0,0,0,1,0,0,0,0,0
SML0259,I,118.176,1.4054,18.46,0,2,0,4,0,1.0,2,0,0,0,0,0,1,0,0,0
SML0260,II,150.13299999999998,1.2278,35.53,0,3,1,1,2,0.125,3,0,0,1,0,0,1,1,0,0
SML0261,I,212.37699999999995,4.742300000000005,17.07,0,1,0,11,0,0.9285714285714286,1,0,0,1,0,0,0,0,0,0
SML0262,I,148.20499999999998,2.4237,9.23,0,1,1,3,1,0.2,1,0,0,0,0,0,1,1,0,0
SML0263,II,148.20499999999996,2.728300000000001,9.23,0,1,1,2,1,0.2,1,0,0,0,0,0,1,1,0,0
SML0264,II,132.206,3.0281200000000013,0.0,0,0,1,1,1,0.2,0,0,0,0,0,0,0,1,0,0
SML0265,I,122.16699999999997,2.0090399999999997,20.23,1,1,1,0,1,0.25,1,0,0,0,0,1,0,1,0,0
SML0266,I,154.16499999999996,1.4093999999999995,38.69,1,3,1,2,1,0.25,3,0,0,0,0,1,1,1,0,0
SML0267,II,122.16699999999996,2.00904,20.23,1,1,1,0,1,0.25,1,0,0,0,0,1,0,1,0,0
SML0268,I,170.32100000000003,3.4412000000000025,0.0,1,1,0,1,1,0.8,1,0,0,0,0,0,0,0,0,1
SML0269,II,129.184,0.7207,29.43,0,3,0,1,1,0.6,3,0,0,0,1,0,0,0,0,1
SML0270,II,135.16599999999997,0.8280000000000001,43.09,1,2,1,2,1,0.125,2,0,0,0,1,0,0,1,1,0
SML0271,I,138.166,1.7092199999999995,29.46,1,2,1,1,1,0.25,2,0,0,0,0,1,1,1,0,0
SML0272,II,160.263,2.958120000000002,13.14,0,3,1,2,1,0.3333333333333333,3,0,0,0,0,0,0,0,0,1
SML0273,I,86.13399999999999,1.2314,17.07,0,1,0,2,0,0.8,1,0,0,1,0,0,0,0,0,0
SML0274,II,114.169,1.8767200000000002,13.14,1,2,1,0,1,0.2,2,0,0,0,0,0,0,0,0,1
SML0275,I,108.13999999999999,1.70062,20.23,1,1,1,0,1,0.14285714285714285,1,0,0,0,0,1,0,1,0,0
SML0276,II,149.237,2.814300000000001,12.89,0,1,1,4,1,0.5,1,0,0,0,0,0,0,0,0,0
SML0277,I,138.23499999999999,2.1589000000000005,0.0,1,1,1,2,1,0.25,1,0,0,0,0,0,0,1,0,1
SML0278,I,122.16699999999997,1.2213999999999998,20.23,1,1,1,2,1,0.25,1,0,0,0,0,1,0,1,0,0
SML0279,II,164.204,1.7922,26.3,0,2,1,3,1,0.3,2,0,1,0,0,0,1,1,0,0
SML0280,II,125.171,1.2003000000000001,29.43,0,2,0,2,1,0.7142857142857143,2,0,0,0,1,0,0,0,0,0
SML0281,II,122.16699999999996,1.9545999999999997,20.23,1,1,1,1,1,0.25,1,0,0,0,0,1,0,1,0,0
SML0282,II,126.11099999999996,0.6538199999999998,50.44,1,3,1,0,1,0.16666666666666666,3,0,0,0,0,1,0,0,0,0
SML0283,II,131.17799999999997,2.4763200000000003,15.79,1,0,2,0,2,0.1111111111111111,1,0,0,0,0,0,0,1,0,0
SML0284,I,148.227,1.2579,26.3,1,3,0,4,0,0.8333333333333334,3,0,1,0,0,0,1,0,0,1
SML0285,I,88.14999999999999,1.0248,20.23,1,1,0,2,0,1.0,1,0,0,0,0,1,0,0,0,0
SML0286,I,86.13399999999999,1.2314,17.07,0,1,0,2,0,0.8,1,0,0,1,0,0,0,0,0,0
SML0287,II,128.21499999999997,2.401700000000001,17.07,0,1,0,4,0,0.875,1,0,0,0,1,0,0,0,0,0
SML0288,II,108.13999999999997,1.7006199999999996,20.23,1,1,1,0,1,0.14285714285714285,1,0,0,0,0,1,0,1,0,0
SML0289,I,150.177,1.7038,37.3,1,1,1,3,1,0.2222222222222222,2,1,0,0,0,0,0,1,0,0
SML0290,I,134.244,1.4672999999999998,20.23,2,2,0,4,0,1.0,2,0,0,0,0,1,0,0,0,1
SML0291,II,176.281,2.0381000000000005,26.3,1,3,0,5,0,0.875,3,0,1,0,0,0,1,0,0,1
SML0292,I,148.20499999999996,2.6225000000000014,17.07,0,1,1,2,1,0.3,1,0,0,1,0,0,0,1,0,0
SML0293,I,150.17699999999996,2.0438000000000005,29.46,1,2,1,2,1,0.1111111111111111,2,0,0,0,0,1,1,1,0,0
SML0294,I,120.15099999999997,2.0352,20.23,1,1,1,1,1,0.0,1,0,0,0,0,1,0,1,0,0
SML0295,I,172.268,3.0676000000000014,37.3,1,1,0,7,0,0.9,2,1,0,0,0,0,0,0,0,0
SML0296,II,122.16699999999996,1.9545999999999997,20.23,1,1,1,1,1,0.25,1,0,0,0,0,1,0,1,0,0
SML0297,I,166.176,1.6034,46.53,1,3,1,3,1,0.2222222222222222,3,0,0,1,0,1,1,1,0,0
SML0298,II,134.244,1.7313,9.23,1,2,0,3,0,1.0,2,0,0,0,0,0,1,0,0,1
SML0299,II,134.178,2.1976199999999997,17.07,0,1,1,1,1,0.2222222222222222,1,0,0,0,1,0,0,1,0,0
SML0300,II,108.13999999999999,1.7006199999999996,20.23,1,1,1,0,1,0.14285714285714285,1,0,0,0,0,1,0,1,0,0
SML0301,I,166.21999999999997,2.353300000000001,29.46,1,2,1,3,1,0.4,2,0,0,0,0,1,1,1,0,0
SML0302,II,142.154,1.1538,46.53,1,3,0,1,1,0.5714285714285714,3,0,0,0,1,1,1,0,0,0
SML0303,II,176.17099999999996,1.8015999999999996,39.44,0,3,2,1,2,0.1,3,0,0,0,0,0,1,1,0,0
SML0304,I,88.175,1.5354,0.0,0,1,0,2,0,0.5,1,0,0,0,0,0,0,0,0,1
SML0305,I,108.231,1.6699,0.0,0,2,0,2,0,1.0,2,0,0,0,0,0,0,0,0,1
SML0306,II,176.215,2.2629,26.3,0,2,1,3,1,0.18181818181818182,2,0,1,0,0,0,1,1,0,0
SML0307,II,134.17799999999997,1.6921000000000002,20.23,1,1,1,2,1,0.1111111111111111,1,0,0,0,0,1,0,1,0,0
SML0308,I,146.28,2.7398000000000016,0.0,0,2,0,5,0,0.3333333333333333,2,0,0,0,0,0,0,0,0,1
SML0309,I,62.137,0.9792,0.0,0,1,0,0,0,1.0,1,0,0,0,0,0,0,0,0,1
SML0310,I,126.27100000000002,2.2756,0.0,0,3,0,2,0,1.0,3,0,0,0,0,0,0,0,0,1
SML0311,I,94.20400000000001,1.6274,0.0,0,2,0,1,0,1.0,2,0,0,0,0,0,0,0,0,1
SML0312,I,150.31199999999998,3.187800000000002,0.0,0,2,0,5,0,1.0,2,0,0,0,0,0,0,0,0,1
SML0313,I,182.37899999999996,3.836000000000003,0.0,0,3,0,6,0,1.0,3,0,0,0,0,0,0,0,0,1
SML0314,II,98.14499999999998,1.5416,17.07,0,1,0,3,0,0.5,1,0,0,1,0,0,0,0,0,0
SML0315,I,46.069,-0.0014000000000000123,20.23,1,1,0,0,0,1.0,1,0,0,0,0,1,0,0,0,0
SML0316,I,160.213,1.1006,46.53,1,3,0,5,0,0.875,3,0,1,0,0,1,1,0,0,0
SML0317,I,130.18699999999998,1.5956000000000001,26.3,0,2,0,3,0,0.8571428571428571,2,0,1,0,0,0,1,0,0,0
SML0318,II,148.227,1.3026,26.3,0,3,0,4,0,0.8333333333333334,3,0,1,0,0,0,1,0,0,1
SML0319,II,130.18699999999998,1.5956000000000001,26.3,0,2,0,3,0,0.8571428571428571,2,0,1,0,0,0,1,0,0,0
SML0320,II,144.21399999999997,1.9857,26.3,0,2,0,4,0,0.875,2,0,1,0,0,0,1,0,0,0
SML0321,I,88.106,0.5694,26.3,0,2,0,1,0,0.75,2,0,1,0,0,0,1,0,0,0
SML0322,II,150.177,1.8633,26.3,0,2,1,2,1,0.2222222222222222,2,0,1,0,0,0,1,1,0,0
SML0323,I,116.15999999999998,1.3496000000000001,26.3,0,2,0,3,0,0.8333333333333334,2,0,1,0,0,0,1,0,0,0
SML0324,II,176.215,2.2629,26.3,0,2,1,3,1,0.18181818181818182,2,0,1,0,0,0,1,1,0,0
SML0325,I,144.21399999999997,2.1298000000000004,26.3,0,2,0,5,0,0.875,2,0,1,0,0,0,1,0,0,0
SML0326,I,130.18699999999998,1.7397,26.3,0,2,0,4,0,0.8571428571428571,2,0,1,0,0,0,1,0,0,0
SML0327,II,164.204,1.7922,26.3,0,2,1,3,1,0.3,2,0,1,0,0,0,1,1,0,0
SML0328,I,156.22499999999997,2.1298000000000004,26.3,0,2,0,2,1,0.8888888888888888,2,0,1,0,0,0,1,0,0,0
SML0329,I,114.169,1.7093999999999998,13.14,1,2,1,1,1,0.2,2,0,0,0,0,0,0,0,0,1
SML0330,I,116.20399999999998,1.9475000000000002,20.23,1,1,0,4,0,1.0,1,0,0,0,0,1,0,0,0,0
SML0331,I,144.214,2.1298000000000004,26.3,0,2,0,5,0,0.875,2,0,1,0,0,0,1,0,0,0
SML0332,I,102.13299999999998,0.8154,26.3,0,2,0,1,0,0.8,2,0,1,0,0,0,1,0,0,0
SML0333,I,102.13299999999998,0.9595,26.3,0,2,0,2,0,0.8,2,0,1,0,0,0,1,0,0,0
SML0334,I,154.325,3.0558000000000014,0.0,0,3,0,4,0,1.0,3,0,0,0,0,0,0,0,0,1
SML0335,I,136.238,3.4750000000000023,0.0,0,0,0,4,0,0.4,0,0,0,0,0,0,0,0,0,0
SML0336,I,142.242,2.935900000000001,17.07,0,1,0,6,0,0.8888888888888888,1,0,0,0,1,0,0,0,0,0
SML0337,I,100.11699999999999,0.5545,34.14,0,2,0,2,0,0.6,2,0,0,0,1,0,0,0,0,0
SML0338,I,58.08,0.5952999999999999,17.07,0,1,0,1,0,0.6666666666666666,1,0,0,1,0,0,0,0,0,0
SML0339,I,130.237,2.1778999999999997,0.0,1,2,1,1,1,0.2,2,0,0,0,0,0,0,0,0,1
SML0340,II,162.188,1.8728,26.3,0,2,1,2,1,0.1,2,0,1,0,0,0,1,1,0,0
SML0341,II,194.25500000000002,3.306000000000002,26.28,0,3,2,4,2,0.2,3,0,0,0,0,0,0,0,0,1
SML0342,II,170.30200000000002,3.197800000000001,0.0,0,2,1,3,1,0.25,2,0,0,0,0,0,0,1,0,1
SML0343,II,160.263,2.790800000000001,13.14,0,3,1,3,1,0.3333333333333333,3,0,0,0,0,0,0,0,0,1
SML0344,II,138.23499999999999,2.5496000000000008,0.0,0,1,1,2,1,0.25,1,0,0,0,0,0,0,1,0,1
SML0345,II,138.23499999999999,2.677400000000001,0.0,1,1,1,1,1,0.25,1,0,0,0,0,0,0,1,0,1
SML0346,I,124.20799999999998,2.1164,0.0,1,1,1,1,1,0.14285714285714285,1,0,0,0,0,0,0,1,0,1
SML0347,II,128.19599999999997,2.1426,13.14,0,2,1,2,1,0.3333333333333333,2,0,0,0,0,0,0,0,0,1
SML0348,I,136.194,1.6115000000000002,20.23,1,1,1,3,1,0.3333333333333333,1,0,0,0,0,1,0,1,0,0
SML0349,I,98.10099999999998,0.7719,33.370000000000005,1,2,1,1,1,0.2,2,0,0,0,0,1,0,0,0,0
SML0350,I,108.13999999999997,1.1788999999999998,20.23,1,1,1,1,1,0.14285714285714285,1,0,0,0,0,1,0,1,0,0
SML0351,I,96.08499999999998,1.0920999999999998,30.21,0,2,1,1,1,0.0,2,0,0,1,0,0,0,0,0,0
SML0352,I,130.18699999999998,1.5956000000000001,26.3,0,2,0,3,0,0.8571428571428571,2,0,1,0,0,0,1,0,0,0
SML0353,II,116.15999999999998,1.2055,26.3,0,2,0,2,0,0.8333333333333334,2,0,1,0,0,0,1,0,0,0
SML0354,I,156.22499999999997,2.1282000000000005,26.3,0,2,0,3,1,0.8888888888888888,2,0,1,0,0,0,1,0,0,0
SML0355,I,140.226,2.2813000000000003,20.23,1,1,0,5,0,0.5555555555555556,1,0,0,0,0,1,0,0,0,0
SML0356,II,170.25199999999998,2.3609,34.14,0,2,0,6,0,0.8,2,0,0,0,1,0,0,0,0,0
SML0357,I,136.238,3.308900000000002,0.0,0,0,0,1,1,0.6,0,0,0,0,0,0,0,0,0,0
SML0358,II,136.23799999999997,3.1648000000000023,0.0,0,0,0,1,1,0.6,0,0,0,0,0,0,0,0,0,0
SML0359,II,112.12799999999999,0.878,26.3,0,2,0,0,1,0.5,2,0,0,0,1,0,1,0,0,0
SML0360,I,98.101,0.4895,26.3,0,2,0,0,1,0.4,2,0,1,0,0,0,1,0,0,0
SML0361,II,112.12799999999999,0.878,26.3,0,2,0,0,1,0.5,2,0,0,0,1,0,1,0,0,0
SML0362,I,154.253,2.9579000000000013,17.07,0,1,0,5,0,0.7,1,0,0,1,0,0,0,0,0,0
SML0363,II,106.19000000000001,0.5446,20.23,2,2,0,2,0,1.0,2,0,0,0,0,1,0,0,0,1
SML0364,I,162.298,2.1034000000000006,20.23,2,2,0,5,0,1.0,2,0,0,0,0,1,0,0,0,1
SML0365,II,120.217,0.9330999999999998,20.23,2,2,0,2,0,1.0,2,0,0,0,0,1,0,0,0,1
SML0366,I,148.271,1.7133000000000003,20.23,2,2,0,4,0,1.0,2,0,0,0,0,1,0,0,0,1
SML0367,I,154.25300000000001,2.5037000000000007,20.23,1,1,0,1,1,0.8,1,0,0,0,0,1,0,0,0,0
SML0368,II,136.238,2.9987000000000013,0.0,0,0,0,0,3,0.8,0,0,0,0,0,0,0,0,0,0
SML0369,II,136.238,2.9987000000000013,0.0,0,0,0,0,3,0.8,0,0,0,0,0,0,0,0,0,0
SML0370,II,136.238,2.9987000000000013,0.0,0,0,0,0,3,0.8,0,0,0,0,0,0,0,0,0,0
SML0371,II,136.238,2.9987000000000013,0.0,0,0,0,0,3,0.8,0,0,0,0,0,0,0,0,0,0
SML0372,II,136.23799999999997,2.9987000000000013,0.0,0,0,0,1,2,0.8,0,0,0,0,0,0,0,0,0,0
SML0373,II,190.28599999999994,3.4342000000000024,17.07,0,1,0,2,1,0.46153846153846156,1,0,0,0,1,0,0,0,0,0
SML0374,I,152.19299999999996,1.9631999999999996,29.46,1,2,1,2,1,0.3333333333333333,2,0,0,0,0,1,1,1,0,0
SML0375,I,132.228,1.6739,17.07,1,2,0,2,0,0.8333333333333334,2,0,0,0,1,0,0,0,0,1
SML0376,I,138.20999999999995,2.4879000000000007,17.07,0,1,0,5,0,0.4444444444444444,1,0,0,1,0,0,0,0,0,0
SML0377,I,44.053,0.2052,17.07,0,1,0,0,0,0.5,1,0,0,1,0,0,0,0,0,0
SML0378,I,116.15999999999998,1.2055,26.3,0,2,0,2,0,0.8333333333333334,2,0,1,0,0,0,1,0,0,0
SML0379,I,74.12299999999999,0.6347,20.23,1,1,0,1,0,1.0,1,0,0,0,0,1,0,0,0,0
SML0380,I,164.15999999999997,1.4899999999999995,57.53,2,2,1,2,1,0.0,3,1,0,0,0,1,0,1,0,0
SML0381,I,136.14999999999998,1.3137,37.3,1,1,1,2,1,0.125,2,1,0,0,0,0,0,1,0,0
SML0382,I,170.25199999999998,2.6624000000000008,26.3,0,2,0,4,1,0.9,2,0,1,0,0,0,1,0,0,0
SML0383,II,135.16599999999994,1.4714,43.09,1,2,1,1,1,0.125,2,0,0,0,1,0,0,1,1,0
SML0384,II,224.38799999999992,5.030500000000004,17.07,0,1,0,0,1,0.9333333333333333,1,0,0,0,1,0,0,0,0,0
SML0385,II,236.39899999999994,5.196600000000005,17.07,0,1,0,0,1,0.8125,1,0,0,0,1,0,0,0,0,0
SML0386,II,236.39899999999992,5.052500000000005,17.07,0,1,0,0,1,0.8125,1,0,0,0,1,0,0,0,0,0
SML0387,II,236.39899999999992,5.1966000000000045,17.07,0,1,0,0,1,0.8125,1,0,0,0,1,0,0,0,0,0
SML0388,II,222.37199999999993,4.662400000000004,17.07,0,1,0,0,1,0.8,1,0,0,0,1,0,0,0,0,0
SML0389,II,224.38799999999995,4.8864000000000045,17.07,0,1,0,0,1,0.9333333333333333,1,0,0,0,1,0,0,0,0,0
SML0390,II,252.3979999999999,4.780600000000004,26.3,0,2,0,0,1,0.8125,2,0,1,0,0,0,1,0,0,0
SML0391,II,182.222,2.917600000000001,17.07,0,1,2,2,2,0.0,1,0,0,0,1,0,0,1,0,0
SML0392,II,243.1,2.5547000000000013,26.3,0,2,1,3,1,0.3,3,0,1,0,0,0,1,1,0,0
SML0393,I,164.20399999999998,1.71052,26.3,0,2,1,2,1,0.3,2,0,1,0,0,0,1,1,0,0
SML0394,II,180.20999999999998,2.7830000000000004,25.78,0,2,3,0,3,0.0,2,0,0,0,0,0,0,1,0,0
SML0395,II,172.22699999999998,3.238500000000002,9.23,0,1,2,2,2,0.16666666666666666,1,0,0,0,0,0,1,1,0,0
SML0396,II,294.39399999999995,5.210600000000005,18.46,0,2,2,9,2,0.2,2,0,0,0,0,0,1,1,0,0
SML0397,II,150.22099999999998,2.4879000000000007,17.07,0,1,0,1,1,0.5,1,0,0,0,1,0,0,0,0,0
SML0398,I,172.31199999999998,3.5095000000000023,20.23,1,1,0,9,0,1.0,1,0,0,0,0,1,0,0,0,0
SML0399,I,184.32299999999998,4.106200000000003,17.07,0,1,0,10,0,0.9166666666666666,1,0,0,1,0,0,0,0,0,0
SML0400,I,216.27699999999993,2.6665,74.6,2,2,0,10,0,0.8181818181818182,4,1,0,0,0,0,0,0,0,0
SML0401,I,251.16399999999993,3.586700000000002,37.3,1,1,0,9,0,0.9,3,1,0,0,0,0,0,0,0,0
SML0402,I,265.1909999999999,3.9768000000000026,37.3,1,1,0,10,0,0.9090909090909091,3,1,0,0,0,0,0,0,0,0
SML0403,I,279.21799999999996,4.366900000000004,37.3,1,1,0,11,0,0.9166666666666666,3,1,0,0,0,0,0,0,0,0
SML0404,I,186.295,3.6018000000000017,37.3,1,1,0,9,0,0.9090909090909091,2,1,0,0,0,0,0,0,0,0
SML0405,I,195.05599999999998,2.0263,37.3,1,1,0,5,0,0.8333333333333334,3,1,0,0,0,0,0,0,0,0
SML0406,I,223.10999999999996,2.8065000000000015,37.3,1,1,0,7,0,0.875,3,1,0,0,0,0,0,0,0,0
SML0407,I,158.285,3.119400000000002,20.23,1,1,0,8,0,1.0,1,0,0,0,0,1,0,0,0,0
SML0408,I,132.115,0.32589999999999975,74.6,2,2,0,4,0,0.6,4,1,0,0,0,0,0,0,0,0
SML0409,I,160.16899999999998,1.1061,74.6,2,2,0,6,0,0.7142857142857143,4,1,0,0,0,0,0,0,0,0
SML0410,I,174.19599999999997,1.4962,74.6,2,2,0,7,0,0.75,4,1,0,0,0,0,0,0,0,0
SML0411,I,202.24999999999994,2.2763999999999998,74.6,2,2,0,9,0,0.8,4,1,0,0,0,0,0,0,0,0
SML0412,I,230.30399999999995,3.0566000000000013,74.6,2,2,0,11,0,0.8333333333333334,4,1,0,0,0,0,0,0,0,0
SML0413,I,214.34899999999993,3.6019000000000023,18.46,0,2,0,5,1,1.0,2,0,0,0,0,0,1,0,0,0
SML0414,I,186.295,2.820100000000001,18.46,0,2,0,1,1,1.0,2,0,0,0,0,0,1,0,0,0
SML0415,I,130.231,2.1951000000000005,20.23,1,1,0,5,0,1.0,1,0,0,0,0,1,0,0,0,0
SML0416,I,130.231,2.3376000000000006,20.23,1,1,0,5,0,1.0,1,0,0,0,0,1,0,0,0,0
SML0417,I,130.231,2.3376000000000006,20.23,1,1,0,5,0,1.0,1,0,0,0,0,1,0,0,0,0
SML0418,I,130.231,2.3376000000000006,20.23,1,1,0,5,0,1.0,1,0,0,0,0,1,0,0,0,0
SML0419,I,144.258,2.727700000000002,20.23,1,1,0,6,0,1.0,1,0,0,0,0,1,0,0,0,0
SML0420,I,156.26899999999998,2.4395000000000007,20.23,1,1,0,1,1,1.0,1,0,0,0,0,1,0,0,0,0
SML0421,I,150.22099999999998,2.8240200000000013,20.23,1,1,1,1,1,0.4,1,0,0,0,0,1,0,1,0,0
SML0422,I,148.16099999999997,1.7844,37.3,1,1,1,2,1,0.0,2,1,0,0,0,0,0,1,0,0
SML0423,I,128.21499999999997,2.5458000000000007,17.07,0,1,0,5,0,0.875,1,0,0,0,1,0,0,0,0,0
SML0424,I,128.21499999999997,2.5458000000000007,17.07,0,1,0,5,0,0.875,1,0,0,0,1,0,0,0,0,0
SML0425,I,142.242,2.935900000000001,17.07,0,1,0,6,0,0.8888888888888888,1,0,0,0,1,0,0,0,0,0
SML0426,I,156.269,3.3260000000000023,17.07,0,1,0,7,0,0.9,1,0,0,0,1,0,0,0,0,0
SML0427,I,184.32299999999998,4.106200000000004,17.07,0,1,0,9,0,0.9166666666666666,1,0,0,0,1,0,0,0,0,0
SML0428,I,126.199,2.3218000000000005,17.07,0,1,0,3,0,0.625,1,0,0,0,1,0,0,0,0,0
SML0429,II,192.21399999999997,1.9368999999999996,35.53,0,3,1,3,2,0.36363636363636365,3,0,0,0,1,0,1,1,0,0
SML0430,II,152.237,2.401700000000001,17.07,0,1,0,0,2,0.9,1,0,0,0,1,0,0,0,0,0
SML0431,I,158.24099999999999,2.5199000000000007,26.3,0,2,0,6,0,0.8888888888888888,2,0,1,0,0,0,1,0,0,0
SML0432,I,186.295,3.3001000000000023,26.3,0,2,0,8,0,0.9090909090909091,2,0,1,0,0,0,1,0,0,0
SML0433,I,130.18699999999998,1.7397,26.3,0,2,0,4,0,0.8571428571428571,2,0,1,0,0,0,1,0,0,0
SML0434,I,144.214,2.1298000000000004,26.3,0,2,0,5,0,0.875,2,0,1,0,0,0,1,0,0,0
SML0435,I,172.268,2.910000000000001,26.3,0,2,0,7,0,0.9,2,0,1,0,0,0,1,0,0,0
SML0436,I,118.201,1.6761,17.07,0,2,0,2,0,0.8,2,0,0,0,0,0,0,0,0,1
SML0437,I,85.131,1.1430999999999998,12.89,0,2,1,0,1,0.0,2,0,0,0,0,0,0,0,0,1
SML0438,II,135.19099999999997,2.2963000000000005,12.89,0,2,2,0,2,0.0,2,0,0,0,0,0,0,1,0,1
SML0439,II,117.15099999999997,2.1678999999999995,15.79,1,0,2,0,2,0.0,1,0,0,0,0,0,0,1,0,0
SML0440,II,162.18799999999993,2.1437999999999997,18.46,0,2,1,2,2,0.2,2,0,0,0,0,0,1,1,0,0
SML0441,I,106.12399999999997,1.4990999999999999,17.07,0,1,1,1,1,0.0,1,0,0,1,0,0,0,1,0,0
SML0442,I,154.253,2.9579000000000013,17.07,0,1,0,5,0,0.7,1,0,0,1,0,0,0,0,0,0
SML0443,I,226.31599999999995,2.725100000000001,43.370000000000005,0,3,0,6,1,0.8461538461538461,3,0,1,0,1,0,1,0,0,0
SML0444,II,126.19899999999997,2.3218000000000005,17.07,0,1,0,5,0,0.625,1,0,0,1,0,0,0,0,0,0
SML0445,II,124.18299999999996,2.0978,17.07,0,1,0,4,0,0.375,1,0,0,1,0,0,0,0,0,0
SML0446,I,168.27999999999997,3.2039000000000017,17.07,0,1,0,5,0,0.7272727272727273,1,0,0,1,0,0,0,0,0,0
SML0447,I,152.237,2.401700000000001,17.07,0,1,0,0,2,0.9,1,0,0,0,1,0,0,0,0,0
SML0448,II,154.253,2.7677000000000014,9.23,0,1,0,1,1,0.8,1,0,0,0,0,0,1,0,0,0
SML0449,II,152.237,2.401700000000001,17.07,0,1,0,0,2,0.9,1,0,0,0,1,0,0,0,0,0
SML0450,I,122.16699999999996,1.7399,20.23,1,1,1,1,1,0.25,1,0,0,0,0,1,0,1,0,0
SML0451,I,164.20399999999995,2.2647999999999997,37.3,1,1,1,3,1,0.3,2,1,0,0,0,0,0,1,0,0
SML0452,I,164.20399999999995,2.2647999999999997,37.3,1,1,1,3,1,0.3,2,1,0,0,0,0,0,1,0,0
SML0453,II,100.16099999999999,1.7656,17.07,0,1,0,3,0,0.8333333333333334,1,0,0,0,1,0,0,0,0,0
SML0454,I,74.12299999999999,0.7771999999999999,20.23,1,1,0,1,0,1.0,1,0,0,0,0,1,0,0,0,0
SML0455,I,116.20399999999998,1.9475000000000002,20.23,1,1,0,4,0,1.0,1,0,0,0,0,1,0,0,0,0
SML0456,I,130.231,2.3376000000000006,20.23,1,1,0,4,0,1.0,1,0,0,0,0,1,0,0,0,0
SML0457,II,130.231,2.3376000000000006,20.23,1,1,0,5,0,1.0,1,0,0,0,0,1,0,0,0,0
SML0458,I,74.12299999999999,0.7771999999999999,20.23,1,1,0,1,0,1.0,1,0,0,0,0,1,0,0,0,0
SML0459,I,116.20399999999998,1.9475000000000002,20.23,1,1,0,4,0,1.0,1,0,0,0,0,1,0,0,0,0
SML0460,II,122.16699999999996,1.7399,20.23,1,1,1,1,1,0.25,1,0,0,0,0,1,0,1,0,0
SML0461,I,88.106,0.5694,26.3,0,2,0,1,0,0.75,2,0,1,0,0,0,1,0,0,0
SML0462,I,130.18699999999998,1.7381,26.3,0,2,0,1,0,0.8571428571428571,2,0,1,0,0,0,1,0,0,0
SML0463,I,130.18699999999998,1.7397,26.3,0,2,0,4,0,0.8571428571428571,2,0,1,0,0,0,1,0,0,0
SML0464,I,73.139,0.6011000000000001,26.02,1,1,0,1,0,1.0,1,0,0,0,0,0,0,0,1,0
SML0465,II,122.16699999999996,2.0853,9.23,0,1,1,2,1,0.25,1,0,0,0,0,0,1,1,0,0
SML0466,II,88.14999999999999,1.4329,9.23,0,1,0,3,0,1.0,1,0,0,0,0,0,1,0,0,0
SML0467,II,152.23699999999997,2.711900000000001,17.07,0,1,0,0,1,0.7,1,0,0,0,1,0,0,0,0,0
SML0468,I,87.16600000000001,0.9912000000000001,26.02,1,1,0,2,0,1.0,1,0,0,0,0,0,0,0,1,0
SML0469,I,114.14399999999999,1.1019999999999999,26.3,0,2,0,1,1,0.8333333333333334,2,0,1,0,0,0,1,0,0,0
SML0470,I,112.216,3.142800000000002,0.0,0,0,0,5,0,0.75,0,0,0,0,0,0,0,0,0,0
SML0471,I,170.25199999999998,2.686000000000001,26.3,0,2,0,7,0,0.7,2,0,1,0,0,0,1,0,0,0
SML0472,II,202.297,3.8492000000000033,17.07,0,1,1,6,1,0.35714285714285715,1,0,0,1,0,0,0,1,0,0
SML0473,I,186.29499999999993,3.3001000000000023,26.3,0,2,0,8,0,0.9090909090909091,2,0,1,0,0,0,1,0,0,0
SML0474,II,150.177,1.7496999999999998,26.3,0,2,1,2,1,0.2222222222222222,2,0,1,0,0,0,1,1,0,0
SML0475,I,228.24699999999999,2.7492000000000014,46.53,1,3,2,3,2,0.07142857142857142,3,0,1,0,0,1,1,1,0,0
SML0476,I,186.29499999999996,3.3001000000000023,26.3,0,2,0,8,0,0.9090909090909091,2,0,1,0,0,0,1,0,0,0
SML0477,II,152.237,2.401700000000001,17.07,0,1,0,0,2,0.9,1,0,0,0,1,0,0,0,0,0
SML0478,II,264.409,4.180600000000004,26.3,0,2,0,1,3,0.9411764705882353,2,0,1,0,0,0,1,0,0,0
SML0479,II,156.26899999999998,2.751300000000001,20.23,1,1,0,5,0,0.8,1,0,0,0,0,1,0,0,0,0
SML0480,II,186.295,3.1560000000000015,26.3,0,2,0,7,0,0.9090909090909091,2,0,1,0,0,0,1,0,0,0
SML0481,II,216.324,4.239300000000004,17.07,0,1,1,7,1,0.4,1,0,0,1,0,0,0,1,0,0
SML0482,I,196.29,2.7643000000000013,26.3,0,2,0,1,2,0.9166666666666666,2,0,1,0,0,0,1,0,0,0
SML0483,I,178.231,2.55642,26.3,0,2,1,2,1,0.36363636363636365,2,0,1,0,0,0,1,1,0,0
SML0484,I,178.231,2.556420000000001,26.3,0,2,1,2,1,0.36363636363636365,2,0,1,0,0,0,1,1,0,0
SML0485,I,226.275,3.1431200000000015,26.3,0,2,2,3,2,0.13333333333333333,2,0,1,0,0,0,1,1,0,0
SML0486,I,124.14299999999999,0.7936199999999999,35.010000000000005,0,3,1,1,1,0.3333333333333333,3,0,0,0,0,0,1,0,0,0
SML0487,I,128.171,1.5157,26.3,0,2,0,2,0,0.5714285714285714,2,0,1,0,0,0,1,0,0,0
SML0488,II,101.193,1.3481,3.24,0,1,0,3,0,1.0,1,0,0,0,0,0,0,0,1,0
SML0489,I,72.107,0.9854,17.07,0,1,0,2,0,0.75,1,0,0,1,0,0,0,0,0,0
SML0490,I,225.11499999999995,3.2479000000000022,34.14,0,2,0,8,0,0.7777777777777778,4,0,0,0,0,0,0,0,0,0
SML0491,I,168.14799999999997,1.099,66.76,2,3,1,2,1,0.125,4,1,0,0,0,1,1,1,0,0
SML0492,II,122.16699999999996,1.9545999999999997,20.23,1,1,1,1,1,0.25,1,0,0,0,0,1,0,1,0,0
SML0493,II,152.14899999999997,0.9076,38.69,1,3,1,1,2,0.25,3,0,0,0,0,1,1,1,0,0
SML0494,II,162.14399999999998,1.4985999999999995,50.44,1,3,2,0,2,0.0,3,0,0,0,0,1,0,1,0,0
SML0495,II,152.23699999999997,2.567800000000001,17.07,0,1,0,1,1,0.7,1,0,0,0,1,0,0,0,0,0
SML0496,I,134.134,1.1481,26.3,0,2,1,0,2,0.125,2,0,1,0,0,0,1,1,0,0
SML0497,I,114.14399999999998,0.9446,34.14,0,2,0,3,0,0.6666666666666666,2,0,0,0,1,0,0,0,0,0
SML0498,I,114.18799999999999,2.1557000000000004,17.07,0,1,0,4,0,0.8571428571428571,1,0,0,0,1,0,0,0,0,0
SML0499,I,114.14399999999999,0.9446,34.14,0,2,0,3,0,0.6666666666666666,2,0,0,0,1,0,0,0,0,0
SML0500,II,148.16099999999994,1.6518,26.3,0,2,1,0,2,0.2222222222222222,2,0,0,0,1,0,1,1,0,0
SML0501,II,118.17899999999995,2.4151000000000007,0.0,0,0,1,2,1,0.1111111111111111,0,0,0,0,0,0,0,1,0,0
SML0502,I,216.27699999999993,2.0615,52.6,0,4,0,7,0,0.8181818181818182,4,0,1,0,0,0,1,0,0,0
SML0503,I,102.13299999999998,0.9595,26.3,0,2,0,4,0,0.8,2,0,1,0,0,0,1,0,0,0
SML0504,II,160.32600000000002,3.6668000000000034,0.0,1,1,0,7,0,1.0,1,0,0,0,0,0,0,0,0,1
SML0505,I,136.14999999999998,1.6118999999999999,26.3,0,2,1,1,1,0.125,2,0,1,0,0,0,1,1,0,0
SML0506,I,154.253,3.102000000000002,17.07,0,1,0,7,0,0.7,1,0,0,1,0,0,0,0,0,0
SML0507,I,196.29,2.7643000000000013,26.3,0,2,0,1,2,0.9166666666666666,2,0,1,0,0,0,1,0,0,0
SML0508,I,184.23499999999999,2.3833,27.69,0,3,0,1,2,0.8,3,0,0,0,0,0,1,0,0,0
SML0509,I,116.15999999999998,1.5072,37.3,1,1,0,3,0,0.8333333333333334,2,1,0,0,0,0,0,0,0,0
SML0510,I,116.15999999999998,1.5072,37.3,1,1,0,3,0,0.8333333333333334,2,1,0,0,0,0,0,0,0,0
SML0511,I,192.12300000000002,-1.2485,132.13,4,4,0,5,0,0.5,7,1,0,0,0,1,0,0,0,0
SML0512,I,122.12299999999996,1.3848,37.3,1,1,1,1,1,0.0,2,1,0,0,0,0,0,1,0,0
SML0513,II,190.19799999999998,2.0174999999999996,35.53,0,3,1,2,2,0.18181818181818182,3,0,0,0,1,0,1,1,0,0
SML0514,I,182.17499999999998,1.2218999999999998,55.76,1,4,1,3,1,0.2222222222222222,4,0,0,1,0,1,1,1,0,0
SML0515,II,192.25799999999995,2.822400000000001,18.46,0,2,1,5,1,0.3333333333333333,2,0,0,0,0,0,1,1,0,0
SML0516,II,168.27999999999997,3.4921000000000024,17.07,0,1,0,8,0,0.7272727272727273,1,0,0,1,0,0,0,0,0,0
SML0517,I,168.27999999999997,3.4921000000000024,17.07,0,1,0,8,0,0.7272727272727273,1,0,0,1,0,0,0,0,0,0
SML0518,I,140.22599999999997,2.711900000000001,17.07,0,1,0,6,0,0.6666666666666666,1,0,0,1,0,0,0,0,0,0
SML0519,II,136.238,2.9987000000000013,0.0,0,0,0,0,2,0.8,0,0,0,0,0,0,0,0,0,0
SML0520,II,154.25299999999996,2.3596000000000004,20.23,1,1,0,1,1,0.8,1,0,0,0,0,1,0,0,0,0
SML0521,II,152.237,2.520100000000001,12.53,0,1,0,1,2,0.8,1,0,0,0,0,0,1,0,0,0
SML0522,I,150.221,2.4879000000000007,17.07,0,1,0,2,1,0.5,1,0,0,1,0,0,0,0,0,0
SML0523,II,136.238,2.9987000000000013,0.0,0,0,0,0,2,0.8,0,0,0,0,0,0,0,0,0,0
SML0524,II,154.25299999999996,2.3596000000000004,20.23,1,1,0,1,1,0.8,1,0,0,0,0,1,0,0,0,0
SML0525,II,152.237,2.520100000000001,12.53,0,1,0,1,2,0.8,1,0,0,0,0,0,1,0,0,0
SML0526,I,150.221,2.4879000000000007,17.07,0,1,0,2,1,0.5,1,0,0,1,0,0,0,0,0,0
SML0527,II,90.191,1.7593999999999999,0.0,0,1,0,2,0,1.0,1,0,0,0,0,0,0,0,0,1
SML0528,I,160.25699999999998,1.7016999999999998,40.46,2,2,0,8,0,1.0,2,0,0,0,0,1,0,0,0,0
SML0529,I,173.00899999999996,2.1547000000000005,20.23,1,1,1,0,1,0.0,2,0,0,0,0,1,0,1,0,0
SML0530,I,86.134,1.1869,9.23,0,1,0,0,1,1.0,1,0,0,0,0,0,1,0,0,0
SML0531,II,248.36599999999999,4.269200000000004,18.46,0,2,1,8,1,0.5,2,0,0,0,0,0,1,1,0,0
SML0532,II,152.19299999999996,1.978,18.46,0,2,1,3,1,0.3333333333333333,2,0,0,0,0,0,1,1,0,0
SML0533,I,176.259,3.0412000000000017,17.07,0,1,1,1,1,0.4166666666666667,1,0,0,1,0,0,0,1,0,0
SML0534,II,192.30199999999996,3.6582000000000026,17.07,0,1,0,2,1,0.6153846153846154,1,0,0,0,1,0,0,0,0,0
SML0535,II,226.322,4.288840000000002,26.28,0,4,2,3,2,0.2,4,0,0,0,0,0,0,0,0,1
SML0536,II,178.18699999999995,1.3353199999999996,35.53,0,3,1,0,2,0.3,3,0,0,0,1,0,1,1,0,0
SML0537,I,264.409,4.180600000000004,26.3,0,2,0,1,3,0.9411764705882353,2,0,1,0,0,0,1,0,0,0
SML0538,I,140.226,2.711900000000001,17.07,0,1,0,6,0,0.6666666666666666,1,0,0,1,0,0,0,0,0,0
SML0539,I,100.11699999999999,0.8711,37.3,1,1,0,1,1,0.8,2,1,0,0,0,0,0,0,0,0
SML0540,I,156.269,2.893800000000002,20.23,1,1,0,5,0,0.8,1,0,0,0,0,1,0,0,0,0
SML0541,II,165.19199999999998,1.5149,38.33,1,3,1,2,1,0.2222222222222222,3,0,1,0,0,0,1,1,1,0
SML0542,I,204.35699999999997,5.201500000000005,0.0,0,0,0,7,0,0.4666666666666667,0,0,0,0,0,0,0,0,0,0
SML0543,I,144.21399999999997,1.9857,26.3,0,2,0,4,0,0.875,2,0,1,0,0,0,1,0,0,0
SML0544,I,122.258,2.4076000000000004,0.0,0,2,0,3,0,1.0,2,0,0,0,0,0,0,0,0,1
SML0545,II,140.13799999999998,0.9077999999999999,50.44,1,3,1,1,1,0.2857142857142857,3,0,0,0,0,1,0,0,0,0
SML0546,II,234.38299999999992,4.518300000000004,17.07,0,1,0,1,2,0.8125,1,0,0,0,1,0,0,0,0,0
SML0547,I,200.32199999999997,3.6902000000000026,26.3,0,2,0,9,0,0.9166666666666666,2,0,1,0,0,0,1,0,0,0
SML0548,II,224.34399999999994,3.878300000000003,26.3,0,2,0,6,0,0.6428571428571429,2,0,1,0,0,0,1,0,0,0
SML0549,I,158.241,2.5199000000000007,26.3,0,2,0,8,0,0.8888888888888888,2,0,1,0,0,0,1,0,0,0
SML0550,I,144.21399999999997,2.1298000000000004,26.3,0,2,0,5,0,0.875,2,0,1,0,0,0,1,0,0,0
SML0551,II,194.18599999999998,1.4783999999999997,44.760000000000005,0,4,1,2,2,0.3,4,0,1,0,0,0,1,1,0,0
SML0552,I,72.107,0.7968,9.23,0,1,0,0,1,1.0,1,0,0,0,0,0,1,0,0,0
SML0553,II,182.30700000000002,3.8822000000000028,17.07,0,1,0,9,0,0.75,1,0,0,1,0,0,0,0,0,0
SML0554,I,84.11799999999998,1.1515,17.07,0,1,0,1,0,0.4,1,0,0,1,0,0,0,0,0,0
SML0555,I,167.002,1.2461,37.3,1,1,0,3,0,0.75,3,1,0,0,0,0,0,0,0,0
SML0556,I,181.02899999999997,1.6362,37.3,1,1,0,4,0,0.8,3,1,0,0,0,0,0,0,0,0
SML0557,I,178.23099999999997,2.0726999999999998,26.3,0,2,1,4,1,0.36363636363636365,2,0,0,1,0,0,1,1,0,0
SML0558,I,192.25799999999995,2.5618000000000007,26.3,0,2,1,3,1,0.4166666666666667,2,0,0,1,0,0,1,1,0,0
SML0559,I,134.17799999999997,1.8181,17.07,0,1,1,3,1,0.2222222222222222,1,0,0,1,0,0,0,1,0,0
SML0560,I,148.20499999999998,2.2081999999999997,17.07,0,1,1,4,1,0.3,1,0,0,1,0,0,0,1,0,0
SML0561,II,150.22099999999998,2.1725000000000003,20.23,1,1,1,3,1,0.4,1,0,0,0,0,1,0,1,0,0
SML0562,II,120.19499999999995,2.8100000000000014,0.0,0,0,1,1,1,0.3333333333333333,0,0,0,0,0,0,0,1,0,0
SML0563,I,162.23199999999997,2.598300000000001,17.07,0,1,1,5,1,0.36363636363636365,1,0,0,1,0,0,0,1,0,0
SML0564,II,154.253,2.6477000000000013,17.07,0,1,0,1,1,0.9,1,0,0,0,1,0,0,0,0,0
SML0565,II,152.23699999999997,2.2797,20.23,1,1,0,1,1,0.6,1,0,0,0,0,1,0,0,0,0
SML0566,I,114.14399999999999,0.8005,34.14,0,2,0,2,0,0.6666666666666666,2,0,0,0,1,0,0,0,0,0
SML0567,I,142.19799999999998,1.5807,34.14,0,2,0,4,0,0.75,2,0,0,0,1,0,0,0,0,0
SML0568,I,142.19799999999998,1.7247999999999999,34.14,0,2,0,5,0,0.75,2,0,0,0,1,0,0,0,0,0
SML0569,I,156.225,2.1149,34.14,0,2,0,6,0,0.7777777777777778,2,0,0,0,1,0,0,0,0,0
SML0570,II,190.28599999999994,3.1875000000000018,17.07,0,1,1,4,1,0.46153846153846156,1,0,0,1,0,0,0,1,0,0
SML0571,II,190.28599999999997,3.0166000000000013,17.07,0,1,1,4,1,0.46153846153846156,1,0,0,1,0,0,0,1,0,0
SML0572,II,136.19399999999996,2.1300000000000003,20.23,1,1,1,2,1,0.3333333333333333,1,0,0,0,0,1,0,1,0,0
SML0573,I,166.176,1.3681999999999999,35.53,0,3,1,4,1,0.2222222222222222,3,0,1,0,0,0,1,1,0,0
SML0574,I,184.323,3.962100000000003,17.07,0,1,0,9,0,0.9166666666666666,1,0,0,1,0,0,0,0,0,0
SML0575,I,146.18899999999996,2.2888,17.07,0,1,1,2,1,0.1,1,0,0,1,0,0,0,1,0,0
SML0576,II,152.237,2.567800000000001,17.07,0,1,0,1,1,0.7,1,0,0,0,1,0,0,0,0,0
SML0577,I,176.25899999999996,2.8443000000000014,17.07,0,1,1,5,1,0.4166666666666667,1,0,0,1,0,0,0,1,0,0
SML0578,I,148.20499999999996,2.0641,17.07,0,1,1,3,1,0.3,1,0,0,1,0,0,0,1,0,0
SML0579,I,162.232,2.3725200000000006,17.07,0,1,1,3,1,0.36363636363636365,1,0,0,1,0,0,0,1,0,0
SML0580,II,196.20199999999997,1.50962,56.51,0,4,1,2,1,0.4,4,0,1,0,0,0,1,0,0,0
SML0581,II,174.19599999999997,0.7025999999999999,44.760000000000005,0,4,0,3,1,0.875,4,0,1,0,0,0,1,0,0,0
SML0582,I,214.30499999999995,2.5349000000000004,35.53,0,3,0,5,1,0.9166666666666666,3,0,1,0,0,0,1,0,0,0
SML0583,I,186.25099999999998,1.7783000000000002,35.53,0,3,0,7,0,0.7,3,0,1,0,0,0,1,0,0,0
SML0584,I,196.29,3.2406000000000024,26.3,0,2,0,5,0,0.5833333333333334,2,0,1,0,0,0,1,0,0,0
SML0585,I,194.27399999999997,1.8825,26.3,0,2,0,2,3,0.9166666666666666,2,0,0,1,0,0,1,0,0,0
SML0586,II,204.313,3.676600000000003,17.07,0,1,1,3,1,0.5,1,0,0,1,0,0,0,1,0,0
SML0587,I,150.22099999999998,2.8240200000000013,20.23,1,1,1,1,1,0.4,1,0,0,0,0,1,0,1,0,0
SML0588,I,170.296,3.2839000000000023,20.23,1,1,0,6,0,0.8181818181818182,1,0,0,0,0,1,0,0,0,0
SML0589,I,228.37599999999995,3.380400000000003,29.46,1,2,0,5,1,1.0,2,0,0,0,0,1,1,0,0,0
SML0590,I,144.258,2.583600000000001,20.23,1,1,0,4,0,1.0,1,0,0,0,0,1,0,0,0,0
SML0591,II,206.32899999999992,3.904200000000003,17.07,0,1,0,3,1,0.6428571428571429,1,0,0,0,1,0,0,0,0,0
SML0592,II,192.30199999999996,3.5141000000000027,17.07,0,1,0,2,1,0.6153846153846154,1,0,0,0,1,0,0,0,0,0
SML0593,I,244.33099999999996,3.189300000000002,52.6,0,4,0,9,0,0.8461538461538461,4,0,1,0,0,0,1,0,0,0
SML0594,II,176.25900000000001,2.7531000000000008,9.23,0,1,1,1,2,0.5,1,0,0,0,0,0,1,1,0,0
SML0595,II,122.16699999999999,2.0036199999999997,9.23,0,1,1,1,1,0.25,1,0,0,0,0,0,1,1,0,0
SML0596,II,164.248,3.022100000000002,17.07,0,1,0,3,1,0.5454545454545454,1,0,0,0,1,0,0,0,0,0
SML0597,I,182.17499999999995,1.1874,55.760000000000005,1,4,1,2,1,0.2222222222222222,4,0,1,0,0,1,1,1,0,0
SML0598,II,178.23099999999997,2.736900000000001,18.46,0,2,1,3,1,0.2727272727272727,2,0,0,0,0,0,1,1,0,0
SML0599,II,236.39899999999992,5.1966000000000045,17.07,0,1,0,0,1,0.8125,1,0,0,0,1,0,0,0,0,0
SML0600,II,208.34499999999997,3.6976000000000027,20.23,1,1,0,4,1,0.7142857142857143,1,0,0,0,0,1,0,0,0,0
SML0601,II,236.39899999999992,5.052500000000005,17.07,0,1,0,0,1,0.8125,1,0,0,0,1,0,0,0,0,0
SML0602,I,160.17299999999997,-1.0770999999999993,92.42,3,3,0,3,0,0.6666666666666666,5,1,0,0,0,0,0,0,1,0
SML0603,I,264.281,0.9723999999999999,84.5,2,4,1,7,1,0.3076923076923077,6,0,0,0,1,0,1,1,0,0
SML0604,I,264.32099999999997,2.9575400000000003,66.76,2,3,1,3,2,0.5333333333333333,4,1,0,0,0,1,1,1,0,0
SML0605,I,104.06099999999998,-1.3676,74.60000000000001,2,3,0,2,0,0.3333333333333333,4,1,0,0,1,1,0,0,0,0
SML0606,I,329.20900000000006,-0.8174000000000001,154.84000000000003,3,10,2,2,4,0.5,12,0,0,0,0,1,1,0,1,0
SML0607,II,296.451,4.339700000000004,35.53,0,3,0,6,2,0.9444444444444444,3,0,1,0,0,0,1,0,0,0
SML0608,I,106.07699999999997,-1.5757999999999999,77.76,3,3,0,2,0,0.6666666666666666,4,1,0,0,0,1,0,0,0,0
SML0609,I,302.41400000000004,3.0598000000000023,54.370000000000005,1,3,0,1,4,0.7894736842105263,3,0,0,0,1,1,0,0,0,0
SML0610,I,288.431,4.167300000000004,34.14,0,2,0,0,4,0.8947368421052632,2,0,0,0,1,0,0,0,0,0
SML0611,I,189.167,-0.5594999999999994,103.7,3,3,0,5,0,0.5714285714285714,6,1,0,0,0,0,0,0,0,0
SML0612,I,342.297,-5.5545999999999935,197.36999999999998,8,11,0,8,1,0.9166666666666666,11,0,0,1,0,1,1,0,0,0
SML0613,I,1060.2279999999994,-3.9884000000000217,418.77999999999986,12,13,2,27,5,0.54,26,1,0,0,0,1,0,1,1,0
SML0614,I,98.105,0.011419999999999875,48.65,2,1,1,0,1,0.25,3,0,0,0,0,0,0,0,0,0
SML0615,I,271.248,3.203300000000002,92.22000000000001,4,4,3,1,3,0.0,5,0,0,0,0,1,0,1,0,0
SML0616,I,75.06700000000001,-0.9702999999999999,63.31999999999999,2,2,0,1,0,0.5,3,1,0,0,0,0,0,0,1,0
SML0617,I,146.09799999999998,-0.49509999999999993,91.67,2,3,0,4,0,0.4,5,1,0,0,1,0,0,0,0,0
SML0618,I,60.05599999999999,-0.9762,69.11,2,1,0,0,0,0.0,3,0,0,0,0,0,0,0,0,0
SML0619,I,141.17399999999998,-0.7282000000000002,74.92999999999999,3,3,1,3,1,0.5,4,0,0,0,0,1,0,0,1,0
SML0620,I,167.12800000000001,-1.4783000000000008,120.41999999999999,4,4,2,0,2,0.0,7,0,0,0,0,0,0,0,1,0
SML0621,II,85.106,-0.10360000000000008,29.1,1,1,0,0,1,0.75,2,0,0,0,0,0,0,0,0,0
SML0622,I,288.43100000000004,3.8792000000000035,37.3,1,2,0,0,4,0.8421052631578947,2,0,0,0,1,1,0,0,0,0
SML0623,I,288.387,2.5800000000000023,60.69,3,3,1,0,4,0.6666666666666666,3,0,0,0,0,1,0,1,0,0
SML0624,I,372.41700000000003,3.2087000000000026,93.06000000000002,2,6,2,10,2,0.3333333333333333,6,0,0,0,1,1,1,1,0,0
SML0625,I,264.28099999999995,0.06400000000000056,109.49,3,3,1,7,1,0.3076923076923077,6,1,0,0,0,0,0,1,0,0
SML0626,II,288.43100000000004,3.8792000000000035,37.3,1,2,0,0,4,0.8421052631578947,2,0,0,0,1,1,0,0,0,0
SML0627,I,327.553,5.356400000000005,49.33,2,2,0,18,0,0.95,3,0,0,0,0,1,0,0,0,0
SML0628,I,286.41499999999996,4.087400000000003,34.14,0,2,0,0,4,0.7894736842105263,2,0,0,0,1,0,0,0,0,0
SML0629,I,299.499,4.576200000000004,49.33,2,2,0,16,0,0.9444444444444444,3,0,0,0,0,1,0,0,0,0
SML0630,I,342.297,-5.397199999999994,189.52999999999997,8,11,0,4,2,1.0,11,0,0,0,0,1,1,0,0,0
SML0631,I,288.212,-3.1536999999999984,162.08,5,8,1,3,2,0.5,10,1,0,0,0,1,1,0,0,0
SML0632,I,151.165,1.3505999999999998,49.33,2,2,1,1,1,0.125,3,0,0,0,0,1,0,1,0,0
SML0633,II,304.47400000000005,6.216700000000006,37.3,1,1,0,14,0,0.55,2,1,0,0,0,0,0,0,0,0
SML0634,I,296.45099999999996,5.095700000000004,49.83,1,2,0,14,1,0.8333333333333334,3,1,0,0,0,0,1,0,0,0
SML0635,I,300.44200000000006,5.602600000000005,37.3,1,1,0,5,1,0.45,2,1,0,0,0,0,0,0,0,0
SML0636,I,253.254,0.5325999999999995,95.86,3,4,1,5,1,0.3333333333333333,6,1,0,0,0,1,1,1,0,0
SML0637,I,274.404,3.4891000000000023,37.3,1,2,0,0,4,0.8333333333333334,2,0,0,0,1,1,0,0,0,0
SML0638,I,187.28699999999995,-0.1588999999999986,67.15,3,3,0,8,0,0.8888888888888888,4,0,0,0,0,0,0,0,1,0
SML0639,I,90.07799999999999,-1.4615,57.53,2,3,0,2,0,0.6666666666666666,3,0,0,1,0,1,0,0,0,0
SML0640,I,188.231,-1.157999999999998,127.72,4,3,0,6,0,0.7142857142857143,6,1,0,0,0,0,0,0,1,0
SML0641,I,187.28699999999998,-0.1588999999999986,67.15,3,3,0,8,0,0.8888888888888888,4,0,0,0,0,0,0,0,1,0
SML0642,I,145.15800000000002,-0.012699999999999989,66.4,2,2,0,4,0,0.6666666666666666,4,1,0,0,0,0,0,0,0,0
SML0643,I,104.10900000000001,-1.6429999999999998,89.33999999999999,3,3,0,2,0,0.6666666666666666,4,1,0,0,0,0,0,0,1,0
SML0644,I,202.25799999999998,-0.9451999999999972,104.94,3,3,0,5,0,0.75,6,1,0,0,0,0,0,0,1,0
SML0645,I,132.119,-0.8705999999999992,92.42,3,2,0,3,0,0.5,5,1,0,0,0,0,0,0,0,0
SML0646,I,146.14600000000002,-0.6245999999999992,92.42,3,2,0,3,0,0.6,5,1,0,0,0,0,0,0,0,0
SML0647,I,130.191,-0.13859999999999972,55.120000000000005,2,2,0,4,0,0.8333333333333334,3,0,0,0,0,0,0,0,1,0
SML0648,I,205.34799999999993,2.1858,43.09,1,3,0,5,1,0.875,4,0,0,0,0,0,0,0,0,1
SML0649,I,111.14800000000001,-0.08910000000000007,54.7,2,2,1,2,1,0.4,3,0,0,0,0,0,0,0,1,0
SML0650,I,74.079,-0.43229999999999996,37.3,1,2,0,1,0,0.6666666666666666,2,0,0,0,1,1,0,0,0,0
SML0651,I,183.20699999999997,0.39289999999999986,75.71000000000001,3,4,1,3,1,0.3333333333333333,4,0,0,0,0,1,1,1,1,0
SML0652,II,278.308,3.7703200000000034,86.28,0,4,1,2,2,0.5714285714285714,6,0,0,0,0,0,0,1,1,0
SML0653,II,268.269,3.1175200000000025,95.51,0,5,1,3,1,0.5,7,0,0,0,0,0,1,1,1,0
SML0654,I,264.40899999999993,4.6585000000000045,26.3,0,2,0,6,1,0.7058823529411765,2,0,1,0,0,0,1,0,0,0
SML0655,I,158.285,2.9737000000000022,20.23,1,1,0,5,0,1.0,1,0,0,0,0,1,0,0,0,0
SML0656,II,268.397,3.7256000000000027,35.53,0,3,0,7,1,0.8125,3,0,1,0,0,0,1,0,0,0
SML0657,II,244.37799999999996,4.4025200000000035,17.07,0,1,1,1,2,0.5882352941176471,1,0,0,0,1,0,0,1,0,0
SML0658,II,258.405,4.864520000000005,17.07,0,1,1,2,2,0.6111111111111112,1,0,0,0,1,0,0,1,0,0
SML0659,II,234.38299999999995,4.326500000000004,12.53,0,1,0,0,3,0.875,1,0,0,0,0,0,1,0,0,0
SML0660,II,362.37800000000016,1.1685999999999999,94.59,1,7,0,2,5,0.5789473684210527,7,0,1,0,0,1,1,0,0,0
SML0661,I,254.4139999999999,5.004600000000005,26.3,0,2,0,0,1,0.9375,2,0,1,0,0,0,1,0,0,0
SML0662,II,222.37199999999996,4.806500000000004,17.07,0,1,0,0,1,0.8,1,0,0,0,1,0,0,0,0,0
SML0663,I,256.3859999999999,3.850900000000003,35.53,0,3,0,0,1,0.9333333333333333,3,0,1,0,0,0,1,0,0,0
SML0664,II,236.39899999999994,5.196600000000005,17.07,0,1,0,0,1,0.8125,1,0,0,0,1,0,0,0,0,0
SML0665,II,250.4259999999999,5.586700000000006,17.07,0,1,0,0,1,0.8235294117647058,1,0,0,0,1,0,0,0,0,0
SML0666,I,256.3419999999999,2.987400000000002,52.6,0,4,0,0,1,0.8571428571428571,4,0,1,0,0,0,1,0,0,0
SML0667,II,256.3859999999999,3.850900000000003,35.53,0,3,0,0,1,0.9333333333333333,3,0,1,0,0,0,1,0,0,0
SML0668,II,238.37099999999992,4.246400000000004,26.3,0,2,0,0,1,0.8,2,0,1,0,0,0,1,0,0,0
SML0669,II,252.3979999999999,4.780600000000004,26.3,0,2,0,0,1,0.8125,2,0,1,0,0,0,1,0,0,0
SML0670,II,256.3859999999999,3.850900000000003,35.53,0,3,0,0,1,0.9333333333333333,3,0,1,0,0,0,1,0,0,0
SML0671,I,156.269,2.7497000000000016,20.23,1,1,0,5,0,0.8,1,0,0,0,0,1,0,0,0,0
SML0672,I,226.31599999999995,2.725100000000001,43.370000000000005,0,3,0,6,1,0.8461538461538461,3,0,1,0,1,0,1,0,0,0
SML0673,I,154.253,2.6698000000000017,20.23,1,1,0,5,0,0.6,1,0,0,0,0,1,0,0,0,0
SML0674,I,170.296,3.117800000000002,20.23,1,1,0,3,1,1.0,1,0,0,0,0,1,0,0,0,0
SML0675,II,189.30200000000002,3.6213000000000024,12.89,0,1,1,1,2,0.6153846153846154,1,0,0,0,0,0,0,0,0,0
SML0676,II,178.27499999999998,2.637700000000001,20.23,1,1,1,5,1,0.5,1,0,0,0,0,1,0,1,0,0
SML0677,II,148.20499999999998,2.2081999999999997,17.07,0,1,1,3,1,0.3,1,0,0,0,1,0,0,1,0,0
SML0678,I,158.285,2.9737000000000022,20.23,1,1,0,5,0,1.0,1,0,0,0,0,1,0,0,0,0
SML0679,II,158.285,2.831200000000002,20.23,1,1,0,6,0,1.0,1,0,0,0,0,1,0,0,0,0
SML0680,II,197.32199999999997,2.9693000000000014,20.310000000000002,0,1,0,7,1,0.9166666666666666,2,0,0,0,0,0,0,0,0,0
SML0681,II,206.285,2.8184000000000013,26.3,0,2,1,3,1,0.46153846153846156,2,0,1,0,0,0,1,1,0,0
SML0682,II,170.21099999999998,3.0424000000000015,17.07,0,1,2,1,2,0.08333333333333333,1,0,0,0,1,0,0,1,0,0
SML0683,II,178.27499999999995,2.637700000000001,20.23,1,1,1,5,1,0.5,1,0,0,0,0,1,0,1,0,0
SML0684,II,165.28,3.8167800000000023,23.79,0,1,0,7,0,0.7272727272727273,1,0,0,0,0,0,0,0,0,0
SML0685,II,135.20999999999998,2.8125800000000014,23.79,0,1,0,4,0,0.4444444444444444,1,0,0,0,0,0,0,0,0,0
SML0686,II,168.28,2.893800000000002,20.23,1,1,0,2,1,0.8181818181818182,1,0,0,0,0,1,0,0,0,0
SML0687,I,184.27899999999997,3.052500000000002,26.3,0,2,0,5,1,0.9090909090909091,2,0,1,0,0,0,1,0,0,0
SML0688,I,153.269,3.3624800000000024,23.79,0,1,0,5,0,0.9,1,0,0,0,0,0,0,0,0,0
SML0689,I,128.215,2.1152,20.23,1,1,0,5,0,0.75,1,0,0,0,0,1,0,0,0,0
SML0690,II,142.24200000000002,2.5053000000000005,20.23,1,1,0,6,0,0.7777777777777778,1,0,0,0,0,1,0,0,0,0
SML0691,I,168.27999999999997,3.0599000000000016,20.23,1,1,0,5,0,0.6363636363636364,1,0,0,0,0,1,0,0,0,0
SML0692,II,164.24800000000002,2.6541000000000006,9.23,0,1,1,4,1,0.45454545454545453,1,0,0,0,0,0,1,1,0,0
SML0693,II,151.253,3.282580000000002,23.79,0,1,0,4,0,0.7,1,0,0,0,0,0,0,0,0,0
SML0694,II,167.296,3.8966800000000035,23.79,0,1,0,7,0,0.9090909090909091,1,0,0,0,0,0,0,0,0,0
SML0695,I,178.231,2.3858000000000006,26.3,0,2,1,3,1,0.36363636363636365,2,0,1,0,0,0,1,1,0,0
SML0696,I,206.285,2.8184000000000013,26.3,0,2,1,5,1,0.46153846153846156,2,0,1,0,0,0,1,1,0,0
SML0697,I,128.215,2.1152,20.23,1,1,0,6,0,0.75,1,0,0,0,0,1,0,0,0,0
SML0698,II,164.24799999999996,3.022100000000002,17.07,0,1,0,3,1,0.5454545454545454,1,0,0,0,1,0,0,0,0,0
SML0699,I,156.269,2.8954000000000018,20.23,1,1,0,8,0,0.8,1,0,0,0,0,1,0,0,0,0
SML0700,II,180.20299999999997,1.8719,35.53,0,3,1,3,1,0.3,3,0,1,0,0,0,1,1,0,0
SML0701,I,264.409,4.967100000000005,26.3,0,2,0,8,0,0.5882352941176471,2,0,1,0,0,0,1,0,0,0
SML0702,I,164.248,2.390100000000001,20.23,1,1,1,3,1,0.45454545454545453,1,0,0,0,0,1,0,1,0,0
SML0703,I,196.28999999999994,3.076100000000002,26.3,0,2,0,5,1,0.75,2,0,1,0,0,0,1,0,0,0
SML0704,II,168.27999999999997,3.3260000000000023,17.07,0,1,0,5,1,0.9090909090909091,1,0,0,0,1,0,0,0,0,0
SML0705,I,158.285,3.117800000000002,20.23,1,1,0,6,0,1.0,1,0,0,0,0,1,0,0,0,0
SML0706,I,178.231,2.5299000000000005,26.3,0,2,1,4,1,0.36363636363636365,2,0,1,0,0,0,1,1,0,0
SML0707,I,192.30199999999996,3.6582000000000026,17.07,0,1,0,4,1,0.6153846153846154,1,0,0,1,0,0,0,0,0,0
SML0708,II,154.253,2.935900000000001,17.07,0,1,0,4,1,0.9,1,0,0,0,1,0,0,0,0,0
SML0709,I,170.25199999999998,2.518300000000001,26.3,0,2,0,4,1,0.9,2,0,1,0,0,0,1,0,0,0
SML0710,I,164.204,2.1398,26.3,0,2,1,3,1,0.3,2,0,1,0,0,0,1,1,0,0
SML0711,II,135.20999999999998,1.7488000000000001,26.02,1,1,1,2,1,0.3333333333333333,1,0,0,0,0,0,0,1,1,0
SML0712,I,226.35999999999996,4.222800000000004,26.3,0,2,0,8,1,0.9285714285714286,2,0,1,0,0,0,1,0,0,0
SML0713,II,196.29,3.218600000000002,26.3,0,2,0,6,1,0.75,2,0,1,0,0,0,1,0,0,0
SML0714,I,165.28,3.816780000000003,23.79,0,1,0,7,0,0.7272727272727273,1,0,0,0,0,0,0,0,0,0
SML0715,I,172.26799999999997,2.908400000000001,26.3,0,2,0,6,0,0.9,2,0,1,0,0,0,1,0,0,0
SML0716,I,158.285,3.117800000000002,20.23,1,1,0,7,0,1.0,1,0,0,0,0,1,0,0,0,0
SML0717,II,182.30699999999996,3.7161000000000026,17.07,0,1,0,6,1,0.9166666666666666,1,0,0,0,1,0,0,0,0,0
SML0718,I,198.30599999999995,2.974500000000001,26.3,0,2,0,8,0,0.75,2,0,0,1,0,0,1,0,0,0
SML0719,II,131.17799999999997,2.4763199999999994,15.79,1,0,2,0,2,0.1111111111111111,1,0,0,0,0,0,0,1,0,0
SML0720,II,156.22499999999997,2.2739000000000003,26.3,0,2,0,0,1,0.8888888888888888,2,0,1,0,0,0,1,0,0,0
SML0721,II,129.16199999999995,2.2233800000000006,23.79,0,1,1,1,1,0.0,1,0,0,0,0,0,0,1,0,0
SML0722,II,181.32299999999998,4.430880000000004,23.79,0,1,0,9,0,0.9166666666666666,1,0,0,0,0,0,0,0,0,0
SML0723,II,208.257,2.2646000000000006,35.53,0,3,1,5,1,0.4166666666666667,3,0,1,0,0,0,1,1,0,0
SML0724,II,131.178,2.4763199999999994,15.79,1,0,2,0,2,0.1111111111111111,1,0,0,0,0,0,0,1,0,0
SML0725,II,192.214,1.6895999999999998,38.83,0,3,1,3,2,0.36363636363636365,3,0,1,0,0,0,1,1,0,0
SML0726,I,180.203,1.7583,35.53,0,3,1,3,1,0.3,3,0,1,0,0,0,1,1,0,0
SML0727,I,182.263,2.852100000000001,26.3,0,2,0,6,0,0.5454545454545454,2,0,1,0,0,0,1,0,0,0
SML0728,I,196.29,3.242200000000002,26.3,0,2,0,5,0,0.5833333333333334,2,0,1,0,0,0,1,0,0,0
SML0729,I,156.225,2.2723000000000004,26.3,0,2,0,3,1,0.8888888888888888,2,0,1,0,0,0,1,0,0,0
SML0730,I,212.33299999999994,3.8327000000000027,26.3,0,2,0,7,1,0.9230769230769231,2,0,1,0,0,0,1,0,0,0
SML0731,I,210.31699999999995,3.6323000000000025,26.3,0,2,0,6,0,0.6153846153846154,2,0,1,0,0,0,1,0,0,0
SML0732,II,150.17699999999996,1.8978,26.3,0,2,1,2,1,0.2222222222222222,2,0,0,0,1,0,1,1,0,0
SML0733,I,156.269,3.0378000000000016,17.07,0,1,0,6,0,0.9,1,0,0,1,0,0,0,0,0,0
SML0734,I,224.34399999999994,4.022400000000004,26.3,0,2,0,7,0,0.6428571428571429,2,0,1,0,0,0,1,0,0,0
SML0735,II,131.17799999999997,2.1783,4.93,0,1,2,0,2,0.1111111111111111,1,0,0,0,0,0,0,1,0,0
SML0736,II,137.138,0.8681999999999999,39.19,0,3,1,1,1,0.14285714285714285,3,0,1,0,0,0,1,0,0,0
SML0737,II,266.29699999999997,3.725760000000003,86.28,0,4,1,2,1,0.5384615384615384,6,0,0,0,0,0,0,1,1,0
SML0738,II,222.37199999999993,4.662400000000004,17.07,0,1,0,0,1,0.8,1,0,0,0,1,0,0,0,0,0
SML0739,I,198.30599999999998,3.1544000000000016,26.3,0,2,0,2,1,0.9166666666666666,2,0,1,0,0,0,1,0,0,0
SML0740,I,130.18699999999998,1.8973,37.3,1,1,0,4,0,0.8571428571428571,2,1,0,0,0,0,0,0,0,0
SML0741,I,130.187,1.8973,37.3,1,1,0,4,0,0.8571428571428571,2,1,0,0,0,0,0,0,0,0
SML0742,I,128.17099999999996,1.8174000000000001,37.3,1,1,0,3,0,0.5714285714285714,2,1,0,0,0,0,0,0,0,0
SML0743,I,146.186,1.0122,57.53,2,2,0,4,0,0.8571428571428571,3,1,0,0,0,1,0,0,0,0
SML0744,I,144.214,2.2874,37.3,1,1,0,5,0,0.875,2,1,0,0,0,0,0,0,0,0
SML0745,II,136.19799999999998,1.65584,25.78,0,2,1,1,1,0.5,2,0,0,0,0,0,0,0,0,0
SML0746,II,165.23599999999996,2.603700000000001,22.12,0,2,1,3,1,0.5,2,0,0,0,0,0,1,0,0,0
SML0747,II,165.23599999999996,2.2887000000000004,22.12,0,2,1,3,1,0.5,2,0,0,0,0,0,1,0,0,0
SML0748,I,138.16599999999997,1.2832000000000001,37.3,1,1,0,1,2,0.625,2,1,0,0,0,0,0,0,0,0
SML0749,II,134.2,0.8677999999999999,26.3,1,3,0,2,0,0.8,3,0,1,0,0,0,1,0,0,1
SML0750,II,170.21099999999998,3.0424000000000015,17.07,0,1,2,1,2,0.08333333333333333,1,0,0,0,1,0,0,1,0,0
SML0768,II,182.307,3.1178000000000017,20.23,1,1,0,0,2,1.0,1,0,0,0,0,1,0,0,0,0
SML0769,I,162.27899999999997,1.7553,17.07,0,2,0,5,0,0.3333333333333333,3,0,0,0,0,0,0,0,0,1
SML0770,II,172.271,3.6895200000000026,0.0,0,0,1,0,2,0.38461538461538464,0,0,0,0,0,0,0,1,0,0
