cluster,n,tag,obs,tag_total,exp,obs_exp,p,fdr
0,33,sour,11,16,1.025,10.729,4.5296985044201293e-11,3.641877597553784e-08
0,33,acidic,6,8,0.513,11.705,1.12273943141389e-06,0.0001805365005713535
0,33,cheesy,9,36,2.307,3.902,0.00016728439802847324,0.008966443734326167
0,33,caramellic,5,22,1.41,3.547,0.009510057006248481,0.18648989836643365
0,33,sharp,4,16,1.025,3.902,0.014742142236048323,0.25218473101665645
0,33,odorless,3,9,0.577,5.202,0.015480666442703375,0.2540093024476227
0,33,animal,5,27,1.73,2.89,0.023057619221854706,0.30897209757285304
0,33,tobacco,3,11,0.705,4.256,0.027822196219440515,0.3485583806917693
0,33,buttery,4,23,1.474,2.714,0.051969067210534375,0.528900380218603
0,33,burnt,3,19,1.217,2.464,0.11492367333936955,0.8668327826617637
0,33,terpenic,2,10,0.641,3.121,0.12979641285977112,0.8852797810628045
0,33,cooling,2,10,0.641,3.121,0.12979641285977112,0.8852797810628045
0,33,camphoreous,3,20,1.282,2.341,0.1294448277412906,0.8852797810628045
0,33,coffee,3,21,1.346,2.229,0.14460158822814426,0.8993398765335434
0,33,pine,2,11,0.705,2.837,0.1524573498909557,0.9160355928508701
0,33,musk,4,34,2.179,1.836,0.16487217387905903,0.96055962173017
0,33,peppery,1,7,0.449,2.229,0.372728492474333,1.0
0,33,herbal,3,84,5.383,0.557,0.9294261676673194,1.0
0,33,orange,0,28,1.794,0.0,1.0,1.0
0,33,minty,2,26,1.666,1.2,0.5081708646483173,1.0
0,33,bready,0,8,0.513,0.0,1.0,1.0
0,33,spicy,1,54,3.46,0.289,0.977202344693638,1.0
0,33,mentholic,0,8,0.513,0.0,1.0,1.0
0,33,balsamic,2,38,2.435,0.821,0.7206184675237706,1.0
0,33,winey,1,21,1.346,0.743,0.7581377315112249,1.0
0,33,oily,1,61,3.909,0.256,0.9864932870212708,1.0
0,33,solvent,1,7,0.449,2.229,0.372728492474333,1.0
0,33,fermented,0,15,0.961,0.0,1.0,1.0
0,33,sweet,9,234,14.994,0.6,0.9917161397854514,1.0
0,33,alcoholic,0,7,0.449,0.0,1.0,1.0
0,33,soapy,1,16,1.025,0.975,0.6589944418472174,1.0
0,33,honey,1,15,0.961,1.04,0.6348976893439159,1.0
0,33,fatty,4,103,6.6,0.606,0.9259363579198568,1.0
0,33,citrus,0,75,4.806,0.0,1.0,1.0
0,33,floral,3,153,9.804,0.306,0.9992772232679172,1.0
0,33,coconut,0,23,1.474,0.0,1.0,1.0
0,33,earthy,3,36,2.307,1.301,0.4107766640529548,1.0
0,33,waxy,3,95,6.087,0.493,0.9622072475653429,1.0
0,33,powdery,2,48,3.076,0.65,0.8353470365460696,1.0
0,33,musty,4,44,2.819,1.419,0.30823844146084234,1.0
0,33,chocolate,1,14,0.897,1.115,0.6091532956438073,1.0
0,33,nutty,2,45,2.883,0.694,0.8061405242695561,1.0
0,33,roasted,3,28,1.794,1.672,0.26368143046429227,1.0
0,33,woody,3,71,4.55,0.659,0.8606981777891409,1.0
0,33,cocoa,2,18,1.153,1.734,0.32280546267213395,1.0
0,33,medicinal,0,16,1.025,0.0,1.0,1.0
0,33,grassy,0,10,0.641,0.0,1.0,1.0
0,33,leathery,0,5,0.32,0.0,1.0,1.0
0,33,ethereal,0,21,1.346,0.0,1.0,1.0
0,33,rummy,0,8,0.513,0.0,1.0,1.0
0,33,grape,0,11,0.705,0.0,1.0,1.0
0,33,fruity,10,181,11.598,0.862,0.7833980337737549,1.0
0,33,fresh,3,97,6.216,0.483,0.9664177535607473,1.0
0,33,hazelnut,1,10,0.641,1.561,0.48741432538315277,1.0
0,33,potato,2,14,0.897,2.229,0.22414012418845317,1.0
0,33,green,5,159,10.188,0.491,0.9905055403116935,1.0
0,33,dry,2,18,1.153,1.734,0.32280546267213395,1.0
0,33,hay,1,8,0.513,1.951,0.41347644473485856,1.0
0,33,pungent,2,27,1.73,1.156,0.5291707491650476,1.0
0,33,dairy,3,24,1.538,1.951,0.19330921710280047,1.0
0,33,brandy,1,7,0.449,2.229,0.372728492474333,1.0
0,33,cognac,0,9,0.577,0.0,1.0,1.0
0,33,apple,0,38,2.435,0.0,1.0,1.0
0,33,clean,0,19,1.217,0.0,1.0,1.0
0,33,milky,2,13,0.833,2.401,0.1997988659323093,1.0
0,33,creamy,1,39,2.499,0.4,0.9318871710370344,1.0
0,33,apricot,0,10,0.641,0.0,1.0,1.0
0,33,pear,0,20,1.282,0.0,1.0,1.0
0,33,pineapple,1,28,1.794,0.557,0.8513885547676746,1.0
0,33,banana,0,25,1.602,0.0,1.0,1.0
0,33,orris,0,11,0.705,0.0,1.0,1.0
0,33,violet,0,9,0.577,0.0,1.0,1.0
0,33,clove,0,9,0.577,0.0,1.0,1.0
0,33,phenolic,0,33,2.115,0.0,1.0,1.0
0,33,cinnamon,1,9,0.577,1.734,0.45165253413081463,1.0
0,33,smoky,0,13,0.833,0.0,1.0,1.0
0,33,savory,2,16,1.025,1.951,0.27344640179439234,1.0
0,33,muguet,0,5,0.32,0.0,1.0,1.0
0,33,lily,0,10,0.641,0.0,1.0,1.0
0,33,rose,2,50,3.204,0.624,0.8526335261854068,1.0
0,33,brown,1,8,0.513,1.951,0.41347644473485856,1.0
0,33,beefy,0,5,0.32,0.0,1.0,1.0
0,33,tropical,0,39,2.499,0.0,1.0,1.0
0,33,ripe,0,9,0.577,0.0,1.0,1.0
0,33,aldehydic,0,34,2.179,0.0,1.0,1.0
0,33,mushroom,1,15,0.961,1.04,0.6348976893439159,1.0
0,33,vegetable,1,37,2.371,0.422,0.9213982504275234,1.0
0,33,cucumber,0,12,0.769,0.0,1.0,1.0
0,33,natural,0,9,0.577,0.0,1.0,1.0
0,33,hawthorn,0,5,0.32,0.0,1.0,1.0
0,33,anisic,0,12,0.769,0.0,1.0,1.0
0,33,vanilla,0,16,1.025,0.0,1.0,1.0
0,33,meaty,1,30,1.922,0.52,0.8708658577780715,1.0
0,33,fishy,0,6,0.384,0.0,1.0,1.0
0,33,tea,0,6,0.384,0.0,1.0,1.0
0,33,warm,0,12,0.769,0.0,1.0,1.0
0,33,hyacinth,0,7,0.449,0.0,1.0,1.0
0,33,coumarinic,0,9,0.577,0.0,1.0,1.0
0,33,ketonic,1,12,0.769,1.301,0.5522790095260863,1.0
0,33,mint,1,11,0.705,1.419,0.5209100229323725,1.0
0,33,chemical,0,5,0.32,0.0,1.0,1.0
0,33,almond,0,9,0.577,0.0,1.0,1.0
0,33,cherry,0,15,0.961,0.0,1.0,1.0
0,33,chicken,1,12,0.769,1.301,0.5522790095260863,1.0
0,33,lemon,0,12,0.769,0.0,1.0,1.0
0,33,metallic,0,24,1.538,0.0,1.0,1.0
0,33,onion,1,21,1.346,0.743,0.7581377315112249,1.0
0,33,garlic,0,15,0.961,0.0,1.0,1.0
0,33,sulfurous,2,36,2.307,0.867,0.6912243095277505,1.0
0,33,geranium,0,11,0.705,0.0,1.0,1.0
0,33,lavender,0,7,0.449,0.0,1.0,1.0
0,33,estery,0,10,0.641,0.0,1.0,1.0
0,33,alliaceous,0,14,0.897,0.0,1.0,1.0
0,33,cabbage,1,7,0.449,2.229,0.372728492474333,1.0
0,33,aromatic,0,5,0.32,0.0,1.0,1.0
0,33,jasmine,0,13,0.833,0.0,1.0,1.0
0,33,peach,0,15,0.961,0.0,1.0,1.0
0,33,bergamot,0,5,0.32,0.0,1.0,1.0
0,33,melon,0,19,1.217,0.0,1.0,1.0
0,33,strawberry,1,13,0.833,1.2,0.5816523548255674,1.0
0,33,grapefruit,0,9,0.577,0.0,1.0,1.0
0,33,ozone,0,5,0.32,0.0,1.0,1.0
0,33,anise,0,6,0.384,0.0,1.0,1.0
0,33,amber,0,8,0.513,0.0,1.0,1.0
0,33,leafy,0,12,0.769,0.0,1.0,1.0
0,33,jammy,0,6,0.384,0.0,1.0,1.0
0,33,raspberry,0,7,0.449,0.0,1.0,1.0
0,33,berry,0,18,1.153,0.0,1.0,1.0
0,33,gasoline,1,5,0.32,3.121,0.2828364839834581,1.0
0,33,plum,0,11,0.705,0.0,1.0,1.0
0,33,rum,0,6,0.384,0.0,1.0,1.0
0,33,jasmin,0,17,1.089,0.0,1.0,1.0
0,33,lactonic,0,10,0.641,0.0,1.0,1.0
0,33,weedy,0,5,0.32,0.0,1.0,1.0
1,70,smoky,11,13,1.767,6.225,8.843988192240251e-09,3.5552832532805807e-06
1,70,phenolic,16,33,4.485,3.567,4.925145660450693e-07,0.00013199390370007856
1,70,chocolate,10,14,1.903,5.255,7.585249215744571e-07,0.00015246350923646588
1,70,medicinal,9,16,2.175,4.138,5.080335530441829e-05,0.004538433073861366
1,70,earthy,14,36,4.893,2.861,7.082860965267953e-05,0.0047455168467295285
1,70,camphoreous,10,20,2.718,3.679,7.027705809380822e-05,0.0047455168467295285
1,70,potato,8,14,1.903,4.204,0.00012227499932544443,0.007562238419819794
1,70,nutty,15,45,6.117,2.452,0.0002997589791359585,0.012684537853963718
1,70,roasted,11,28,3.806,2.89,0.0004372741540973295,0.017578420994712646
1,70,vanilla,7,16,2.175,3.219,0.0026693467615167984,0.08254441524075024
1,70,clove,5,9,1.223,4.087,0.0032913509457877244,0.09450879144333323
1,70,cocoa,7,18,2.447,2.861,0.005907714050471765,0.1539331116667196
1,70,woody,17,71,9.65,1.762,0.0077524888221854734,0.17808574322963203
1,70,savory,6,16,2.175,2.759,0.01341391415601347,0.2344518909007572
1,70,ethereal,7,21,2.854,2.452,0.01532968760656103,0.2540093024476227
1,70,spicy,12,54,7.34,1.635,0.04614942125681039,0.5014072255469669
1,70,pine,4,11,1.495,2.675,0.04908753565188106,0.5089482356573708
1,70,vegetable,9,37,5.029,1.79,0.04905100977292335,0.5089482356573708
1,70,peppery,3,7,0.951,3.153,0.056215206952030645,0.5429088195584209
1,70,balsamic,9,38,5.165,1.742,0.057295052873860844,0.5429088195584209
1,70,rummy,3,8,1.087,2.759,0.08133133331255966,0.7031224944440643
1,70,brown,3,8,1.087,2.759,0.08133133331255966,0.7031224944440643
1,70,alliaceous,4,14,1.903,2.102,0.10847140244246527,0.8445963864518984
1,70,almond,3,9,1.223,2.452,0.11039404363112053,0.8453029626611515
1,70,musty,9,44,5.981,1.505,0.12529173756429376,0.8852797810628045
1,70,garlic,4,15,2.039,1.962,0.13323240486144197,0.8852797810628045
1,70,winey,5,21,2.854,1.752,0.14253541109521997,0.8993398765335434
1,70,grassy,3,10,1.359,2.207,0.14281266826935707,0.8993398765335434
1,70,pungent,6,27,3.67,1.635,0.14558011985076175,0.8993398765335434
1,70,onion,5,21,2.854,1.752,0.14253541109521997,0.8993398765335434
1,70,terpenic,2,10,1.359,1.471,0.4038302710551589,1.0
1,70,herbal,12,84,11.417,1.051,0.47708830995109447,1.0
1,70,orange,1,28,3.806,0.263,0.9851638047096133,1.0
1,70,minty,2,26,3.534,0.566,0.8921898511444637,1.0
1,70,bready,1,8,1.087,0.92,0.6919163659817107,1.0
1,70,mentholic,2,8,1.087,1.839,0.29801948230535913,1.0
1,70,oily,4,61,8.291,0.482,0.9797268884044628,1.0
1,70,solvent,2,7,0.951,2.102,0.2438474450571591,1.0
1,70,fermented,2,15,2.039,0.981,0.6283343506006156,1.0
1,70,sweet,29,234,31.806,0.912,0.8030799869010758,1.0
1,70,alcoholic,2,7,0.951,2.102,0.2438474450571591,1.0
1,70,soapy,1,16,2.175,0.46,0.9069806957418124,1.0
1,70,honey,0,15,2.039,0.0,1.0,1.0
1,70,fatty,7,103,14.0,0.5,0.9949228243705266,1.0
1,70,citrus,3,75,10.194,0.294,0.9992411200380212,1.0
1,70,floral,11,153,20.796,0.529,0.998835475907687,1.0
1,70,coconut,0,23,3.126,0.0,1.0,1.0
1,70,waxy,5,95,12.913,0.387,0.9988786784280962,1.0
1,70,cheesy,3,36,4.893,0.613,0.892993447215213,1.0
1,70,buttery,2,23,3.126,0.64,0.8458807926495658,1.0
1,70,powdery,6,48,6.524,0.92,0.6612426588590317,1.0
1,70,leathery,1,5,0.68,1.471,0.5197924411938251,1.0
1,70,grape,1,11,1.495,0.669,0.8029048410408615,1.0
1,70,fruity,17,181,24.602,0.691,0.9871415155834491,1.0
1,70,cooling,2,10,1.359,1.471,0.4038302710551589,1.0
1,70,fresh,8,97,13.184,0.607,0.9744773870229404,1.0
1,70,hazelnut,2,10,1.359,1.471,0.4038302710551589,1.0
1,70,burnt,3,19,2.583,1.162,0.49016372293204835,1.0
1,70,green,20,159,21.612,0.925,0.7186156011229512,1.0
1,70,dry,1,18,2.447,0.409,0.9312703298425995,1.0
1,70,hay,0,8,1.087,0.0,1.0,1.0
1,70,acidic,1,8,1.087,0.92,0.6919163659817107,1.0
1,70,sharp,3,16,2.175,1.379,0.3737898075987277,1.0
1,70,sour,1,16,2.175,0.46,0.9069806957418124,1.0
1,70,dairy,3,24,3.262,0.92,0.6575930983552621,1.0
1,70,brandy,2,7,0.951,2.102,0.2438474450571591,1.0
1,70,cognac,0,9,1.223,0.0,1.0,1.0
1,70,apple,3,38,5.165,0.581,0.9137700279457537,1.0
1,70,clean,1,19,2.583,0.387,0.9409505650760361,1.0
1,70,milky,2,13,1.767,1.132,0.5468487545313778,1.0
1,70,creamy,6,39,5.301,1.132,0.44154291914584654,1.0
1,70,odorless,1,9,1.223,0.817,0.7344525679171747,1.0
1,70,apricot,1,10,1.359,0.736,0.7711883786796209,1.0
1,70,pear,2,20,2.718,0.736,0.7826123625581493,1.0
1,70,pineapple,0,28,3.806,0.0,1.0,1.0
1,70,banana,2,25,3.398,0.589,0.8783854786106305,1.0
1,70,orris,0,11,1.495,0.0,1.0,1.0
1,70,violet,0,9,1.223,0.0,1.0,1.0
1,70,cinnamon,1,9,1.223,0.817,0.7344525679171747,1.0
1,70,muguet,0,5,0.68,0.0,1.0,1.0
1,70,lily,0,10,1.359,0.0,1.0,1.0
1,70,rose,1,50,6.796,0.147,0.9995502679558249,1.0
1,70,coffee,4,21,2.854,1.401,0.3158568266708462,1.0
1,70,beefy,1,5,0.68,1.471,0.5197924411938251,1.0
1,70,tropical,2,39,5.301,0.377,0.9796503615135252,1.0
1,70,ripe,1,9,1.223,0.817,0.7344525679171747,1.0
1,70,aldehydic,2,34,4.621,0.433,0.9605797539509154,1.0
1,70,mushroom,1,15,2.039,0.49,0.891838018304433,1.0
1,70,cucumber,0,12,1.631,0.0,1.0,1.0
1,70,natural,0,9,1.223,0.0,1.0,1.0
1,70,animal,3,27,3.67,0.817,0.7376881520081267,1.0
1,70,musk,0,34,4.621,0.0,1.0,1.0
1,70,hawthorn,0,5,0.68,0.0,1.0,1.0
1,70,anisic,1,12,1.631,0.613,0.8302791686740753,1.0
1,70,caramellic,3,22,2.99,1.003,0.5954782391399127,1.0
1,70,meaty,6,30,4.078,1.471,0.21035375387577848,1.0
1,70,fishy,1,6,0.816,1.226,0.585703282598594,1.0
1,70,tea,0,6,0.816,0.0,1.0,1.0
1,70,warm,1,12,1.631,0.613,0.8302791686740753,1.0
1,70,hyacinth,1,7,0.951,1.051,0.6426792555221668,1.0
1,70,tobacco,1,11,1.495,0.669,0.8029048410408615,1.0
1,70,coumarinic,0,9,1.223,0.0,1.0,1.0
1,70,ketonic,2,12,1.631,1.226,0.5017872370755108,1.0
1,70,mint,2,11,1.495,1.338,0.4540237550672142,1.0
1,70,chemical,1,5,0.68,1.471,0.5197924411938251,1.0
1,70,cherry,0,15,2.039,0.0,1.0,1.0
1,70,chicken,2,12,1.631,1.226,0.5017872370755108,1.0
1,70,lemon,0,12,1.631,0.0,1.0,1.0
1,70,metallic,1,24,3.262,0.307,0.9724952878847626,1.0
1,70,sulfurous,4,36,4.893,0.817,0.7495859494164272,1.0
1,70,geranium,1,11,1.495,0.669,0.8029048410408615,1.0
1,70,lavender,0,7,0.951,0.0,1.0,1.0
1,70,estery,1,10,1.359,0.736,0.7711883786796209,1.0
1,70,cabbage,1,7,0.951,1.051,0.6426792555221668,1.0
1,70,aromatic,1,5,0.68,1.471,0.5197924411938251,1.0
1,70,jasmine,1,13,1.767,0.566,0.8538983698526333,1.0
1,70,peach,1,15,2.039,0.49,0.891838018304433,1.0
1,70,bergamot,0,5,0.68,0.0,1.0,1.0
1,70,melon,0,19,2.583,0.0,1.0,1.0
1,70,strawberry,2,13,1.767,1.132,0.5468487545313778,1.0
1,70,grapefruit,0,9,1.223,0.0,1.0,1.0
1,70,ozone,0,5,0.68,0.0,1.0,1.0
1,70,anise,1,6,0.816,1.226,0.585703282598594,1.0
1,70,amber,0,8,1.087,0.0,1.0,1.0
1,70,leafy,0,12,1.631,0.0,1.0,1.0
1,70,jammy,0,6,0.816,0.0,1.0,1.0
1,70,raspberry,0,7,0.951,0.0,1.0,1.0
1,70,berry,0,18,2.447,0.0,1.0,1.0
1,70,gasoline,1,5,0.68,1.471,0.5197924411938251,1.0
1,70,plum,0,11,1.495,0.0,1.0,1.0
1,70,rum,2,6,0.816,2.452,0.19023823416997954,1.0
1,70,jasmin,0,17,2.311,0.0,1.0,1.0
1,70,lactonic,1,10,1.359,0.736,0.7711883786796209,1.0
1,70,weedy,1,5,0.68,1.471,0.5197924411938251,1.0
2,79,anisic,7,12,1.841,3.803,0.0006476664937116467,0.024796374330674477
2,79,phenolic,11,33,5.062,2.173,0.006169056404692337,0.1539331116667196
2,79,coffee,8,21,3.221,2.483,0.008135747627192113,0.1816983636739572
2,79,hazelnut,5,10,1.534,3.259,0.01010449011205085,0.193428810716402
2,79,bready,4,8,1.227,3.259,0.0221007636188658,0.30655908614101784
2,79,warm,5,12,1.841,2.716,0.024638557230387256,0.3200521472241101
2,79,cinnamon,4,9,1.381,2.897,0.03518995907859274,0.4222795089431129
2,79,balsamic,10,38,5.829,1.716,0.049375575101088205,0.5089482356573708
2,79,burnt,6,19,2.915,2.059,0.05543587509396587,0.5429088195584209
2,79,honey,5,15,2.301,2.173,0.06405442182378945,0.5919512085784681
2,79,cherry,5,15,2.301,2.173,0.06405442182378945,0.5919512085784681
2,79,vanilla,5,16,2.454,2.037,0.08223682309430627,0.7033872954023642
2,79,minty,7,26,3.988,1.755,0.08622977979917074,0.7153141944248661
2,79,spicy,12,54,8.283,1.449,0.10275121062089582,0.8099213072470611
2,79,musty,10,44,6.75,1.482,0.11698071623644198,0.8668327826617637
2,79,roasted,7,28,4.295,1.63,0.11997381663334292,0.868999536695565
2,79,nutty,10,45,6.903,1.449,0.13179502032701823,0.8852797810628045
2,79,berry,5,18,2.761,1.811,0.12587385971635676,0.8852797810628045
2,79,odorless,3,9,1.381,2.173,0.14653423361429627,0.8993398765335434
2,79,ripe,3,9,1.381,2.173,0.14653423361429627,0.8993398765335434
2,79,almond,3,9,1.381,2.173,0.14653423361429627,0.8993398765335434
2,79,alliaceous,4,14,2.148,1.863,0.1529461613685382,0.9160355928508701
2,79,hawthorn,2,5,0.767,2.608,0.17037790986520254,0.9649362725183036
2,79,chemical,2,5,0.767,2.608,0.17037790986520254,0.9649362725183036
2,79,sulfurous,8,36,5.522,1.449,0.16958996445720334,0.9649362725183036
2,79,terpenic,0,10,1.534,0.0,1.0,1.0
2,79,peppery,1,7,1.074,0.931,0.6906028478228475,1.0
2,79,herbal,7,84,12.885,0.543,0.9873154191053151,1.0
2,79,pine,1,11,1.687,0.593,0.842984950407438,1.0
2,79,orange,3,28,4.295,0.698,0.8331296998483815,1.0
2,79,mentholic,0,8,1.227,0.0,1.0,1.0
2,79,winey,0,21,3.221,0.0,1.0,1.0
2,79,oily,3,61,9.357,0.321,0.9982112075360856,1.0
2,79,solvent,1,7,1.074,0.931,0.6906028478228475,1.0
2,79,fermented,0,15,2.301,0.0,1.0,1.0
2,79,sweet,40,234,35.895,1.114,0.1878900334040591,1.0
2,79,alcoholic,1,7,1.074,0.931,0.6906028478228475,1.0
2,79,soapy,1,16,2.454,0.407,0.9333007404551792,1.0
2,79,fatty,11,103,15.8,0.696,0.9518465319470775,1.0
2,79,citrus,5,75,11.505,0.435,0.9957982914150896,1.0
2,79,floral,26,153,23.47,1.108,0.2905488268162532,1.0
2,79,coconut,4,23,3.528,1.134,0.4808208395893737,1.0
2,79,earthy,6,36,5.522,1.086,0.4847648102606404,1.0
2,79,waxy,10,95,14.573,0.686,0.9499271841544082,1.0
2,79,cheesy,2,36,5.522,0.362,0.9840358319853559,1.0
2,79,buttery,2,23,3.528,0.567,0.8932935578649721,1.0
2,79,powdery,7,48,7.363,0.951,0.628059622224109,1.0
2,79,chocolate,2,14,2.148,0.931,0.6600607482733533,1.0
2,79,woody,9,71,10.891,0.826,0.7994240811517157,1.0
2,79,cocoa,2,18,2.761,0.724,0.792463636247409,1.0
2,79,medicinal,3,16,2.454,1.222,0.4554381749481706,1.0
2,79,grassy,0,10,1.534,0.0,1.0,1.0
2,79,leathery,1,5,0.767,1.304,0.5666302987445797,1.0
2,79,ethereal,2,21,3.221,0.621,0.8599956236722872,1.0
2,79,rummy,0,8,1.227,0.0,1.0,1.0
2,79,grape,3,11,1.687,1.778,0.23014701677075453,1.0
2,79,fruity,24,181,27.765,0.864,0.8631006934672605,1.0
2,79,cooling,1,10,1.534,0.652,0.8138671360463762,1.0
2,79,camphoreous,1,20,3.068,0.326,0.966601365647124,1.0
2,79,fresh,9,97,14.88,0.605,0.9813880606934539,1.0
2,79,potato,3,14,2.148,1.397,0.36603114467915604,1.0
2,79,green,20,159,24.39,0.82,0.903827952419758,1.0
2,79,dry,1,18,2.761,0.362,0.9527660312806433,1.0
2,79,hay,2,8,1.227,1.63,0.3537984675985062,1.0
2,79,acidic,1,8,1.227,0.815,0.7387177592834677,1.0
2,79,pungent,2,27,4.142,0.483,0.9391619442937911,1.0
2,79,sharp,2,16,2.454,0.815,0.7330445312754794,1.0
2,79,sour,1,16,2.454,0.407,0.9333007404551792,1.0
2,79,dairy,2,24,3.682,0.543,0.9070712189251522,1.0
2,79,brandy,0,7,1.074,0.0,1.0,1.0
2,79,cognac,1,9,1.381,0.724,0.7794303766732232,1.0
2,79,apple,4,38,5.829,0.686,0.8649507824066398,1.0
2,79,clean,2,19,2.915,0.686,0.8176217586067496,1.0
2,79,milky,1,13,1.994,0.501,0.8883914294527294,1.0
2,79,creamy,5,39,5.983,0.836,0.7450504367309474,1.0
2,79,apricot,1,10,1.534,0.652,0.8138671360463762,1.0
2,79,pear,4,20,3.068,1.304,0.3683683659513604,1.0
2,79,pineapple,5,28,4.295,1.164,0.43396692027027983,1.0
2,79,banana,3,25,3.835,0.782,0.76766710457286,1.0
2,79,orris,1,11,1.687,0.593,0.842984950407438,1.0
2,79,violet,0,9,1.381,0.0,1.0,1.0
2,79,clove,2,9,1.381,1.449,0.41301682016542324,1.0
2,79,smoky,2,13,1.994,1.003,0.618056519188468,1.0
2,79,savory,2,16,2.454,0.815,0.7330445312754794,1.0
2,79,muguet,0,5,0.767,0.0,1.0,1.0
2,79,lily,1,10,1.534,0.652,0.8138671360463762,1.0
2,79,rose,7,50,7.67,0.913,0.6742573489005239,1.0
2,79,brown,2,8,1.227,1.63,0.3537984675985062,1.0
2,79,beefy,1,5,0.767,1.304,0.5666302987445797,1.0
2,79,tropical,7,39,5.983,1.17,0.3890151059871661,1.0
2,79,aldehydic,1,34,5.216,0.192,0.9971745225251086,1.0
2,79,mushroom,1,15,2.301,0.435,0.920784727381448,1.0
2,79,vegetable,4,37,5.676,0.705,0.8499750126011134,1.0
2,79,cucumber,0,12,1.841,0.0,1.0,1.0
2,79,natural,1,9,1.381,0.724,0.7794303766732232,1.0
2,79,animal,2,27,4.142,0.483,0.9391619442937911,1.0
2,79,musk,1,34,5.216,0.192,0.9971745225251086,1.0
2,79,caramellic,5,22,3.375,1.482,0.23723402307108257,1.0
2,79,meaty,6,30,4.602,1.304,0.30502570562353465,1.0
2,79,fishy,2,6,0.92,2.173,0.23098121639969546,1.0
2,79,tea,2,6,0.92,2.173,0.23098121639969546,1.0
2,79,hyacinth,0,7,1.074,0.0,1.0,1.0
2,79,tobacco,3,11,1.687,1.778,0.23014701677075453,1.0
2,79,coumarinic,2,9,1.381,1.449,0.41301682016542324,1.0
2,79,ketonic,0,12,1.841,0.0,1.0,1.0
2,79,mint,0,11,1.687,0.0,1.0,1.0
2,79,chicken,3,12,1.841,1.63,0.2748409297195743,1.0
2,79,lemon,1,12,1.841,0.543,0.8675964363554786,1.0
2,79,metallic,1,24,3.682,0.272,0.9833782647969198,1.0
2,79,onion,3,21,3.221,0.931,0.650618878642572,1.0
2,79,garlic,3,15,2.301,1.304,0.4112213232754697,1.0
2,79,geranium,0,11,1.687,0.0,1.0,1.0
2,79,lavender,1,7,1.074,0.931,0.6906028478228475,1.0
2,79,estery,3,10,1.534,1.956,0.18708593156772857,1.0
2,79,cabbage,0,7,1.074,0.0,1.0,1.0
2,79,aromatic,0,5,0.767,0.0,1.0,1.0
2,79,jasmine,3,13,1.994,1.504,0.3203700768268809,1.0
2,79,peach,0,15,2.301,0.0,1.0,1.0
2,79,bergamot,1,5,0.767,1.304,0.5666302987445797,1.0
2,79,melon,1,19,2.915,0.343,0.960274046429193,1.0
2,79,strawberry,3,13,1.994,1.504,0.3203700768268809,1.0
2,79,grapefruit,0,9,1.381,0.0,1.0,1.0
2,79,ozone,1,5,0.767,1.304,0.5666302987445797,1.0
2,79,anise,2,6,0.92,2.173,0.23098121639969546,1.0
2,79,amber,0,8,1.227,0.0,1.0,1.0
2,79,leafy,0,12,1.841,0.0,1.0,1.0
2,79,jammy,2,6,0.92,2.173,0.23098121639969546,1.0
2,79,raspberry,2,7,1.074,1.863,0.29270371955781166,1.0
2,79,gasoline,1,5,0.767,1.304,0.5666302987445797,1.0
2,79,plum,3,11,1.687,1.778,0.23014701677075453,1.0
2,79,rum,0,6,0.92,0.0,1.0,1.0
2,79,jasmin,1,17,2.608,0.383,0.9438603426676859,1.0
2,79,lactonic,1,10,1.534,0.652,0.8138671360463762,1.0
2,79,weedy,0,5,0.767,0.0,1.0,1.0
3,93,cucumber,8,12,2.167,3.692,0.00022762308392842268,0.010765232910497167
3,93,apple,16,38,6.862,2.332,0.0002766297456936975,0.012356128640985155
3,93,pineapple,12,28,5.056,2.373,0.0014912762875181134,0.0499577556318568
3,93,grapefruit,6,9,1.625,3.692,0.0015834179773824655,0.05092272215262009
3,93,fatty,29,103,18.6,1.559,0.0031116420480447144,0.09265778543066483
3,93,onion,9,21,3.792,2.373,0.006210832388522641,0.1539331116667196
3,93,garlic,7,15,2.709,2.584,0.00929588463597161,0.18648989836643365
3,93,leafy,6,12,2.167,2.769,0.010876638763842397,0.2033678503750997
3,93,tropical,13,39,7.043,1.846,0.012730663782689248,0.23262394730186717
3,93,pungent,10,27,4.876,2.051,0.013120422861913061,0.23441822179951338
3,93,sulfurous,12,36,6.501,1.846,0.01672533875229682,0.25859946840089704
3,93,ethereal,8,21,3.792,2.11,0.022114958950471435,0.30655908614101784
3,93,banana,9,25,4.515,1.994,0.02269165701031529,0.30897209757285304
3,93,green,37,159,28.713,1.289,0.028179471075827123,0.3485583806917693
3,93,melon,7,19,3.431,2.04,0.03872358724273909,0.4385037203262286
3,93,grassy,4,10,1.806,2.215,0.08719003862392646,0.7153141944248661
3,93,estery,4,10,1.806,2.215,0.08719003862392646,0.7153141944248661
3,93,alliaceous,5,14,2.528,1.978,0.088839324662665,0.721483000290734
3,93,plum,4,11,1.986,2.014,0.11859652499103732,0.8668327826617637
3,93,pear,6,20,3.612,1.661,0.1329002853594273,0.8852797810628045
3,93,meaty,8,30,5.417,1.477,0.15381194656078043,0.9160355928508701
3,93,minty,7,26,4.695,1.491,0.1704240680318397,0.9649362725183036
3,93,terpenic,3,10,1.806,1.661,0.263415323239382,1.0
3,93,peppery,1,7,1.264,0.791,0.7541914444008226,1.0
3,93,herbal,17,84,15.169,1.121,0.3332845583026152,1.0
3,93,pine,2,11,1.986,1.007,0.6196934381607906,1.0
3,93,orange,7,28,5.056,1.384,0.22599333419985684,1.0
3,93,bready,0,8,1.445,0.0,1.0,1.0
3,93,spicy,6,54,9.751,0.615,0.9509050696142332,1.0
3,93,mentholic,2,8,1.445,1.384,0.4391887481506956,1.0
3,93,balsamic,3,38,6.862,0.437,0.9809603084099361,1.0
3,93,winey,4,21,3.792,1.055,0.5440924972346086,1.0
3,93,oily,13,61,11.016,1.18,0.2922881300682482,1.0
3,93,solvent,2,7,1.264,1.582,0.36952469032614826,1.0
3,93,fermented,4,15,2.709,1.477,0.2785930826429714,1.0
3,93,sweet,32,234,42.256,0.757,0.9936949239426208,1.0
3,93,alcoholic,2,7,1.264,1.582,0.36952469032614826,1.0
3,93,soapy,2,16,2.889,0.692,0.8174896369756663,1.0
3,93,honey,2,15,2.709,0.738,0.78719399313669,1.0
3,93,citrus,15,75,13.544,1.108,0.3697641586785177,1.0
3,93,floral,14,153,27.629,0.507,0.9999028184731973,1.0
3,93,coconut,1,23,4.153,0.241,0.9908372974508826,1.0
3,93,earthy,2,36,6.501,0.308,0.9944108429702483,1.0
3,93,waxy,15,95,17.155,0.874,0.7811899463873764,1.0
3,93,cheesy,6,36,6.501,0.923,0.6607051486336996,1.0
3,93,buttery,6,23,4.153,1.445,0.22029571592826533,1.0
3,93,powdery,3,48,8.668,0.346,0.9965843367131938,1.0
3,93,musty,3,44,7.946,0.378,0.9930962824927604,1.0
3,93,chocolate,0,14,2.528,0.0,1.0,1.0
3,93,nutty,6,45,8.126,0.738,0.8582873460512795,1.0
3,93,roasted,3,28,5.056,0.593,0.909573639430054,1.0
3,93,woody,10,71,12.821,0.78,0.8666950525673925,1.0
3,93,cocoa,2,18,3.25,0.615,0.8668554609746639,1.0
3,93,medicinal,3,16,2.889,1.038,0.5751244862638555,1.0
3,93,leathery,1,5,0.903,1.108,0.6321628680825121,1.0
3,93,rummy,2,8,1.445,1.384,0.4391887481506956,1.0
3,93,grape,2,11,1.986,1.007,0.6196934381607906,1.0
3,93,fruity,37,181,32.685,1.132,0.17970882070614067,1.0
3,93,cooling,2,10,1.806,1.108,0.5647896080556492,1.0
3,93,camphoreous,1,20,3.612,0.277,0.9828694132580941,1.0
3,93,fresh,18,97,17.517,1.028,0.49409762024169934,1.0
3,93,hazelnut,1,10,1.806,0.554,0.866163892871916,1.0
3,93,potato,0,14,2.528,0.0,1.0,1.0
3,93,burnt,2,19,3.431,0.583,0.8867006738258102,1.0
3,93,dry,3,18,3.25,0.923,0.6603625996700644,1.0
3,93,hay,0,8,1.445,0.0,1.0,1.0
3,93,acidic,0,8,1.445,0.0,1.0,1.0
3,93,sharp,4,16,2.889,1.384,0.3234755848727817,1.0
3,93,sour,1,16,2.889,0.346,0.960801204353085,1.0
3,93,dairy,1,24,4.334,0.231,0.9925692717132157,1.0
3,93,brandy,1,7,1.264,0.791,0.7541914444008226,1.0
3,93,cognac,2,9,1.625,1.231,0.5045147510923956,1.0
3,93,clean,5,19,3.431,1.457,0.24691478047537035,1.0
3,93,milky,1,13,2.348,0.426,0.9274217836638254,1.0
3,93,creamy,6,39,7.043,0.852,0.7403585114478743,1.0
3,93,odorless,0,9,1.625,0.0,1.0,1.0
3,93,apricot,2,10,1.806,1.108,0.5647896080556492,1.0
3,93,orris,3,11,1.986,1.51,0.3177223725825114,1.0
3,93,violet,3,9,1.625,1.846,0.21054773785474543,1.0
3,93,clove,0,9,1.625,0.0,1.0,1.0
3,93,phenolic,4,33,5.959,0.671,0.8791183956938953,1.0
3,93,cinnamon,0,9,1.625,0.0,1.0,1.0
3,93,smoky,0,13,2.348,0.0,1.0,1.0
3,93,savory,3,16,2.889,1.038,0.5751244862638555,1.0
3,93,muguet,0,5,0.903,0.0,1.0,1.0
3,93,lily,2,10,1.806,1.108,0.5647896080556492,1.0
3,93,rose,9,50,9.029,0.997,0.5681832111910653,1.0
3,93,brown,0,8,1.445,0.0,1.0,1.0
3,93,coffee,2,21,3.792,0.527,0.9184999358036596,1.0
3,93,beefy,1,5,0.903,1.108,0.6321628680825121,1.0
3,93,ripe,2,9,1.625,1.231,0.5045147510923956,1.0
3,93,aldehydic,8,34,6.14,1.303,0.2568542842281493,1.0
3,93,mushroom,2,15,2.709,0.738,0.78719399313669,1.0
3,93,vegetable,9,37,6.682,1.347,0.20570527252528456,1.0
3,93,natural,1,9,1.625,0.615,0.8360264643902893,1.0
3,93,animal,1,27,4.876,0.205,0.9960480293132661,1.0
3,93,musk,2,34,6.14,0.326,0.9918714821371223,1.0
3,93,hawthorn,0,5,0.903,0.0,1.0,1.0
3,93,anisic,1,12,2.167,0.461,0.9109589199583029,1.0
3,93,vanilla,1,16,2.889,0.346,0.960801204353085,1.0
3,93,caramellic,5,22,3.973,1.259,0.3636360048267099,1.0
3,93,fishy,1,6,1.083,0.923,0.6992390509615833,1.0
3,93,tea,0,6,1.083,0.0,1.0,1.0
3,93,warm,2,12,2.167,0.923,0.6691831405750087,1.0
3,93,hyacinth,1,7,1.264,0.791,0.7541914444008226,1.0
3,93,tobacco,1,11,1.986,0.503,0.8908109383430284,1.0
3,93,coumarinic,0,9,1.625,0.0,1.0,1.0
3,93,ketonic,1,12,2.167,0.461,0.9109589199583029,1.0
3,93,mint,2,11,1.986,1.007,0.6196934381607906,1.0
3,93,chemical,1,5,0.903,1.108,0.6321628680825121,1.0
3,93,almond,0,9,1.625,0.0,1.0,1.0
3,93,cherry,4,15,2.709,1.477,0.2785930826429714,1.0
3,93,chicken,3,12,2.167,1.384,0.3722449260897006,1.0
3,93,lemon,0,12,2.167,0.0,1.0,1.0
3,93,metallic,5,24,4.334,1.154,0.44303097300371164,1.0
3,93,geranium,2,11,1.986,1.007,0.6196934381607906,1.0
3,93,lavender,1,7,1.264,0.791,0.7541914444008226,1.0
3,93,cabbage,1,7,1.264,0.791,0.7541914444008226,1.0
3,93,aromatic,2,5,0.903,2.215,0.22296605865277067,1.0
3,93,jasmine,2,13,2.348,0.852,0.7134045554920327,1.0
3,93,peach,2,15,2.709,0.738,0.78719399313669,1.0
3,93,bergamot,2,5,0.903,2.215,0.22296605865277067,1.0
3,93,strawberry,3,13,2.348,1.278,0.4259653585313767,1.0
3,93,ozone,1,5,0.903,1.108,0.6321628680825121,1.0
3,93,anise,0,6,1.083,0.0,1.0,1.0
3,93,amber,0,8,1.445,0.0,1.0,1.0
3,93,jammy,1,6,1.083,0.923,0.6992390509615833,1.0
3,93,raspberry,0,7,1.264,0.0,1.0,1.0
3,93,berry,5,18,3.25,1.538,0.2104395549996817,1.0
3,93,gasoline,1,5,0.903,1.108,0.6321628680825121,1.0
3,93,rum,2,6,1.083,1.846,0.2967819536871554,1.0
3,93,jasmin,0,17,3.07,0.0,1.0,1.0
3,93,lactonic,0,10,1.806,0.0,1.0,1.0
3,93,weedy,1,5,0.903,1.108,0.6321628680825121,1.0
4,72,floral,37,153,21.39,1.73,2.5173627486137063e-05,0.002529949562356775
4,72,sweet,43,234,32.715,1.314,0.006318150105723566,0.1539331116667196
4,72,hyacinth,4,7,0.979,4.087,0.008878221281684596,0.18648989836643365
4,72,amber,4,8,1.118,3.576,0.015886204235748706,0.2554501641108392
4,72,muguet,3,5,0.699,4.292,0.02130792701654772,0.3059209521661494
4,72,spicy,13,54,7.55,1.722,0.025078713028754893,0.3200521472241101
4,72,tea,3,6,0.839,3.576,0.03836108124578042,0.4385037203262286
4,72,powdery,11,48,6.711,1.639,0.05477445814120402,0.5429088195584209
4,72,balsamic,9,38,5.313,1.694,0.06699420361359214,0.6104025017539455
4,72,rose,11,50,6.99,1.574,0.07126936639380013,0.6366730064512812
4,72,lemon,4,12,1.678,2.384,0.07232202639113072,0.6389770243787813
4,72,fresh,18,97,13.561,1.327,0.10247556966853305,0.8099213072470611
4,72,violet,3,9,1.258,2.384,0.11804061199822033,0.8668327826617637
4,72,almond,3,9,1.258,2.384,0.11804061199822033,0.8668327826617637
4,72,cherry,4,15,2.097,1.907,0.1441440272976016,0.8993398765335434
4,72,ozone,2,5,0.699,2.861,0.14555233640095733,0.8993398765335434
4,72,lily,3,10,1.398,2.146,0.15225745948397038,0.9160355928508701
4,72,terpenic,0,10,1.398,0.0,1.0,1.0
4,72,peppery,0,7,0.979,0.0,1.0,1.0
4,72,herbal,9,84,11.744,0.766,0.8696106677529571,1.0
4,72,pine,1,11,1.538,0.65,0.8125391413001356,1.0
4,72,orange,4,28,3.915,1.022,0.5681609313085723,1.0
4,72,minty,0,26,3.635,0.0,1.0,1.0
4,72,bready,0,8,1.118,0.0,1.0,1.0
4,72,mentholic,0,8,1.118,0.0,1.0,1.0
4,72,winey,0,21,2.936,0.0,1.0,1.0
4,72,oily,6,61,8.528,0.704,0.8870540204497852,1.0
4,72,solvent,0,7,0.979,0.0,1.0,1.0
4,72,fermented,2,15,2.097,0.954,0.6447865924546891,1.0
4,72,alcoholic,0,7,0.979,0.0,1.0,1.0
4,72,soapy,2,16,2.237,0.894,0.6808870087443833,1.0
4,72,honey,3,15,2.097,1.431,0.3509459947478736,1.0
4,72,fatty,7,103,14.4,0.486,0.9963535347284163,1.0
4,72,citrus,13,75,10.485,1.24,0.22957901146392234,1.0
4,72,coconut,0,23,3.216,0.0,1.0,1.0
4,72,earthy,3,36,5.033,0.596,0.904430495971539,1.0
4,72,waxy,13,95,13.282,0.979,0.5917613921811604,1.0
4,72,cheesy,6,36,5.033,1.192,0.3891506048653701,1.0
4,72,buttery,0,23,3.216,0.0,1.0,1.0
4,72,musty,5,44,6.151,0.813,0.7671240144612497,1.0
4,72,chocolate,1,14,1.957,0.511,0.8820663239362486,1.0
4,72,nutty,5,45,6.291,0.795,0.7850772614324808,1.0
4,72,roasted,2,28,3.915,0.511,0.9238483731320277,1.0
4,72,woody,12,71,9.926,1.209,0.27391291350035035,1.0
4,72,cocoa,3,18,2.517,1.192,0.47215070661532377,1.0
4,72,medicinal,1,16,2.237,0.447,0.9135567340143014,1.0
4,72,grassy,0,10,1.398,0.0,1.0,1.0
4,72,leathery,1,5,0.699,1.431,0.5305350133667337,1.0
4,72,ethereal,1,21,2.936,0.341,0.960473292260513,1.0
4,72,rummy,0,8,1.118,0.0,1.0,1.0
4,72,grape,0,11,1.538,0.0,1.0,1.0
4,72,fruity,24,181,25.305,0.948,0.6817543792588951,1.0
4,72,cooling,0,10,1.398,0.0,1.0,1.0
4,72,camphoreous,0,20,2.796,0.0,1.0,1.0
4,72,hazelnut,0,10,1.398,0.0,1.0,1.0
4,72,potato,1,14,1.957,0.511,0.8820663239362486,1.0
4,72,burnt,2,19,2.656,0.753,0.7717227387146867,1.0
4,72,green,25,159,22.229,1.125,0.2636823659262864,1.0
4,72,dry,3,18,2.517,1.192,0.47215070661532377,1.0
4,72,hay,2,8,1.118,1.788,0.310415332306993,1.0
4,72,acidic,0,8,1.118,0.0,1.0,1.0
4,72,pungent,3,27,3.775,0.795,0.7561869862738015,1.0
4,72,sharp,3,16,2.237,1.341,0.39208367842682773,1.0
4,72,sour,2,16,2.237,0.894,0.6808870087443833,1.0
4,72,dairy,2,24,3.355,0.596,0.8741131126454798,1.0
4,72,brandy,0,7,0.979,0.0,1.0,1.0
4,72,cognac,0,9,1.258,0.0,1.0,1.0
4,72,apple,5,38,5.313,0.941,0.636770987969383,1.0
4,72,clean,3,19,2.656,1.129,0.5104706806235193,1.0
4,72,milky,0,13,1.817,0.0,1.0,1.0
4,72,creamy,3,39,5.452,0.55,0.9319509468040987,1.0
4,72,odorless,0,9,1.258,0.0,1.0,1.0
4,72,apricot,0,10,1.398,0.0,1.0,1.0
4,72,pear,2,20,2.796,0.715,0.796654050709946,1.0
4,72,pineapple,2,28,3.915,0.511,0.9238483731320277,1.0
4,72,banana,3,25,3.495,0.858,0.7057043622035011,1.0
4,72,orris,2,11,1.538,1.301,0.469654614532716,1.0
4,72,clove,2,9,1.258,1.59,0.3653795381094993,1.0
4,72,phenolic,1,33,4.614,0.217,0.9941676038879176,1.0
4,72,cinnamon,2,9,1.258,1.59,0.3653795381094993,1.0
4,72,smoky,0,13,1.817,0.0,1.0,1.0
4,72,savory,1,16,2.237,0.447,0.9135567340143014,1.0
4,72,brown,1,8,1.118,0.894,0.7029062103615108,1.0
4,72,coffee,3,21,2.936,1.022,0.5825973315587303,1.0
4,72,beefy,1,5,0.699,1.431,0.5305350133667337,1.0
4,72,tropical,6,39,5.452,1.1,0.47095891347112206,1.0
4,72,ripe,1,9,1.258,0.795,0.7450970443930123,1.0
4,72,aldehydic,5,34,4.753,1.052,0.529840192458505,1.0
4,72,mushroom,1,15,2.097,0.477,0.8990148761849315,1.0
4,72,vegetable,3,37,5.173,0.58,0.9145437621457067,1.0
4,72,cucumber,0,12,1.678,0.0,1.0,1.0
4,72,natural,1,9,1.258,0.795,0.7450970443930123,1.0
4,72,animal,4,27,3.775,1.06,0.5371972134264696,1.0
4,72,musk,7,34,4.753,1.473,0.18222371576090982,1.0
4,72,hawthorn,1,5,0.699,1.431,0.5305350133667337,1.0
4,72,anisic,1,12,1.678,0.596,0.8393192639715448,1.0
4,72,vanilla,2,16,2.237,0.894,0.6808870087443833,1.0
4,72,caramellic,0,22,3.076,0.0,1.0,1.0
4,72,meaty,3,30,4.194,0.715,0.8188266531808119,1.0
4,72,fishy,0,6,0.839,0.0,1.0,1.0
4,72,warm,2,12,1.678,1.192,0.5179577919146343,1.0
4,72,tobacco,1,11,1.538,0.65,0.8125391413001356,1.0
4,72,coumarinic,2,9,1.258,1.59,0.3653795381094993,1.0
4,72,ketonic,1,12,1.678,0.596,0.8393192639715448,1.0
4,72,mint,1,11,1.538,0.65,0.8125391413001356,1.0
4,72,chemical,1,5,0.699,1.431,0.5305350133667337,1.0
4,72,chicken,1,12,1.678,0.596,0.8393192639715448,1.0
4,72,metallic,3,24,3.355,0.894,0.6777029072606542,1.0
4,72,onion,2,21,2.936,0.681,0.8191863369363899,1.0
4,72,garlic,0,15,2.097,0.0,1.0,1.0
4,72,sulfurous,4,36,5.033,0.795,0.7705242740914645,1.0
4,72,geranium,2,11,1.538,1.301,0.469654614532716,1.0
4,72,lavender,2,7,0.979,2.044,0.2546178590824233,1.0
4,72,estery,0,10,1.398,0.0,1.0,1.0
4,72,alliaceous,0,14,1.957,0.0,1.0,1.0
4,72,cabbage,2,7,0.979,2.044,0.2546178590824233,1.0
4,72,aromatic,0,5,0.699,0.0,1.0,1.0
4,72,jasmine,2,13,1.817,1.1,0.5633189539743569,1.0
4,72,peach,1,15,2.097,0.477,0.8990148761849315,1.0
4,72,bergamot,1,5,0.699,1.431,0.5305350133667337,1.0
4,72,melon,3,19,2.656,1.129,0.5104706806235193,1.0
4,72,strawberry,0,13,1.817,0.0,1.0,1.0
4,72,grapefruit,2,9,1.258,1.59,0.3653795381094993,1.0
4,72,anise,1,6,0.839,1.192,0.5968124232443713,1.0
4,72,leafy,2,12,1.678,1.192,0.5179577919146343,1.0
4,72,jammy,0,6,0.839,0.0,1.0,1.0
4,72,raspberry,1,7,0.979,1.022,0.6538448506046961,1.0
4,72,berry,2,18,2.517,0.795,0.7442225220735113,1.0
4,72,gasoline,0,5,0.699,0.0,1.0,1.0
4,72,plum,2,11,1.538,1.301,0.469654614532716,1.0
4,72,rum,0,6,0.839,0.0,1.0,1.0
4,72,jasmin,3,17,2.377,1.262,0.4325971716577476,1.0
4,72,lactonic,1,10,1.398,0.715,0.7813678206849157,1.0
4,72,weedy,0,5,0.699,0.0,1.0,1.0
5,168,coconut,18,23,7.503,2.399,5.727740422200397e-06,0.0007675172165748532
5,168,waxy,49,95,30.99,1.581,1.7039817736912456e-05,0.0019571447800682306
5,168,oily,34,61,19.899,1.709,6.150313301971095e-05,0.0047455168467295285
5,168,citrus,39,75,24.466,1.594,0.0001334935884157932,0.007666346077592695
5,168,jasmin,13,17,5.546,2.344,0.0002113483497096417,0.010620254572909495
5,168,musk,20,34,11.091,1.803,0.0010328105223175738,0.037744529997424066
5,168,peach,11,15,4.893,2.248,0.0012653014134976419,0.04423053636748279
5,168,fatty,45,103,33.6,1.339,0.0057716557365524255,0.1539331116667196
5,168,metallic,14,24,7.829,1.788,0.007091359916151129,0.16768980507604436
5,168,floral,62,153,49.911,1.242,0.009000923799262307,0.18648989836643365
5,168,aldehydic,18,34,11.091,1.623,0.00904635294048727,0.18648989836643365
5,168,lactonic,7,10,3.262,2.146,0.016429172257422273,0.25859946840089704
5,168,fresh,41,97,31.643,1.296,0.01767020836280228,0.2680537268621327
5,168,herbal,36,84,27.402,1.314,0.020961130063364836,0.3059209521661494
5,168,dairy,13,24,7.829,1.66,0.021104612486873082,0.3059209521661494
5,168,mushroom,9,15,4.893,1.839,0.024965399249317018,0.3200521472241101
5,168,fruity,69,181,59.045,1.169,0.03182435200130156,0.3876784698340372
5,168,cognac,6,9,2.936,2.044,0.036885275820175346,0.42979364868726055
5,168,natural,6,9,2.936,2.044,0.036885275820175346,0.42979364868726055
5,168,soapy,9,16,5.219,1.724,0.041214386961303674,0.460227321067891
5,168,winey,11,21,6.85,1.606,0.044573544276540346,0.49091958353888265
5,168,creamy,18,39,12.722,1.415,0.0472173168736583,0.506169636885617
5,168,ketonic,7,12,3.915,1.788,0.05739707669460917,0.5429088195584209
5,168,lemon,7,12,3.915,1.788,0.05739707669460917,0.5429088195584209
5,168,apricot,6,10,3.262,1.839,0.06756943116430492,0.6104025017539455
5,168,orange,13,28,9.134,1.423,0.08375795823126364,0.7088568254519575
5,168,milky,7,13,4.241,1.651,0.09079818978532919,0.7300174458740467
5,168,geranium,6,11,3.588,1.672,0.10925127386939978,0.8445963864518984
5,168,animal,12,27,8.808,1.362,0.12904746036376935,0.8852797810628045
5,168,coumarinic,5,9,2.936,1.703,0.13213792983324021,0.8852797810628045
5,168,rose,20,50,16.311,1.226,0.15565123492764996,0.9201734770722836
5,168,raspberry,4,7,2.283,1.752,0.1610170373338137,0.9449467008495345
5,168,terpenic,3,10,3.262,0.92,0.6861446475065962,1.0
5,168,peppery,1,7,2.283,0.438,0.9381996145745625,1.0
5,168,pine,1,11,3.588,0.279,0.9876717102370945,1.0
5,168,minty,8,26,8.482,0.943,0.6558729494462653,1.0
5,168,bready,3,8,2.61,1.15,0.514876892268368,1.0
5,168,spicy,10,54,17.616,0.568,0.9952670930852582,1.0
5,168,mentholic,4,8,2.61,1.533,0.24281428595275667,1.0
5,168,balsamic,5,38,12.396,0.403,0.9988608239669426,1.0
5,168,solvent,1,7,2.283,0.438,0.9381996145745625,1.0
5,168,fermented,7,15,4.893,1.431,0.1829767122094356,1.0
5,168,sweet,81,234,76.334,1.061,0.2157229220226085,1.0
5,168,alcoholic,2,7,2.283,0.876,0.725069839617628,1.0
5,168,honey,4,15,4.893,0.817,0.7774727406937718,1.0
5,168,earthy,8,36,11.744,0.681,0.945163763682394,1.0
5,168,cheesy,10,36,11.744,0.852,0.7940435340360776,1.0
5,168,buttery,9,23,7.503,1.2,0.3185163437411174,1.0
5,168,powdery,19,48,15.658,1.213,0.178470245609133,1.0
5,168,musty,13,44,14.353,0.906,0.7298620327100926,1.0
5,168,chocolate,0,14,4.567,0.0,1.0,1.0
5,168,nutty,7,45,14.68,0.477,0.9980265550740759,1.0
5,168,roasted,2,28,9.134,0.219,0.9998289961797714,1.0
5,168,woody,20,71,23.161,0.864,0.8409085842562479,1.0
5,168,cocoa,2,18,5.872,0.341,0.9928192981177433,1.0
5,168,medicinal,0,16,5.219,0.0,1.0,1.0
5,168,grassy,3,10,3.262,0.92,0.6861446475065962,1.0
5,168,leathery,1,5,1.631,0.613,0.8624379443622187,1.0
5,168,ethereal,3,21,6.85,0.438,0.9863682101679443,1.0
5,168,rummy,3,8,2.61,1.15,0.514876892268368,1.0
5,168,grape,5,11,3.588,1.393,0.2695857240294887,1.0
5,168,cooling,3,10,3.262,0.92,0.6861446475065962,1.0
5,168,camphoreous,5,20,6.524,0.766,0.8374439463839736,1.0
5,168,hazelnut,1,10,3.262,0.307,0.9815258565867441,1.0
5,168,potato,0,14,4.567,0.0,1.0,1.0
5,168,burnt,3,19,6.198,0.484,0.9743281178115081,1.0
5,168,green,52,159,51.868,1.003,0.5280352020400154,1.0
5,168,dry,8,18,5.872,1.362,0.20009202003725376,1.0
5,168,hay,3,8,2.61,1.15,0.514876892268368,1.0
5,168,acidic,0,8,2.61,0.0,1.0,1.0
5,168,pungent,4,27,8.808,0.454,0.9913886144415597,1.0
5,168,sharp,0,16,5.219,0.0,1.0,1.0
5,168,sour,0,16,5.219,0.0,1.0,1.0
5,168,brandy,3,7,2.283,1.314,0.41285341490001376,1.0
5,168,apple,10,38,12.396,0.807,0.8515891767859085,1.0
5,168,clean,8,19,6.198,1.291,0.2534809825439821,1.0
5,168,odorless,2,9,2.936,0.681,0.848990298949957,1.0
5,168,pear,6,20,6.524,0.92,0.683023398636065,1.0
5,168,pineapple,8,28,9.134,0.876,0.7467105303026812,1.0
5,168,banana,8,25,8.155,0.981,0.6041453622671484,1.0
5,168,orris,5,11,3.588,1.393,0.2695857240294887,1.0
5,168,violet,3,9,2.936,1.022,0.6066376529783672,1.0
5,168,clove,0,9,2.936,0.0,1.0,1.0
5,168,phenolic,1,33,10.765,0.093,0.99999870078388,1.0
5,168,cinnamon,1,9,2.936,0.341,0.9723434421091494,1.0
5,168,smoky,0,13,4.241,0.0,1.0,1.0
5,168,savory,2,16,5.219,0.383,0.9853790836537472,1.0
5,168,muguet,2,5,1.631,1.226,0.5255512774941824,1.0
5,168,lily,4,10,3.262,1.226,0.42112133241249944,1.0
5,168,brown,1,8,2.61,0.383,0.9586375373136835,1.0
5,168,coffee,1,21,6.85,0.146,0.9997956888781439,1.0
5,168,beefy,1,5,1.631,0.613,0.8624379443622187,1.0
5,168,tropical,11,39,12.722,0.865,0.7829446223339638,1.0
5,168,ripe,2,9,2.936,0.681,0.848990298949957,1.0
5,168,vegetable,11,37,12.07,0.911,0.7116015984619386,1.0
5,168,cucumber,4,12,3.915,1.022,0.5880338534375508,1.0
5,168,hawthorn,2,5,1.631,1.226,0.5255512774941824,1.0
5,168,anisic,2,12,3.915,0.511,0.9424679811064411,1.0
5,168,vanilla,1,16,5.219,0.192,0.9983926674745179,1.0
5,168,caramellic,4,22,7.177,0.557,0.9624830067078077,1.0
5,168,meaty,6,30,9.786,0.613,0.9622180116193375,1.0
5,168,fishy,2,6,1.957,1.022,0.6358651468411669,1.0
5,168,tea,1,6,1.957,0.511,0.907752503866429,1.0
5,168,warm,2,12,3.915,0.511,0.9424679811064411,1.0
5,168,hyacinth,1,7,2.283,0.438,0.9381996145745625,1.0
5,168,tobacco,2,11,3.588,0.557,0.920067320083239,1.0
5,168,mint,5,11,3.588,1.393,0.2695857240294887,1.0
5,168,chemical,0,5,1.631,0.0,1.0,1.0
5,168,almond,0,9,2.936,0.0,1.0,1.0
5,168,cherry,2,15,4.893,0.409,0.9792606475668421,1.0
5,168,chicken,2,12,3.915,0.511,0.9424679811064411,1.0
5,168,onion,1,21,6.85,0.146,0.9997956888781439,1.0
5,168,garlic,1,15,4.893,0.204,0.9975793184857197,1.0
5,168,sulfurous,6,36,11.744,0.511,0.9922895872689225,1.0
5,168,lavender,3,7,2.283,1.314,0.41285341490001376,1.0
5,168,estery,2,10,3.262,0.613,0.8897017118107972,1.0
5,168,alliaceous,1,14,4.567,0.219,0.9963580737577945,1.0
5,168,cabbage,2,7,2.283,0.876,0.725069839617628,1.0
5,168,aromatic,2,5,1.631,1.226,0.5255512774941824,1.0
5,168,jasmine,5,13,4.241,1.179,0.4256358465431311,1.0
5,168,bergamot,1,5,1.631,0.613,0.8624379443622187,1.0
5,168,melon,8,19,6.198,1.291,0.2534809825439821,1.0
5,168,strawberry,4,13,4.241,0.943,0.6602107453906257,1.0
5,168,grapefruit,1,9,2.936,0.341,0.9723434421091494,1.0
5,168,ozone,1,5,1.631,0.613,0.8624379443622187,1.0
5,168,anise,2,6,1.957,1.022,0.6358651468411669,1.0
5,168,amber,4,8,2.61,1.533,0.24281428595275667,1.0
5,168,leafy,4,12,3.915,1.022,0.5880338534375508,1.0
5,168,jammy,3,6,1.957,1.533,0.3049235388002137,1.0
5,168,berry,6,18,5.872,1.022,0.5643004604548661,1.0
5,168,gasoline,1,5,1.631,0.613,0.8624379443622187,1.0
5,168,plum,2,11,3.588,0.557,0.920067320083239,1.0
5,168,rum,2,6,1.957,1.022,0.6358651468411669,1.0
5,168,weedy,3,5,1.631,1.839,0.19845782768626377,1.0
