SML,SMILES,MolWt,LogP,TPSA,HBD,HBA,RotBonds,AromaticRings,RingCount,FracCsp3,HeavyAtoms,nO,nN,nS,fg_alcohol,fg_phenol,fg_carboxylic_acid,fg_ester,fg_ether,fg_aldehyde,fg_ketone,fg_amine,fg_aromatic,fg_benzene,fg_lactone,fg_sulfide,fg_nitrile,fg_halogen,fg_terpene_isopropyl
SML0000,CC1=CC[C@H](CC1)C(=C)C,136.238,3.308900000000002,0.0,0,0,1,0,1,0.6,10,0,0,0,0,0,0,0,0,0,0,0,0,0,0,0,0,0,0
SML0001,CC1=CC[C@@H](CC1=O)C(=C)C,150.22099999999998,2.4879000000000007,17.07,0,1,1,0,1,0.5,11,1,0,0,0,0,0,0,0,0,1,0,0,0,0,0,0,0,0
SML0002,C[C@H]1CC[C@@H]([C@H](C1)O)C(C)C,156.26899999999998,2.4395000000000007,20.23,1,1,1,0,1,1.0,11,1,0,0,1,0,0,0,0,0,0,0,0,0,0,0,0,0,0
SML0003,CCCCO,74.12299999999999,0.7787999999999999,20.23,1,1,2,0,0,1.0,5,1,0,0,1,0,0,0,0,0,0,0,0,0,0,0,0,0,0
SML0004,CCCCOCC(C)O,132.203,1.1839,29.46,1,2,5,0,0,1.0,9,2,0,0,1,0,0,0,1,0,0,0,0,0,0,0,0,0,0
SML0005,CCCCCCCCCCCCO,186.33899999999997,3.8996000000000035,20.23,1,1,10,0,0,1.0,13,1,0,0,1,0,0,0,0,0,0,0,0,0,0,0,0,0,0
SML0006,CCCO,60.096,0.3887,20.23,1,1,1,0,0,1.0,4,1,0,0,1,0,0,0,0,0,0,0,0,0,0,0,0,0,0
SML0007,CCCCC(=O)C(=O)C,128.17099999999996,1.3347,34.14,0,2,4,0,0,0.7142857142857143,9,2,0,0,0,0,0,0,0,0,1,0,0,0,0,0,0,0,0
SML0008,CC1=CN=C(C=N1)C,108.14399999999999,1.0934399999999997,25.78,0,2,0,1,1,0.3333333333333333,8,0,2,0,0,0,0,0,0,0,0,0,1,0,0,0,0,0,0
SML0009,CCC(C)CO,88.14999999999999,1.0248,20.23,1,1,2,0,0,1.0,6,1,0,0,1,0,0,0,0,0,0,0,0,0,0,0,0,0,0
SML0010,CCCC(=O)CC,100.16099999999999,1.7656,17.07,0,1,3,0,0,0.8333333333333334,7,1,0,0,0,0,0,0,0,0,1,0,0,0,0,0,0,0,0
SML0011,CCC(CC)O,88.14999999999999,1.1673,20.23,1,1,2,0,0,1.0,6,1,0,0,1,0,0,0,0,0,0,0,0,0,0,0,0,0,0
SML0012,CC1=CCC2CC1C2(C)C,136.238,2.9987000000000013,0.0,0,0,0,0,3,0.8,10,0,0,0,0,0,0,0,0,0,0,0,0,0,0,0,0,0,0
SML0013,CCC1=NC=CN=C1C,122.17099999999998,1.34742,25.78,0,2,1,1,1,0.42857142857142855,9,0,2,0,0,0,0,0,0,0,0,0,1,0,0,0,0,0,0
SML0014,CC1(C2CCC(=C)C1C2)C,136.238,2.9987000000000013,0.0,0,0,0,0,3,0.8,10,0,0,0,0,0,0,0,0,0,0,0,0,0,0,0,0,0,0
SML0015,CC(=O)O,60.05200000000001,0.09089999999999993,37.3,1,1,0,0,0,0.5,4,2,0,0,0,0,1,0,0,0,0,0,0,0,0,0,0,0,0
SML0016,CCCC(=O)O,88.10599999999998,0.8711,37.3,1,1,2,0,0,0.75,6,2,0,0,0,0,1,0,0,0,0,0,0,0,0,0,0,0,0
SML0017,C1=CC=C2C(=C1)C=CC(=O)O2,146.14499999999995,1.7929999999999997,30.21,0,2,0,2,2,0.0,11,2,0,0,0,0,0,0,0,0,0,0,1,1,0,0,0,0,0
SML0018,CCCCCCCCCCCC(=O)O,200.32199999999997,3.991900000000002,37.3,1,1,10,0,0,0.9166666666666666,14,2,0,0,0,0,1,0,0,0,0,0,0,0,0,0,0,0,0
SML0019,CCCCCCCCCC(=O)OCC,200.32199999999997,3.6902000000000026,26.3,0,2,9,0,0,0.9166666666666666,14,2,0,0,0,0,0,1,1,0,0,0,0,0,0,0,0,0,0
SML0020,CCCCCCCCCCCC(=O)OCC,228.37599999999995,4.470400000000004,26.3,0,2,11,0,0,0.9285714285714286,16,2,0,0,0,0,0,1,1,0,0,0,0,0,0,0,0,0,0
SML0021,CCCCCCCCCCCCCCCC(=O)OCC,284.484,6.030800000000006,26.3,0,2,15,0,0,0.9444444444444444,20,2,0,0,0,0,0,1,1,0,0,0,0,0,0,0,0,0,0
SML0022,CCCCCCCCCCCCCCCCCC(=O)OCC,312.538,6.811000000000008,26.3,0,2,17,0,0,0.95,22,2,0,0,0,0,0,1,1,0,0,0,0,0,0,0,0,0,0
SML0023,CCCCCCCC(=O)OCC,172.26799999999997,2.910000000000001,26.3,0,2,7,0,0,0.9,12,2,0,0,0,0,0,1,1,0,0,0,0,0,0,0,0,0,0
SML0024,CCCCCCCCCCCCCC(=O)OCC,256.4299999999999,5.250600000000005,26.3,0,2,13,0,0,0.9375,18,2,0,0,0,0,0,1,1,0,0,0,0,0,0,0,0,0,0
SML0025,COC1=C(C=CC(=C1)CC=C)O,164.20399999999998,2.1293,29.46,1,2,3,1,1,0.2,12,2,0,0,0,1,0,0,1,0,0,0,1,1,0,0,0,0,0
SML0026,CC(=CCC/C(=C/CC/C(=C/CO)/C)/C)C,222.37199999999999,4.3979000000000035,20.23,1,1,7,0,0,0.6,16,1,0,0,1,0,0,0,0,0,0,0,0,0,0,0,0,0,0
SML0027,CC(=CCC/C(=C/CO)/C)C,154.253,2.671400000000001,20.23,1,1,4,0,0,0.6,11,1,0,0,1,0,0,0,0,0,0,0,0,0,0,0,0,0,0
SML0028,CC1=CN=CC(=N1)C,108.14399999999999,1.0934399999999997,25.78,0,2,0,1,1,0.3333333333333333,8,0,2,0,0,0,0,0,0,0,0,0,1,0,0,0,0,0,0
SML0029,CC(C)CC(=O)O,102.13299999999998,1.1171,37.3,1,1,2,0,0,0.8,7,2,0,0,0,0,1,0,0,0,0,0,0,0,0,0,0,0,0
SML0030,CC(C(=O)O)O,90.07799999999999,-0.5482,57.53,2,2,1,0,0,0.6666666666666666,6,3,0,0,1,0,1,0,0,0,0,0,0,0,0,0,0,0,0
SML0031,CC(CC1=CC=C(C=C1)C(C)(C)C)C=O,204.31299999999996,3.361600000000002,17.07,0,1,3,1,1,0.5,15,1,0,0,0,0,0,0,0,1,0,0,1,1,0,0,0,0,0
SML0032,CC(=CCCC(C)(C=C)O)C,154.25300000000001,2.6698000000000013,20.23,1,1,4,0,0,0.6,11,1,0,0,1,0,0,0,0,0,0,0,0,0,0,0,0,0,0
SML0033,CC(C)(CCCC1=CCC(CC1)C=O)O,210.31699999999998,2.853000000000002,37.3,1,2,5,0,1,0.7692307692307693,15,2,0,0,1,0,0,0,0,1,0,0,0,0,0,0,0,0,0
SML0034,CC(=O)NCCC1=CNC2=C1C=C(C=C2)OC,232.283,1.8551,54.120000000000005,2,2,4,2,2,0.3076923076923077,17,2,2,0,0,0,0,0,1,0,0,0,1,1,0,0,0,0,0
SML0035,CCCCCCCCCCCC(=O)OC,214.34899999999996,4.080300000000003,26.3,0,2,10,0,0,0.9230769230769231,15,2,0,0,0,0,0,1,1,0,0,0,0,0,0,0,0,0,0
SML0036,CCCCCCCCCCCCCCCC(=O)OC,270.45699999999994,5.640700000000005,26.3,0,2,14,0,0,0.9411764705882353,19,2,0,0,0,0,0,1,1,0,0,0,0,0,0,0,0,0,0
SML0037,CCCCCCCCCCCCCCCCCC(=O)OC,298.51099999999997,6.420900000000007,26.3,0,2,16,0,0,0.9473684210526315,21,2,0,0,0,0,0,1,1,0,0,0,0,0,0,0,0,0,0
SML0038,CCCCCCCC(=O)OC,158.24099999999999,2.5199000000000007,26.3,0,2,6,0,0,0.8888888888888888,11,2,0,0,0,0,0,1,1,0,0,0,0,0,0,0,0,0,0
SML0039,CCCCCCCCCCCCCC(=O)OC,242.40299999999993,4.8605000000000045,26.3,0,2,12,0,0,0.9333333333333333,17,2,0,0,0,0,0,1,1,0,0,0,0,0,0,0,0,0,0
SML0040,CC1=CC(=CC=C1)C,106.16799999999998,2.30344,0.0,0,0,0,1,1,0.25,8,0,0,0,0,0,0,0,0,0,0,0,1,1,0,0,0,0,0
SML0041,CCCCCCCCC=O,142.242,2.935900000000001,17.07,0,1,7,0,0,0.8888888888888888,10,1,0,0,0,0,0,0,0,1,0,0,0,0,0,0,0,0,0
SML0042,CC1CCCCCCCCCCCCC(=O)C1,238.41499999999994,5.276500000000005,17.07,0,1,0,0,1,0.9375,17,1,0,0,0,0,0,0,0,0,1,0,0,0,0,0,0,0,0
SML0043,CCCCCCCCCCCCCCCCCC(=O)O,284.4839999999999,6.332500000000007,37.3,1,1,16,0,0,0.9444444444444444,20,2,0,0,0,0,1,0,0,0,0,0,0,0,0,0,0,0,0
SML0044,CCCCCCCC=O,128.215,2.5458000000000007,17.07,0,1,6,0,0,0.875,9,1,0,0,0,0,0,0,0,1,0,0,0,0,0,0,0,0,0
SML0045,CCCCCCCCCCCCCCCC(=O)O,256.4299999999999,5.552300000000005,37.3,1,1,14,0,0,0.9375,18,2,0,0,0,0,1,0,0,0,0,0,0,0,0,0,0,0,0
SML0046,COC1=CC=C(C=C1)C=O,136.14999999999998,1.5076999999999998,26.3,0,2,2,1,1,0.125,10,2,0,0,0,0,0,0,1,1,0,0,1,1,0,0,0,0,0
SML0047,CC1=CC=C(C=C1)C(C)C,134.22199999999998,3.118420000000002,0.0,0,0,1,1,1,0.4,10,0,0,0,0,0,0,0,0,0,0,0,1,1,0,0,0,0,0
SML0048,CCCCCCCCCCCCCCC(=O)O,242.40299999999993,5.162200000000004,37.3,1,1,13,0,0,0.9333333333333333,17,2,0,0,0,0,1,0,0,0,0,0,0,0,0,0,0,0,0
SML0049,CCC(=O)O,74.079,0.481,37.3,1,1,1,0,0,0.6666666666666666,5,2,0,0,0,0,1,0,0,0,0,0,0,0,0,0,0,0,0
SML0050,CC1C(=C(C(=O)O1)O)C,128.12699999999995,0.7636999999999998,46.53,1,3,0,0,1,0.5,9,3,0,0,1,0,0,1,1,0,0,0,0,0,1,0,0,0,0
SML0051,CCCCCCCCCCCCCC(=O)O,228.37599999999995,4.772100000000004,37.3,1,1,12,0,0,0.9285714285714286,16,2,0,0,0,0,1,0,0,0,0,0,0,0,0,0,0,0,0
SML0052,CCCCCCCCCCC=O,170.296,3.7161000000000026,17.07,0,1,9,0,0,0.9090909090909091,12,1,0,0,0,0,0,0,0,1,0,0,0,0,0,0,0,0,0
SML0053,COC1=C(C=CC(=C1)C=O)O,152.14899999999997,1.2133,46.53,1,3,2,1,1,0.125,11,3,0,0,0,1,0,0,1,1,0,0,1,1,0,0,0,0,0
SML0054,CC1=C(C(=CC=C1)C)C,120.19499999999996,2.611860000000001,0.0,0,0,0,1,1,0.3333333333333333,9,0,0,0,0,0,0,0,0,0,0,0,1,1,0,0,0,0,0
SML0055,CCCCCCCCO,130.23100000000002,2.3392000000000013,20.23,1,1,6,0,0,1.0,9,1,0,0,1,0,0,0,0,0,0,0,0,0,0,0,0,0,0
SML0056,CC1CCC2=NC=CN=C12,134.182,1.5263,25.78,0,2,0,1,2,0.5,10,0,2,0,0,0,0,0,0,0,0,0,1,0,0,0,0,0,0
SML0057,CCCCCCC(=O)O,130.187,2.0414,37.3,1,1,5,0,0,0.8571428571428571,9,2,0,0,0,0,1,0,0,0,0,0,0,0,0,0,0,0,0
SML0058,CCCCCC(=O)O,116.15999999999998,1.6513,37.3,1,1,4,0,0,0.8333333333333334,8,2,0,0,0,0,1,0,0,0,0,0,0,0,0,0,0,0,0
SML0059,C=CC1=NC=CN=C1,106.12799999999997,1.1196,25.78,0,2,1,1,1,0.0,8,0,2,0,0,0,0,0,0,0,0,0,1,0,0,0,0,0,0
SML0060,CCCCCCCCCC(=O)OC,186.295,3.3001000000000023,26.3,0,2,8,0,0,0.9090909090909091,13,2,0,0,0,0,0,1,1,0,0,0,0,0,0,0,0,0,0
SML0061,CCCCCCCC(=O)O,144.214,2.4314999999999998,37.3,1,1,6,0,0,0.875,10,2,0,0,0,0,1,0,0,0,0,0,0,0,0,0,0,0,0
SML0062,CC1=NC=CN=C1C,108.14399999999999,1.09344,25.78,0,2,0,1,1,0.3333333333333333,8,0,2,0,0,0,0,0,0,0,0,0,1,0,0,0,0,0,0
SML0063,COC1=NC=CN=C1,110.11599999999999,0.48519999999999985,35.010000000000005,0,3,1,1,1,0.2,8,1,2,0,0,0,0,0,1,0,0,0,1,0,0,0,0,0,0
SML0064,CC(=O)C1=NC=CN=C1,122.12699999999998,0.6791999999999999,42.85,0,3,1,1,1,0.16666666666666666,9,1,2,0,0,0,0,0,0,0,1,0,1,0,0,0,0,0,0
SML0065,CC1=NC=CN=C1,94.11699999999999,0.7850199999999999,25.78,0,2,0,1,1,0.2,7,0,2,0,0,0,0,0,0,0,0,0,1,0,0,0,0,0,0
SML0066,CCC(C)C1=NC=CN=C1OC,166.224,1.9987,35.010000000000005,0,3,3,1,1,0.5555555555555556,12,1,2,0,0,0,0,0,1,0,0,0,1,0,0,0,0,0,0
SML0067,CCC1=CN=C(C(=N1)C)C,136.19799999999998,1.65584,25.78,0,2,1,1,1,0.5,10,0,2,0,0,0,0,0,0,0,0,0,1,0,0,0,0,0,0
SML0068,CCC1=NC=C(N=C1CC)C,150.225,1.90982,25.78,0,2,2,1,1,0.5555555555555556,11,0,2,0,0,0,0,0,0,0,0,0,1,0,0,0,0,0,0
SML0069,COC1=C(C=C(C=C1)CC=C)OC,178.23099999999997,2.4323000000000006,18.46,0,2,4,1,1,0.2727272727272727,13,2,0,0,0,0,0,0,1,0,0,0,1,1,0,0,0,0,0
SML0070,CCC1=NC=CN=C1CC,136.19799999999998,1.6014,25.78,0,2,2,1,1,0.5,10,0,2,0,0,0,0,0,0,0,0,0,1,0,0,0,0,0,0
SML0071,CCC1=NC=CN=C1OC,138.17,1.0475999999999999,35.010000000000005,0,3,2,1,1,0.42857142857142855,10,1,2,0,0,0,0,0,1,0,0,0,1,0,0,0,0,0,0
SML0072,CC(C)(C)C1=CC=CC=C1,134.22199999999998,2.9841000000000015,0.0,0,0,0,1,1,0.4,10,0,0,0,0,0,0,0,0,0,0,0,1,1,0,0,0,0,0
SML0073,CC(CC=O)C1=CC=CC=C1,148.20499999999998,2.3791,17.07,0,1,3,1,1,0.3,11,1,0,0,0,0,0,0,0,1,0,0,1,1,0,0,0,0,0
SML0074,CC(=CCC/C(=C\CO)/C)C,154.253,2.671400000000001,20.23,1,1,4,0,0,0.6,11,1,0,0,1,0,0,0,0,0,0,0,0,0,0,0,0,0,0
SML0075,C1CCCCCCCOC(=O)CCCCCC1,240.38699999999992,4.614500000000005,26.3,0,2,0,0,1,0.9333333333333333,17,2,0,0,0,0,0,1,1,0,0,0,0,0,1,0,0,0,0
SML0076,C1CCCCCCOC(=O)/C=C/CCCCC1,238.37099999999995,4.390500000000004,26.3,0,2,0,0,1,0.8,17,2,0,0,0,0,0,1,1,0,0,0,0,0,1,0,0,0,0
SML0077,CCCCCOC(=O)C,130.18699999999998,1.7397,26.3,0,2,4,0,0,0.8571428571428571,9,2,0,0,0,0,0,1,1,0,0,0,0,0,0,0,0,0,0
SML0078,C1CCC(=O)CC1,98.145,1.5196,17.07,0,1,0,0,1,0.8333333333333334,7,1,0,0,0,0,0,0,0,0,1,0,0,0,0,0,0,0,0
SML0079,CCCCCC(=O)C,114.18799999999999,2.1557000000000004,17.07,0,1,4,0,0,0.8571428571428571,8,1,0,0,0,0,0,0,0,0,1,0,0,0,0,0,0,0,0
SML0080,CC(=O)C1=CC=CC=C1,120.15099999999995,1.8892,17.07,0,1,1,1,1,0.125,9,1,0,0,0,0,0,0,0,0,1,0,1,1,0,0,0,0,0
SML0081,CC1C(=NC(S1)C)C,129.22799999999998,1.9286,12.36,0,2,0,0,1,0.8333333333333334,8,0,1,1,0,0,0,0,0,0,0,0,0,0,0,1,0,0,0
SML0082,CC1=C(C(=C(C(=C1[N+](=O)[O-])C(C)(C)C)[N+](=O)[O-])C)[N+](=O)[O-],297.267,3.325540000000003,129.42000000000002,0,6,3,1,1,0.5,21,6,3,0,0,0,0,0,0,0,0,0,1,1,0,0,0,0,0
SML0083,C[C@@H]1CC[C@H]([C@@H](C1)O)C(C)C,156.26899999999998,2.4395000000000007,20.23,1,1,1,0,1,1.0,11,1,0,0,1,0,0,0,0,0,0,0,0,0,0,0,0,0,0
SML0084,CCC(=O)C,72.107,0.9854,17.07,0,1,1,0,0,0.75,5,1,0,0,0,0,0,0,0,0,1,0,0,0,0,0,0,0,0
SML0085,CCCCCCC/C=C/C=O,154.253,3.102000000000002,17.07,0,1,7,0,0,0.7,11,1,0,0,0,0,0,0,0,1,0,0,0,0,0,0,0,0,0
SML0086,CCC1(C(C2CCC1(C2)C)(C)C)O,182.307,2.9737000000000022,20.23,1,1,1,0,2,1.0,13,1,0,0,1,0,0,0,0,0,0,0,0,0,0,0,0,0,0
SML0087,CC1=CC(=C(C=C1)O)OC,138.16599999999997,1.7092199999999997,29.46,1,2,1,1,1,0.25,10,2,0,0,0,1,0,0,1,0,0,0,1,1,0,0,0,0,0
SML0088,CC(C)CCC(=O)O,116.15999999999998,1.5072,37.3,1,1,3,0,0,0.8333333333333334,8,2,0,0,0,0,1,0,0,0,0,0,0,0,0,0,0,0,0
SML0089,C[C@]12CC[C@H]3[C@H]([C@@H]1CC=C2)CC[C@@H]4[C@@]3(CCC(=O)C4)C,272.43199999999996,4.764300000000004,17.07,0,1,0,0,4,0.8421052631578947,20,1,0,0,0,0,0,0,0,0,1,0,0,0,0,0,0,0,0
SML0090,CC(C)(C)C1=CC=C(C=C1)CCC=O,190.28599999999994,3.1156000000000015,17.07,0,1,3,1,1,0.46153846153846156,14,1,0,0,0,0,0,0,0,1,0,0,1,1,0,0,0,0,0
SML0091,CCCCOC(=O)C,116.15999999999998,1.3496000000000001,26.3,0,2,3,0,0,0.8333333333333334,8,2,0,0,0,0,0,1,1,0,0,0,0,0,0,0,0,0,0
SML0092,CC1(C2CCC(O1)(CC2)C)C,154.25300000000001,2.7441000000000013,9.23,0,1,0,0,3,1.0,11,1,0,0,0,0,0,0,1,0,0,0,0,0,0,0,0,0,0
SML0093,CC/C=C\CCO,100.161,1.335,20.23,1,1,3,0,0,0.6666666666666666,7,1,0,0,1,0,0,0,0,0,0,0,0,0,0,0,0,0,0
SML0094,CC(=CCC/C(=C/C=O)/C)C,152.237,2.878000000000001,17.07,0,1,4,0,0,0.5,11,1,0,0,0,0,0,0,0,1,0,0,0,0,0,0,0,0,0
SML0095,CCCCCCCCCC=O,156.269,3.3260000000000023,17.07,0,1,8,0,0,0.9,11,1,0,0,0,0,0,0,0,1,0,0,0,0,0,0,0,0,0
SML0096,CC(=O)C(=O)C,86.08999999999999,0.1644,34.14,0,2,1,0,0,0.5,6,2,0,0,0,0,0,0,0,0,1,0,0,0,0,0,0,0,0
SML0097,C=CCSCC=C,114.21299999999998,2.0916,0.0,0,1,4,0,0,0.3333333333333333,7,0,0,1,0,0,0,0,0,0,0,0,0,0,0,1,0,0,0
SML0098,C1=CC=C(C=C1)OC2=CC=CC=C2,170.21099999999998,3.478900000000001,9.23,0,1,2,2,2,0.0,13,1,0,0,0,0,0,0,1,0,0,0,1,1,0,0,0,0,0
SML0099,C1CCCCCC(=O)OCCOC(=O)CCCCC1,270.36899999999997,3.377500000000002,52.6,0,4,0,0,1,0.8666666666666667,19,4,0,0,0,0,0,1,1,0,0,0,0,0,1,0,0,0,0
SML0100,CC(=O)OC1=C(C=C(C=C1)CC=C)OC,206.24099999999996,2.349,35.53,0,3,4,1,1,0.25,15,3,0,0,0,0,0,1,1,0,0,0,1,1,0,0,0,0,0
SML0101,C[C@@]12CC[C@@H](C1)C(C2=O)(C)C,152.237,2.401700000000001,17.07,0,1,0,0,2,0.9,11,1,0,0,0,0,0,0,0,0,1,0,0,0,0,0,0,0,0
SML0102,C[C@]12CC[C@H]3[C@H]([C@@H]1CC=C2)CCC4=CC(=O)CC[C@]34C,270.41599999999994,4.684400000000005,17.07,0,1,0,0,4,0.7368421052631579,20,1,0,0,0,0,0,0,0,0,1,0,0,0,0,0,0,0,0
SML0103,CC(=CCC/C(=C/COC(=O)C)/C)C,196.29,3.242200000000002,26.3,0,2,5,0,0,0.5833333333333334,14,2,0,0,0,0,0,1,1,0,0,0,0,0,0,0,0,0,0
SML0104,COC1=CC=CC=C1O,124.13899999999997,1.4008,29.46,1,2,1,1,1,0.14285714285714285,9,2,0,0,0,1,0,0,1,0,0,0,1,1,0,0,0,0,0
SML0105,CCCCCCCOC(=O)C,158.24099999999999,2.5199000000000007,26.3,0,2,6,0,0,0.8888888888888888,11,2,0,0,0,0,0,1,1,0,0,0,0,0,0,0,0,0,0
SML0106,CCCCCCOC(=O)CCC,172.26799999999997,2.910000000000001,26.3,0,2,7,0,0,0.9,12,2,0,0,0,0,0,1,1,0,0,0,0,0,0,0,0,0,0
SML0107,CC(=O)O[C@H]1C[C@H]2CC[C@]1(C2(C)C)C,196.29,2.7643000000000013,26.3,0,2,1,0,2,0.9166666666666666,14,2,0,0,0,0,0,1,1,0,0,0,0,0,0,0,0,0,0
SML0108,CC(C)C=O,72.107,0.8412999999999999,17.07,0,1,1,0,0,0.75,5,1,0,0,0,0,0,0,0,1,0,0,0,0,0,0,0,0,0
SML0109,CC(C)C(=O)O,88.10599999999998,0.727,37.3,1,1,1,0,0,0.75,6,2,0,0,0,0,1,0,0,0,0,0,0,0,0,0,0,0,0
SML0110,C/C=C/C1=CC(=C(C=C1)O)OC,164.20399999999998,2.4339000000000013,29.46,1,2,2,1,1,0.2,12,2,0,0,0,1,0,0,1,0,0,0,1,1,0,0,0,0,0
SML0111,CS,48.11000000000001,0.546,0.0,1,1,0,0,0,1.0,2,0,0,1,0,0,0,0,0,0,0,0,0,0,0,0,0,0,0
SML0112,COC(=O)C1=CC=CC=C1O,152.14899999999997,1.1787999999999998,46.53,1,3,1,1,1,0.125,11,3,0,0,0,1,0,1,1,0,0,0,1,1,0,0,0,0,0
SML0113,CCCCCCCCOC(=O)C,172.268,2.910000000000002,26.3,0,2,7,0,0,0.9,12,2,0,0,0,0,0,1,1,0,0,0,0,0,0,0,0,0,0
SML0114,C1=CC=C(C=C1)CC=O,120.15099999999997,1.428,17.07,0,1,2,1,1,0.125,9,1,0,0,0,0,0,0,0,1,0,0,1,1,0,0,0,0,0
SML0115,C1=CN=CC=N1,80.09,0.4765999999999999,25.78,0,2,0,1,1,0.0,6,0,2,0,0,0,0,0,0,0,0,0,1,0,0,0,0,0,0
SML0116,CC1=CCC(CC1)C(C)(C)O,154.25300000000001,2.5037000000000007,20.23,1,1,1,0,1,0.8,11,1,0,0,1,0,0,0,0,0,0,0,0,0,0,0,0,0,0
SML0117,CC1=CCC(CC1)C(C)(C)OC(=O)C,196.29,3.0745000000000013,26.3,0,2,2,0,1,0.75,14,2,0,0,0,0,0,1,1,0,0,0,0,0,0,0,0,0,0
SML0118,COC(=O)C1=CC=CC=C1,136.14999999999998,1.4732,26.3,0,2,1,1,1,0.125,10,2,0,0,0,0,0,1,1,0,0,0,1,1,0,0,0,0,0
SML0119,CC1=C(C=C(C=C1)[N+](=O)[O-])[N+](=O)[O-],182.135,1.8114200000000005,86.28,0,4,2,1,1,0.14285714285714285,13,4,2,0,0,0,0,0,0,0,0,0,1,1,0,0,0,0,0
SML0120,CC1COCC2=CC3=C(C=C12)C(C(C3(C)C)C)(C)C,258.405,4.525200000000004,9.23,0,1,0,1,3,0.6666666666666666,19,1,0,0,0,0,0,0,1,0,0,0,1,1,0,0,0,0,0
SML0121,CC1C(SC(=N1)C)C,129.22799999999998,1.9286,12.36,0,2,0,0,1,0.8333333333333334,8,0,1,1,0,0,0,0,0,0,0,0,0,0,0,1,0,0,0
SML0122,CC1=CN=C(C(=N1)C)C,122.17099999999999,1.4018599999999999,25.78,0,2,0,1,1,0.42857142857142855,9,0,2,0,0,0,0,0,0,0,0,0,1,0,0,0,0,0,0
SML0123,CC(C)C1=NC=CN=C1OC,152.19699999999997,1.6086,35.010000000000005,0,3,2,1,1,0.5,11,1,2,0,0,0,0,0,1,0,0,0,1,0,0,0,0,0,0
SML0124,CC(C)CC1=NC=CN=C1OC,166.224,1.6837,35.010000000000005,0,3,3,1,1,0.5555555555555556,12,1,2,0,0,0,0,0,1,0,0,0,1,0,0,0,0,0,0
SML0125,CCCCC(=O)O,102.13299999999998,1.2612,37.3,1,1,3,0,0,0.8,7,2,0,0,0,0,1,0,0,0,0,0,0,0,0,0,0,0,0
SML0126,CCCCCC/C=C/C=O,140.22599999999997,2.711900000000001,17.07,0,1,6,0,0,0.6666666666666666,10,1,0,0,0,0,0,0,0,1,0,0,0,0,0,0,0,0,0
SML0127,CCC(=O)C=C,84.118,1.1515,17.07,0,1,2,0,0,0.4,6,1,0,0,0,0,0,0,0,0,1,0,0,0,0,0,0,0,0
SML0128,CC1C(=O)C(=C(O1)C)O,128.12699999999998,0.7637,46.53,1,3,0,0,1,0.5,9,3,0,0,1,0,0,0,1,0,1,0,0,0,0,0,0,0,0
SML0129,CSCCC=O,104.17399999999999,0.9383999999999999,17.07,0,2,3,0,0,0.75,6,1,0,1,0,0,0,0,0,1,0,0,0,0,0,1,0,0,0
SML0130,CN(C)C,59.111999999999995,0.17779999999999996,3.24,0,1,0,0,0,1.0,4,0,1,0,0,0,0,0,0,0,0,0,0,0,0,0,0,0,0
SML0131,CC1=C(C(=C(C(=C1[N+](=O)[O-])C(C)(C)C)[N+](=O)[O-])C)C(=O)C,294.307,3.6199400000000033,103.35,0,5,3,1,1,0.5,21,5,2,0,0,0,0,0,0,0,1,0,1,1,0,0,0,0,0
SML0132,CC1C(=O)C(=C(O1)C)OC,142.154,0.8521,35.53,0,3,1,0,1,0.5714285714285714,10,3,0,0,0,0,0,0,1,0,1,0,0,0,0,0,0,0,0
SML0133,CCC1=NC=CN=C1C(=O)C,150.18099999999998,1.2415999999999998,42.85,0,3,2,1,1,0.375,11,1,2,0,0,0,0,0,0,0,1,0,1,0,0,0,0,0,0
SML0134,CCC1=NC=CN=C1,108.14399999999998,1.039,25.78,0,2,1,1,1,0.3333333333333333,8,0,2,0,0,0,0,0,0,0,0,0,1,0,0,0,0,0,0
SML0135,C[C@@H]1CC(=O)C=C2[C@]1(C[C@@H](CC2)C(=C)C)C,218.33999999999995,3.904200000000003,17.07,0,1,1,0,2,0.6666666666666666,16,1,0,0,0,0,0,0,0,0,1,0,0,0,0,0,0,0,0
SML0136,CC(CC1=CC2=C(C=C1)OCO2)C=O,192.21399999999994,1.7927999999999995,35.53,0,3,3,1,2,0.36363636363636365,14,3,0,0,0,0,0,0,1,1,0,0,1,1,0,0,0,0,0
SML0137,CC1=CCC(CC1O)C(=C)C,152.23699999999997,2.2797,20.23,1,1,1,0,1,0.6,11,1,0,0,1,0,0,0,0,0,0,0,0,0,0,0,0,0,0
SML0138,CC(CCC=C(C)C)CC(=O)O,170.25199999999998,2.8436000000000003,37.3,1,1,5,0,0,0.7,12,2,0,0,0,0,1,0,0,0,0,0,0,0,0,0,0,0,0
SML0139,C[C@@H]1CC[C@H](C(=O)C1)C(C)C,154.253,2.6477000000000013,17.07,0,1,1,0,1,0.9,11,1,0,0,0,0,0,0,0,0,1,0,0,0,0,0,0,0,0
SML0140,CCCCCCCCCO,144.258,2.7293000000000016,20.23,1,1,7,0,0,1.0,10,1,0,0,1,0,0,0,0,0,0,0,0,0,0,0,0,0,0
SML0141,CC1=CC[C@H](CC1OC(=O)C)C(=C)C,194.27399999999997,2.850500000000001,26.3,0,2,2,0,1,0.5833333333333334,14,2,0,0,0,0,0,1,1,0,0,0,0,0,0,0,0,0,0
SML0142,CCCCCCCCC(=O)O,158.241,2.821600000000001,37.3,1,1,7,0,0,0.8888888888888888,11,2,0,0,0,0,1,0,0,0,0,0,0,0,0,0,0,0,0
SML0143,CCCCCC(C=C)O,128.21499999999997,2.1136000000000004,20.23,1,1,5,0,0,0.75,9,1,0,0,1,0,0,0,0,0,0,0,0,0,0,0,0,0,0
SML0144,CSCCCO,106.19,0.7318,20.23,1,2,3,0,0,1.0,6,1,0,1,1,0,0,0,0,0,0,0,0,0,0,1,0,0,0
SML0145,C(=CCl)Cl,96.944,1.9352,0.0,0,0,0,0,0,0.0,4,0,0,0,0,0,0,0,0,0,0,0,0,0,0,0,0,1,0
SML0146,CC(CCCC(C)(C)O)CC=O,172.268,2.1527000000000003,37.3,1,2,6,0,0,0.9,12,2,0,0,1,0,0,0,0,1,0,0,0,0,0,0,0,0,0
SML0147,CC1CC(C2=C(C1(C)C)C=C(C(=C2)C(=O)C)C)(C)C,258.405,4.792620000000005,17.07,0,1,1,1,2,0.6111111111111112,19,1,0,0,0,0,0,0,0,0,1,0,1,1,0,0,0,0,0
SML0148,CC(=O)C1=C2CCC(C2=CC(=C1)C(C)(C)C)(C)C,244.378,4.410500000000004,17.07,0,1,1,1,2,0.5882352941176471,18,1,0,0,0,0,0,0,0,0,1,0,1,1,0,0,0,0,0
SML0149,CC1C(C2=C(C1(C)C)C(=O)CCC2)(C)C,206.32899999999992,3.738100000000003,17.07,0,1,0,0,2,0.7857142857142857,15,1,0,0,0,0,0,0,0,0,1,0,0,0,0,0,0,0,0
SML0150,CC(=CCCC(=CC=O)C)C,152.237,2.878000000000001,17.07,0,1,4,0,0,0.5,11,1,0,0,0,0,0,0,0,1,0,0,0,0,0,0,0,0,0
SML0151,C[C@H](CCC=C(C)C)CCO,156.26899999999998,2.751300000000001,20.23,1,1,5,0,0,0.8,11,1,0,0,1,0,0,0,0,0,0,0,0,0,0,0,0,0,0
SML0152,CC(=CCC/C(=C/C#N)/C)C,149.237,3.2026800000000017,23.79,0,1,3,0,0,0.5,11,0,1,0,0,0,0,0,0,0,0,0,0,0,0,0,1,0,0
SML0153,CC1=NC=CN=C1C(=O)C,136.154,0.9876199999999999,42.85,0,3,1,1,1,0.2857142857142857,10,1,2,0,0,0,0,0,0,0,1,0,1,0,0,0,0,0,0
SML0154,C(CCC(=O)O)CC(=O)O,146.142,0.716,74.6,2,2,5,0,0,0.6666666666666666,10,4,0,0,0,0,1,0,0,0,0,0,0,0,0,0,0,0,0
SML0155,C(CC(=O)O)C(=O)O,118.08799999999998,-0.06420000000000015,74.6,2,2,3,0,0,0.5,8,4,0,0,0,0,1,0,0,0,0,0,0,0,0,0,0,0,0
SML0156,CC(=O)CCC1=CC=C(C=C1)O,164.204,1.9137999999999997,37.3,1,2,3,1,1,0.3,12,2,0,0,0,1,0,0,0,0,1,0,1,1,0,0,0,0,0
SML0157,CCCCS,90.19099999999999,1.7163,0.0,1,1,2,0,0,1.0,5,0,0,1,0,0,0,0,0,0,0,0,0,0,0,0,0,0,0
SML0158,CCCCCCO,102.17699999999999,1.559,20.23,1,1,4,0,0,1.0,7,1,0,0,1,0,0,0,0,0,0,0,0,0,0,0,0,0,0
SML0159,CCCCCCCO,116.204,1.9491,20.23,1,1,5,0,0,1.0,8,1,0,0,1,0,0,0,0,0,0,0,0,0,0,0,0,0,0
SML0160,CCCCCO,88.14999999999999,1.1689,20.23,1,1,3,0,0,1.0,6,1,0,0,1,0,0,0,0,0,0,0,0,0,0,0,0,0,0
SML0161,CCCCCCC(C(=O)O)Br,223.10999999999999,2.804900000000001,37.3,1,1,6,0,0,0.875,11,2,0,0,0,0,1,0,0,0,0,0,0,0,0,0,0,1,0
SML0162,CCCCC(C(=O)O)Br,195.05599999999998,2.0246999999999997,37.3,1,1,4,0,0,0.8333333333333334,9,2,0,0,0,0,1,0,0,0,0,0,0,0,0,0,0,1,0
SML0163,CCCCCC=O,100.16099999999999,1.7656,17.07,0,1,4,0,0,0.8333333333333334,7,1,0,0,0,0,0,0,0,1,0,0,0,0,0,0,0,0,0
SML0164,C1=CC=C(C=C1)CC(=O)[O-],135.14199999999997,-0.02100000000000013,40.129999999999995,0,2,2,1,1,0.125,10,2,0,0,0,0,1,0,0,0,0,0,1,1,0,0,0,0,0
SML0165,CC(C)C12CCC(O1)(CC2)C,154.253,2.7441000000000013,9.23,0,1,1,0,2,1.0,11,1,0,0,0,0,0,0,1,0,0,0,0,0,0,0,0,0,0
SML0166,CCCC(C)C=O,100.16099999999999,1.6215,17.07,0,1,3,0,0,0.8333333333333334,7,1,0,0,0,0,0,0,0,1,0,0,0,0,0,0,0,0,0
SML0167,CCCC(C(=O)O)Br,181.029,1.6346,37.3,1,1,3,0,0,0.8,8,2,0,0,0,0,1,0,0,0,0,0,0,0,0,0,0,1,0
SML0168,CC1=CC[C@H](CC1=O)C(=C)C,150.22099999999998,2.4879000000000007,17.07,0,1,1,0,1,0.5,11,1,0,0,0,0,0,0,0,0,1,0,0,0,0,0,0,0,0
SML0169,CC(=CCC/C(=C/C(OC)OC)/C)C,198.30599999999998,3.298000000000002,18.46,0,2,6,0,0,0.6666666666666666,14,2,0,0,0,0,0,0,1,0,0,0,0,0,0,0,0,0,0
SML0170,COC1=CC=CC=C1,108.13999999999997,1.6952,9.23,0,1,1,1,1,0.14285714285714285,8,1,0,0,0,0,0,0,1,0,0,0,1,1,0,0,0,0,0
SML0171,CC(C)CCOC(=O)C,130.18699999999998,1.5956000000000001,26.3,0,2,3,0,0,0.8571428571428571,9,2,0,0,0,0,0,1,1,0,0,0,0,0,0,0,0,0,0
SML0172,C[C@@H](CCC=C(C)C)CCO,156.26899999999998,2.751300000000001,20.23,1,1,5,0,0,0.8,11,1,0,0,1,0,0,0,0,0,0,0,0,0,0,0,0,0,0
SML0173,C1CCNC1,71.123,0.36979999999999996,12.03,1,1,0,0,1,1.0,5,0,1,0,0,0,0,0,0,0,0,0,0,0,0,0,0,0,0
SML0174,C[C@H](CCC=C(C)C)CC=O,154.253,2.9579000000000013,17.07,0,1,5,0,0,0.7,11,1,0,0,0,0,0,0,0,1,0,0,0,0,0,0,0,0,0
SML0175,CCC(C(=O)O)Br,167.00199999999998,1.2445,37.3,1,1,2,0,0,0.75,7,2,0,0,0,0,1,0,0,0,0,0,0,0,0,0,0,1,0
SML0176,CCC(C)C(=O)O,102.13299999999998,1.1171,37.3,1,1,2,0,0,0.8,7,2,0,0,0,0,1,0,0,0,0,0,0,0,0,0,0,0,0
SML0177,C/C=C/C(=O)C1=C(C=CCC1(C)C)C,190.28599999999994,3.4342000000000024,17.07,0,1,2,0,1,0.46153846153846156,14,1,0,0,0,0,0,0,0,0,1,0,0,0,0,0,0,0,0
SML0178,CCCCC/C=C/C=C/C=O,152.23699999999997,2.878000000000001,17.07,0,1,6,0,0,0.5,11,1,0,0,0,0,0,0,0,1,0,0,0,0,0,0,0,0,0
SML0179,CC/C=C\CC/C=C/C=O,138.20999999999998,2.4879000000000007,17.07,0,1,5,0,0,0.4444444444444444,10,1,0,0,0,0,0,0,0,1,0,0,0,0,0,0,0,0,0
SML0180,CC1=CCCC(C1/C=C/C(=O)C)(C)C,192.30199999999996,3.5141000000000027,17.07,0,1,2,0,1,0.6153846153846154,14,1,0,0,0,0,0,0,0,0,1,0,0,0,0,0,0,0,0
SML0181,CC/C=C\CC/C=C\C=O,138.20999999999998,2.4879000000000007,17.07,0,1,5,0,0,0.4444444444444444,10,1,0,0,0,0,0,0,0,1,0,0,0,0,0,0,0,0,0
SML0182,CCCCC/C=C\CCC=O,154.253,3.102000000000001,17.07,0,1,7,0,0,0.7,11,1,0,0,0,0,0,0,0,1,0,0,0,0,0,0,0,0,0
SML0183,CC/C=C\CCCCCC=O,154.25300000000001,3.102000000000001,17.07,0,1,7,0,0,0.7,11,1,0,0,0,0,0,0,0,1,0,0,0,0,0,0,0,0,0
SML0184,C/C=C/C(=O)C1=C(CCCC1(C)C)C,192.30199999999996,3.6582000000000026,17.07,0,1,2,0,1,0.6153846153846154,14,1,0,0,0,0,0,0,0,0,1,0,0,0,0,0,0,0,0
SML0185,CC1([C@H]2CC=C([C@@H]1C2)C=O)C,150.22099999999998,2.1776999999999997,17.07,0,1,1,0,3,0.7,11,1,0,0,0,0,0,0,0,1,0,0,0,0,0,0,0,0,0
SML0186,CC(=CCC/C(=C/CCC(C)(C=C)O)/C)C,222.37199999999999,4.396300000000004,20.23,1,1,7,0,0,0.6,16,1,0,0,1,0,0,0,0,0,0,0,0,0,0,0,0,0,0
SML0187,CC1=C(C(CCC1)(C)C)/C=C/C(=O)C,192.302,3.6582000000000026,17.07,0,1,2,0,1,0.6153846153846154,14,1,0,0,0,0,0,0,0,0,1,0,0,0,0,0,0,0,0
SML0188,CC(=CCCC(=CCOC(=O)C)C)C,196.29,3.242200000000002,26.3,0,2,5,0,0,0.5833333333333334,14,2,0,0,0,0,0,1,1,0,0,0,0,0,0,0,0,0,0
SML0189,CCCCC/C=C/CCC=O,154.253,3.102000000000001,17.07,0,1,7,0,0,0.7,11,1,0,0,0,0,0,0,0,1,0,0,0,0,0,0,0,0,0
SML0190,CCCCCCC/C=C/C=C/C=O,180.291,3.6582000000000026,17.07,0,1,8,0,0,0.5833333333333334,13,1,0,0,0,0,0,0,0,1,0,0,0,0,0,0,0,0,0
SML0191,CCCC/C=C/C=C/C=O,138.20999999999995,2.4879000000000007,17.07,0,1,5,0,0,0.4444444444444444,10,1,0,0,0,0,0,0,0,1,0,0,0,0,0,0,0,0,0
SML0192,CC(=CCC/C(=C/C/C=C(\C)/C=C)/C)C,204.35699999999997,5.201500000000005,0.0,0,0,6,0,0,0.4666666666666667,15,0,0,0,0,0,0,0,0,0,0,0,0,0,0,0,0,0,0
SML0193,CCCCCCCCCC(=O)O,172.268,3.2117000000000013,37.3,1,1,8,0,0,0.9,12,2,0,0,0,0,1,0,0,0,0,0,0,0,0,0,0,0,0
SML0194,C(CCCC(=O)O)CCCC(=O)O,188.22299999999996,1.8863,74.6,2,2,8,0,0,0.7777777777777778,13,4,0,0,0,0,1,0,0,0,0,0,0,0,0,0,0,0,0
SML0195,CCCCCC(=O)C=C,126.19899999999998,2.3218000000000005,17.07,0,1,5,0,0,0.625,9,1,0,0,0,0,0,0,0,0,1,0,0,0,0,0,0,0,0
SML0196,CCCCCCC=O,114.18799999999999,2.1557000000000004,17.07,0,1,5,0,0,0.8571428571428571,8,1,0,0,0,0,0,0,0,1,0,0,0,0,0,0,0,0,0
SML0197,CCCCOC(=O)CCC,144.21399999999997,2.1298000000000004,26.3,0,2,5,0,0,0.875,10,2,0,0,0,0,0,1,1,0,0,0,0,0,0,0,0,0,0
SML0198,CCCC(=O)C,86.13399999999999,1.3755,17.07,0,1,2,0,0,0.8,6,1,0,0,0,0,0,0,0,0,1,0,0,0,0,0,0,0,0
SML0199,CCCCC=O,86.13399999999999,1.3755,17.07,0,1,3,0,0,0.8,6,1,0,0,0,0,0,0,0,1,0,0,0,0,0,0,0,0,0
SML0200,CCC(=O)OCC(C)(C)OC(C)C1CCCC(C1)(C)C,284.43999999999994,4.339700000000004,35.53,0,3,6,0,1,0.9411764705882353,20,3,0,0,0,0,0,1,1,0,0,0,0,0,0,0,0,0,0
SML0201,C1CCCCCCCCCCCCCC1,210.40499999999994,5.851500000000006,0.0,0,0,0,0,1,1.0,15,0,0,0,0,0,0,0,0,0,0,0,0,0,0,0,0,0,0
SML0202,C1CCCCCCCC(CCCCCC1)O,226.40399999999994,4.822300000000006,20.23,1,1,0,0,1,1.0,16,1,0,0,1,0,0,0,0,0,0,0,0,0,0,0,0,0,0
SML0203,CCCCCC(C(C)CO)S,176.32500000000002,2.493500000000002,20.23,2,2,6,0,0,1.0,11,1,0,1,1,0,0,0,0,0,0,0,0,0,0,0,0,0,0
SML0204,C1CCCCC(=O)CCCC1,154.253,3.080000000000002,17.07,0,1,0,0,1,0.9,11,1,0,0,0,0,0,0,0,0,1,0,0,0,0,0,0,0,0
SML0205,C1CCCCCC(=O)CCCC1,168.27999999999997,3.470100000000002,17.07,0,1,0,0,1,0.9090909090909091,12,1,0,0,0,0,0,0,0,0,1,0,0,0,0,0,0,0,0
SML0206,CCCCCCCCCCCCCC(=O)C,226.40399999999994,5.276500000000005,17.07,0,1,12,0,0,0.9333333333333333,16,1,0,0,0,0,0,0,0,0,1,0,0,0,0,0,0,0,0
SML0207,CCCCCCCC(=O)CCCCCCC,226.4039999999999,5.276500000000005,17.07,0,1,12,0,0,0.9333333333333333,16,1,0,0,0,0,0,0,0,0,1,0,0,0,0,0,0,0,0
SML0208,CCC(C(C)CO)S,134.244,1.3232,20.23,2,2,3,0,0,1.0,8,1,0,1,1,0,0,0,0,0,0,0,0,0,0,0,0,0,0
SML0209,C[C@@H]1CCCCCCCCCCCCC(=O)C1,238.41499999999994,5.276500000000005,17.07,0,1,0,0,1,0.9375,17,1,0,0,0,0,0,0,0,0,1,0,0,0,0,0,0,0,0
SML0210,C[C@H]1CCCCCCCCCCCCC(=O)C1,238.41499999999994,5.276500000000005,17.07,0,1,0,0,1,0.9375,17,1,0,0,0,0,0,0,0,0,1,0,0,0,0,0,0,0,0
SML0211,CCCCOC(=O)C1=CC=CC=C1N,193.24599999999998,2.2257000000000002,52.32,1,3,4,1,1,0.36363636363636365,14,2,1,0,0,0,0,1,1,0,0,1,1,1,0,0,0,0,0
SML0212,C1=CC=C(C=C1)/C=C/C=O,132.16199999999995,1.8987,17.07,0,1,2,1,1,0.0,10,1,0,0,0,0,0,0,0,1,0,0,1,1,0,0,0,0,0
SML0213,CCCCCOC(=O)CCC,158.24099999999996,2.5199000000000007,26.3,0,2,6,0,0,0.8888888888888888,11,2,0,0,0,0,0,1,1,0,0,0,0,0,0,0,0,0,0
SML0214,C=CCOC(=O)CC1=CC=CC=C1,176.215,1.9583,26.3,0,2,4,1,1,0.18181818181818182,13,2,0,0,0,0,0,1,1,0,0,0,1,1,0,0,0,0,0
SML0215,CCC(=O)OCCCC1=CC=CC=C1,192.25800000000004,2.572400000000001,26.3,0,2,5,1,1,0.4166666666666667,14,2,0,0,0,0,0,1,1,0,0,0,1,1,0,0,0,0,0
SML0216,CC1(CC(=O)CC(=O)C1)C,140.182,1.3347,34.14,0,2,0,0,1,0.75,10,2,0,0,0,0,0,0,0,0,1,0,0,0,0,0,0,0,0
SML0217,CC(C)CS,90.19099999999999,1.5722,0.0,1,1,1,0,0,1.0,5,0,0,1,0,0,0,0,0,0,0,0,0,0,0,0,0,0,0
SML0218,C1CCN(CC1)C=O,113.15999999999998,0.6287,20.310000000000002,0,1,1,0,1,0.8333333333333334,8,1,1,0,0,0,0,0,0,0,0,0,0,0,0,0,0,0,0
SML0219,C1=COC(=C1)CSSCC2=CC=CO2,226.322,3.954200000000003,26.28,0,4,5,2,2,0.2,14,2,0,2,0,0,0,0,0,0,0,0,1,0,0,0,0,0,0
SML0220,C(C(=O)O)S,92.119,0.0007999999999999119,37.3,2,2,1,0,0,0.5,5,2,0,1,0,0,1,0,0,0,0,0,0,0,0,0,0,0,0
SML0221,CCCCCCCCS,146.299,3.276700000000003,0.0,1,1,6,0,0,1.0,9,0,0,1,0,0,0,0,0,0,0,0,0,0,0,0,0,0,0
SML0222,CCCCCC1=C(CCC1=O)C,166.26399999999998,3.246100000000002,17.07,0,1,4,0,1,0.7272727272727273,12,1,0,0,0,0,0,0,0,0,1,0,0,0,0,0,0,0,0
SML0223,CCCCCCCC(=O)OCCCCCC,228.37599999999992,4.470400000000004,26.3,0,2,11,0,0,0.9285714285714286,16,2,0,0,0,0,0,1,1,0,0,0,0,0,0,0,0,0,0
SML0224,C1=CC=CC=C1,78.11399999999999,1.6866,0.0,0,0,0,1,1,0.0,6,0,0,0,0,0,0,0,0,0,0,0,1,1,0,0,0,0,0
SML0225,C[C@@H]1CC[C@H](CC1=O)C(=C)C,152.23699999999997,2.567800000000001,17.07,0,1,1,0,1,0.7,11,1,0,0,0,0,0,0,0,0,1,0,0,0,0,0,0,0,0
SML0226,CCCC(=CC(=O)O)C,128.17099999999996,1.8174000000000001,37.3,1,1,3,0,0,0.5714285714285714,9,2,0,0,0,0,1,0,0,0,0,0,0,0,0,0,0,0,0
SML0227,C1=CC=C2C(=C1)C=CC=N2,129.16199999999995,2.2348,12.89,0,1,0,2,2,0.0,10,0,1,0,0,0,0,0,0,0,0,0,1,1,0,0,0,0,0
SML0228,C1CCC(CC1)SSC2CCCCC2,230.44199999999995,5.033200000000004,0.0,0,2,3,0,2,1.0,14,0,0,2,0,0,0,0,0,0,0,0,0,0,0,0,0,0,0
SML0229,C1=CC=NC=C1,79.10199999999998,1.0816,12.89,0,1,0,1,1,0.0,6,0,1,0,0,0,0,0,0,0,0,0,1,0,0,0,0,0,0
SML0230,CC(C)[C@]12CCC(=C)[C@H]1C2,136.23799999999997,2.9987000000000013,0.0,0,0,1,0,2,0.8,10,0,0,0,0,0,0,0,0,0,0,0,0,0,0,0,0,0,0
SML0231,CC1(C2CCC(C2)(C1=O)C)C,152.237,2.401700000000001,17.07,0,1,0,0,2,0.9,11,1,0,0,0,0,0,0,0,0,1,0,0,0,0,0,0,0,0
SML0232,CCC(C)C(=O)/C=C/C,126.19899999999997,2.1776999999999997,17.07,0,1,3,0,0,0.625,9,1,0,0,0,0,0,0,0,0,1,0,0,0,0,0,0,0,0
SML0233,CC/C=C\CC/C=C/CO,140.226,2.2813000000000003,20.23,1,1,5,0,0,0.5555555555555556,10,1,0,0,1,0,0,0,0,0,0,0,0,0,0,0,0,0,0
SML0234,CCC(C)CCC(=O)[O-],129.179,0.5626,40.129999999999995,0,2,4,0,0,0.8571428571428571,9,2,0,0,0,0,1,0,0,0,0,0,0,0,0,0,0,0,0
SML0235,CCC(=O)C(C)S,118.20099999999998,1.2837999999999998,17.07,1,2,2,0,0,0.8,7,1,0,1,0,0,0,0,0,0,1,0,0,0,0,0,0,0,0
SML0236,CC1CCOC(C1)C=C(C)C,154.253,2.7677000000000014,9.23,0,1,1,0,1,0.8,11,1,0,0,0,0,0,0,1,0,0,0,0,0,0,0,0,0,0
SML0237,CC(C(=O)C)O,88.106,-0.043800000000000006,37.3,1,2,1,0,0,0.75,6,2,0,0,1,0,0,0,0,0,1,0,0,0,0,0,0,0,0
SML0238,CCC(C(=O)C)S,118.20099999999998,1.2837999999999998,17.07,1,2,2,0,0,0.8,7,1,0,1,0,0,0,0,0,0,1,0,0,0,0,0,0,0,0
SML0239,CCCCC(C)CCC(=O)O,158.24099999999999,2.6775,37.3,1,1,6,0,0,0.8888888888888888,11,2,0,0,0,0,1,0,0,0,0,0,0,0,0,0,0,0,0
SML0240,CCCCCCC1CCC(=O)O1,170.25199999999998,2.6624000000000008,26.3,0,2,5,0,1,0.9,12,2,0,0,0,0,0,1,1,0,0,0,0,0,1,0,0,0,0
SML0241,CCCCCCCCC1CCC(=O)O1,198.30599999999995,3.4426000000000023,26.3,0,2,7,0,1,0.9166666666666666,14,2,0,0,0,0,0,1,1,0,0,0,0,0,1,0,0,0,0
SML0242,CCCCCC1CCC(=O)O1,156.225,2.2723000000000004,26.3,0,2,4,0,1,0.8888888888888888,11,2,0,0,0,0,0,1,1,0,0,0,0,0,1,0,0,0,0
SML0243,CCCCC1CCC(=O)O1,142.19799999999998,1.8822,26.3,0,2,3,0,1,0.875,10,2,0,0,0,0,0,1,1,0,0,0,0,0,1,0,0,0,0
SML0244,CCCCCCCC1CCC(=O)O1,184.27899999999997,3.052500000000002,26.3,0,2,6,0,1,0.9090909090909091,13,2,0,0,0,0,0,1,1,0,0,0,0,0,1,0,0,0,0
SML0245,CCCC[C@H]1[C@H](CC(=O)O1)C,156.22499999999997,2.1282000000000005,26.3,0,2,3,0,1,0.8888888888888888,11,2,0,0,0,0,0,1,1,0,0,0,0,0,1,0,0,0,0
SML0246,CCC1C(=C(C(=O)O1)O)C,142.15399999999997,1.1538,46.53,1,3,1,0,1,0.5714285714285714,10,3,0,0,1,0,0,1,1,0,0,0,0,0,1,0,0,0,0
SML0247,CCCCCCCC1CCCC(=O)O1,198.30599999999995,3.4426000000000023,26.3,0,2,6,0,1,0.9166666666666666,14,2,0,0,0,0,0,1,1,0,0,0,0,0,1,0,0,0,0
SML0248,CCCC1CCCC(=O)O1,142.198,1.8822,26.3,0,2,2,0,1,0.875,10,2,0,0,0,0,0,1,1,0,0,0,0,0,1,0,0,0,0
SML0249,CCCC/C=C/C=O,112.17199999999997,1.9317,17.07,0,1,4,0,0,0.5714285714285714,8,1,0,0,0,0,0,0,0,1,0,0,0,0,0,0,0,0,0
SML0250,CCCCCCCC/C=C/C=O,168.28,3.4921000000000024,17.07,0,1,8,0,0,0.7272727272727273,12,1,0,0,0,0,0,0,0,1,0,0,0,0,0,0,0,0,0
SML0251,CC1=CC[C@@H](C=C1)C(C)C,136.23799999999997,3.1648000000000023,0.0,0,0,1,0,1,0.6,10,0,0,0,0,0,0,0,0,0,0,0,0,0,0,0,0,0,0
SML0252,CC1=CCC(CC1)C(=C)C,136.238,3.308900000000002,0.0,0,0,1,0,1,0.6,10,0,0,0,0,0,0,0,0,0,0,0,0,0,0,0,0,0,0
SML0253,CCCCCC/C=C\C=O,140.22599999999997,2.711900000000001,17.07,0,1,6,0,0,0.6666666666666666,10,1,0,0,0,0,0,0,0,1,0,0,0,0,0,0,0,0,0
SML0254,CCCCC/C=C\C=O,126.19899999999997,2.3218000000000005,17.07,0,1,5,0,0,0.625,9,1,0,0,0,0,0,0,0,1,0,0,0,0,0,0,0,0,0
SML0255,CC/C=C\CCOC(=O)C,142.198,1.9058,26.3,0,2,4,0,0,0.625,10,2,0,0,0,0,0,1,1,0,0,0,0,0,0,0,0,0,0
SML0256,CC/C=C\CC=O,98.145,1.5416,17.07,0,1,3,0,0,0.5,7,1,0,0,0,0,0,0,0,1,0,0,0,0,0,0,0,0,0
SML0257,CC/C=C\CCC=O,112.172,1.9317,17.07,0,1,4,0,0,0.5714285714285714,8,1,0,0,0,0,0,0,0,1,0,0,0,0,0,0,0,0,0
SML0258,CC/C=C\CC(=O)C=C,124.18299999999999,2.0978,17.07,0,1,4,0,0,0.375,9,1,0,0,0,0,0,0,0,0,1,0,0,0,0,0,0,0,0
SML0259,CCOC(C)OCC,118.176,1.4054,18.46,0,2,4,0,0,1.0,8,2,0,0,0,0,0,0,1,0,0,0,0,0,0,0,0,0,0
SML0260,C1OC2=C(O1)C=C(C=C2)C=O,150.13299999999998,1.2278,35.53,0,3,1,1,2,0.125,11,3,0,0,0,0,0,0,1,1,0,0,1,1,0,0,0,0,0
SML0261,CC(C)CCCCCCCCCCC=O,212.37699999999995,4.742300000000005,17.07,0,1,11,0,0,0.9285714285714286,15,1,0,0,0,0,0,0,0,1,0,0,0,0,0,0,0,0,0
SML0262,COC1=CC=C(C=C1)CC=C,148.20499999999998,2.4237,9.23,0,1,3,1,1,0.2,11,1,0,0,0,0,0,0,1,0,0,0,1,1,0,0,0,0,0
SML0263,C/C=C/C1=CC=C(C=C1)OC,148.20499999999996,2.728300000000001,9.23,0,1,2,1,1,0.2,11,1,0,0,0,0,0,0,1,0,0,0,1,1,0,0,0,0,0
SML0264,CC1=CC=C(C=C1)C(=C)C,132.206,3.0281200000000013,0.0,0,0,1,1,1,0.2,10,0,0,0,0,0,0,0,0,0,0,0,1,1,0,0,0,0,0
SML0265,CC1=CC(=C(C=C1)O)C,122.16699999999997,2.0090399999999997,20.23,1,1,0,1,1,0.25,9,1,0,0,0,1,0,0,0,0,0,0,1,1,0,0,0,0,0
SML0266,COC1=C(C(=CC=C1)OC)O,154.16499999999996,1.4093999999999995,38.69,1,3,2,1,1,0.25,11,3,0,0,0,1,0,0,1,0,0,0,1,1,0,0,0,0,0
SML0267,CC1=C(C(=CC=C1)C)O,122.16699999999996,2.00904,20.23,1,1,0,1,1,0.25,9,1,0,0,0,1,0,0,0,0,0,0,1,1,0,0,0,0,0
SML0268,CC1=CCC(CC1)C(C)(C)S,170.32100000000003,3.4412000000000025,0.0,1,1,1,0,1,0.8,11,0,0,1,0,0,0,0,0,0,0,0,0,0,0,0,0,0,0
SML0269,CC(=O)C1=NCCS1,129.184,0.7207,29.43,0,3,1,0,1,0.6,8,1,1,1,0,0,0,0,0,0,1,0,0,0,0,1,0,0,0
SML0270,C1=CC=C(C=C1)C(=O)CN,135.16599999999997,0.8280000000000001,43.09,1,2,2,1,1,0.125,10,1,1,0,0,0,0,0,0,0,1,1,1,1,0,0,0,0,0
SML0271,CC1=CC(=C(C=C1)OC)O,138.166,1.7092199999999995,29.46,1,2,1,1,1,0.25,10,2,0,0,0,1,0,0,1,0,0,0,1,1,0,0,0,0,0
SML0272,CC1=C(C=CO1)SSC,160.263,2.958120000000002,13.14,0,3,2,1,1,0.3333333333333333,9,1,0,2,0,0,0,0,0,0,0,0,1,0,0,0,0,0,0
SML0273,CCC(C)C=O,86.13399999999999,1.2314,17.07,0,1,2,0,0,0.8,6,1,0,0,0,0,0,0,0,1,0,0,0,0,0,0,0,0,0
SML0274,CC1=C(C=CO1)S,114.169,1.8767200000000002,13.14,1,2,0,1,1,0.2,7,1,0,1,0,0,0,0,0,0,0,0,1,0,0,0,0,0,0
SML0275,CC1=CC=CC=C1O,108.13999999999999,1.70062,20.23,1,1,0,1,1,0.14285714285714285,8,1,0,0,0,1,0,0,0,0,0,0,1,1,0,0,0,0,0
SML0276,CCCCCC1=CC=CC=N1,149.237,2.814300000000001,12.89,0,1,4,1,1,0.5,11,0,1,0,0,0,0,0,0,0,0,0,1,0,0,0,0,0,0
SML0277,C1=CC=C(C=C1)CCS,138.23499999999999,2.1589000000000005,0.0,1,1,2,1,1,0.25,9,0,0,1,0,0,0,0,0,0,0,0,1,1,0,0,0,0,0
SML0278,C1=CC=C(C=C1)CCO,122.16699999999997,1.2213999999999998,20.23,1,1,2,1,1,0.25,9,1,0,0,1,0,0,0,0,0,0,0,1,1,0,0,0,0,0
SML0279,CC(=O)OCCC1=CC=CC=C1,164.204,1.7922,26.3,0,2,3,1,1,0.3,12,2,0,0,0,0,0,1,1,0,0,0,1,1,0,0,0,0,0
SML0280,CCC(=O)C1=NCCC1,125.171,1.2003000000000001,29.43,0,2,2,0,1,0.7142857142857143,9,1,1,0,0,0,0,0,0,0,1,0,0,0,0,0,0,0,0
SML0281,CCC1=CC(=CC=C1)O,122.16699999999996,1.9545999999999997,20.23,1,1,1,1,1,0.25,9,1,0,0,0,1,0,0,0,0,0,0,1,1,0,0,0,0,0
SML0282,CC1=C(C(=O)C=CO1)O,126.11099999999996,0.6538199999999998,50.44,1,3,0,1,1,0.16666666666666666,9,3,0,0,0,0,0,0,0,0,0,0,1,0,0,0,0,0,0
SML0283,CC1=CNC2=CC=CC=C12,131.17799999999997,2.4763200000000003,15.79,1,0,0,2,2,0.1111111111111111,10,0,1,0,0,0,0,0,0,0,0,0,1,1,0,0,0,0,0
SML0284,CC(C)(CCOC=O)S,148.227,1.2579,26.3,1,3,4,0,0,0.8333333333333334,9,2,0,1,0,0,0,0,1,0,0,0,0,0,0,0,0,0,0
SML0285,CC(C)CCO,88.14999999999999,1.0248,20.23,1,1,2,0,0,1.0,6,1,0,0,1,0,0,0,0,0,0,0,0,0,0,0,0,0,0
SML0286,CC(C)CC=O,86.13399999999999,1.2314,17.07,0,1,2,0,0,0.8,6,1,0,0,0,0,0,0,0,1,0,0,0,0,0,0,0,0,0
SML0287,CCCC(=O)C(C)CC,128.21499999999997,2.401700000000001,17.07,0,1,4,0,0,0.875,9,1,0,0,0,0,0,0,0,0,1,0,0,0,0,0,0,0,0
SML0288,CC1=CC(=CC=C1)O,108.13999999999997,1.7006199999999996,20.23,1,1,0,1,1,0.14285714285714285,8,1,0,0,0,1,0,0,0,0,0,0,1,1,0,0,0,0,0
SML0289,C1=CC=C(C=C1)CCC(=O)O,150.177,1.7038,37.3,1,1,3,1,1,0.2222222222222222,11,2,0,0,0,0,1,0,0,0,0,0,1,1,0,0,0,0,0
SML0290,CCCC(CCO)S,134.244,1.4672999999999998,20.23,2,2,4,0,0,1.0,8,1,0,1,1,0,0,0,0,0,0,0,0,0,0,0,0,0,0
SML0291,CCCC(CCOC(=O)C)S,176.281,2.0381000000000005,26.3,1,3,5,0,0,0.875,11,2,0,1,0,0,0,1,1,0,0,0,0,0,0,0,0,0,0
SML0292,CC(C)C1=CC=C(C=C1)C=O,148.20499999999996,2.6225000000000014,17.07,0,1,2,1,1,0.3,11,1,0,0,0,0,0,0,0,1,0,0,1,1,0,0,0,0,0
SML0293,COC1=C(C=CC(=C1)C=C)O,150.17699999999996,2.0438000000000005,29.46,1,2,2,1,1,0.1111111111111111,11,2,0,0,0,1,0,0,1,0,0,0,1,1,0,0,0,0,0
SML0294,C=CC1=CC=C(C=C1)O,120.15099999999997,2.0352,20.23,1,1,1,1,1,0.0,9,1,0,0,0,1,0,0,0,0,0,0,1,1,0,0,0,0,0
SML0295,CCCCC(CC)CCC(=O)O,172.268,3.0676000000000014,37.3,1,1,7,0,0,0.9,12,2,0,0,0,0,1,0,0,0,0,0,0,0,0,0,0,0,0
SML0296,CCC1=CC=C(C=C1)O,122.16699999999996,1.9545999999999997,20.23,1,1,1,1,1,0.25,9,1,0,0,0,1,0,0,0,0,0,0,1,1,0,0,0,0,0
SML0297,CCOC1=C(C=CC(=C1)C=O)O,166.176,1.6034,46.53,1,3,3,1,1,0.2222222222222222,12,3,0,0,0,1,0,0,1,1,0,0,1,1,0,0,0,0,0
SML0298,CC(C)(CCOC)S,134.244,1.7313,9.23,1,2,3,0,0,1.0,8,1,0,1,0,0,0,0,1,0,0,0,0,0,0,0,0,0,0
SML0299,CC1=CC=C(C=C1)C(=O)C,134.178,2.1976199999999997,17.07,0,1,1,1,1,0.2222222222222222,10,1,0,0,0,0,0,0,0,0,1,0,1,1,0,0,0,0,0
SML0300,CC1=CC=C(C=C1)O,108.13999999999999,1.7006199999999996,20.23,1,1,0,1,1,0.14285714285714285,8,1,0,0,0,1,0,0,0,0,0,0,1,1,0,0,0,0,0
SML0301,CCCC1=CC(=C(C=C1)O)OC,166.21999999999997,2.353300000000001,29.46,1,2,3,1,1,0.4,12,2,0,0,0,1,0,0,1,0,0,0,1,1,0,0,0,0,0
SML0302,CCC1C(=O)C(=C(O1)C)O,142.154,1.1538,46.53,1,3,1,0,1,0.5714285714285714,10,3,0,0,1,0,0,0,1,0,1,0,0,0,0,0,0,0,0
SML0303,COC1=CC2=C(C=C1)C=CC(=O)O2,176.17099999999996,1.8015999999999996,39.44,0,3,1,2,2,0.1,13,3,0,0,0,0,0,0,1,0,0,0,1,1,0,0,0,0,0
SML0304,CSCC=C,88.175,1.5354,0.0,0,1,2,0,0,0.5,5,0,0,1,0,0,0,0,0,0,0,0,0,0,0,1,0,0,0
SML0305,CSCSC,108.231,1.6699,0.0,0,2,2,0,0,1.0,5,0,0,2,0,0,0,0,0,0,0,0,0,0,0,1,0,0,0
SML0306,CC(=O)OC/C=C/C1=CC=CC=C1,176.215,2.2629,26.3,0,2,3,1,1,0.18181818181818182,13,2,0,0,0,0,0,1,1,0,0,0,1,1,0,0,0,0,0
SML0307,C1=CC=C(C=C1)/C=C/CO,134.17799999999997,1.6921000000000002,20.23,1,1,2,1,1,0.1111111111111111,10,1,0,0,1,0,0,0,0,0,0,0,1,1,0,0,0,0,0
SML0308,C=CCSSCC=C,146.28,2.7398000000000016,0.0,0,2,5,0,0,0.3333333333333333,8,0,0,2,0,0,0,0,0,0,0,0,0,0,0,0,0,0,0
SML0309,CSC,62.137,0.9792,0.0,0,1,0,0,0,1.0,3,0,0,1,0,0,0,0,0,0,0,0,0,0,0,1,0,0,0
SML0310,CSSSC,126.27100000000002,2.2756,0.0,0,3,2,0,0,1.0,5,0,0,3,0,0,0,0,0,0,0,0,0,0,0,0,0,0,0
SML0311,CSSC,94.20400000000001,1.6274,0.0,0,2,1,0,0,1.0,4,0,0,2,0,0,0,0,0,0,0,0,0,0,0,0,0,0,0
SML0312,CCCSSCCC,150.31199999999998,3.187800000000002,0.0,0,2,5,0,0,1.0,8,0,0,2,0,0,0,0,0,0,0,0,0,0,0,0,0,0,0
SML0313,CCCSSSCCC,182.37899999999996,3.836000000000003,0.0,0,3,6,0,0,1.0,9,0,0,3,0,0,0,0,0,0,0,0,0,0,0,0,0,0,0
SML0314,CCC/C=C/C=O,98.14499999999998,1.5416,17.07,0,1,3,0,0,0.5,7,1,0,0,0,0,0,0,0,1,0,0,0,0,0,0,0,0,0
SML0315,CCO,46.069,-0.0014000000000000123,20.23,1,1,0,0,0,1.0,3,1,0,0,1,0,0,0,0,0,0,0,0,0,0,0,0,0,0
SML0316,CCC[C@H](CC(=O)OCC)O,160.213,1.1006,46.53,1,3,5,0,0,0.875,11,3,0,0,1,0,0,1,1,0,0,0,0,0,0,0,0,0,0
SML0317,CCC(C)C(=O)OCC,130.18699999999998,1.5956000000000001,26.3,0,2,3,0,0,0.8571428571428571,9,2,0,0,0,0,0,1,1,0,0,0,0,0,0,0,0,0,0
SML0318,CCOC(=O)CCSC,148.227,1.3026,26.3,0,3,4,0,0,0.8333333333333334,9,2,0,1,0,0,0,1,1,0,0,0,0,0,0,1,0,0,0
SML0319,CCOC(=O)CC(C)C,130.18699999999998,1.5956000000000001,26.3,0,2,3,0,0,0.8571428571428571,9,2,0,0,0,0,0,1,1,0,0,0,0,0,0,0,0,0,0
SML0320,CCOC(=O)CCC(C)C,144.21399999999997,1.9857,26.3,0,2,4,0,0,0.875,10,2,0,0,0,0,0,1,1,0,0,0,0,0,0,0,0,0,0
SML0321,CCOC(=O)C,88.106,0.5694,26.3,0,2,1,0,0,0.75,6,2,0,0,0,0,0,1,1,0,0,0,0,0,0,0,0,0,0
SML0322,CCOC(=O)C1=CC=CC=C1,150.177,1.8633,26.3,0,2,2,1,1,0.2222222222222222,11,2,0,0,0,0,0,1,1,0,0,0,1,1,0,0,0,0,0
SML0323,CCCC(=O)OCC,116.15999999999998,1.3496000000000001,26.3,0,2,3,0,0,0.8333333333333334,8,2,0,0,0,0,0,1,1,0,0,0,0,0,0,0,0,0,0
SML0324,CCOC(=O)/C=C/C1=CC=CC=C1,176.215,2.2629,26.3,0,2,3,1,1,0.18181818181818182,13,2,0,0,0,0,0,1,1,0,0,0,1,1,0,0,0,0,0
SML0325,CCCCCC(=O)OCC,144.21399999999997,2.1298000000000004,26.3,0,2,5,0,0,0.875,10,2,0,0,0,0,0,1,1,0,0,0,0,0,0,0,0,0,0
SML0326,CCCCC(=O)OCC,130.18699999999998,1.7397,26.3,0,2,4,0,0,0.8571428571428571,9,2,0,0,0,0,0,1,1,0,0,0,0,0,0,0,0,0,0
SML0327,CCOC(=O)CC1=CC=CC=C1,164.204,1.7922,26.3,0,2,3,1,1,0.3,12,2,0,0,0,0,0,1,1,0,0,0,1,1,0,0,0,0,0
SML0328,CCOC(=O)C1CCCCC1,156.22499999999997,2.1298000000000004,26.3,0,2,2,0,1,0.8888888888888888,11,2,0,0,0,0,0,1,1,0,0,0,0,0,0,0,0,0,0
SML0329,C1=COC(=C1)CS,114.169,1.7093999999999998,13.14,1,2,1,1,1,0.2,7,1,0,1,0,0,0,0,0,0,0,0,1,0,0,0,0,0,0
SML0330,CCCCCC(C)O,116.20399999999998,1.9475000000000002,20.23,1,1,4,0,0,1.0,8,1,0,0,1,0,0,0,0,0,0,0,0,0,0,0,0,0,0
SML0331,CCCCCCOC(=O)C,144.214,2.1298000000000004,26.3,0,2,5,0,0,0.875,10,2,0,0,0,0,0,1,1,0,0,0,0,0,0,0,0,0,0
SML0332,CC(C)C(=O)OC,102.13299999999998,0.8154,26.3,0,2,1,0,0,0.8,7,2,0,0,0,0,0,1,1,0,0,0,0,0,0,0,0,0,0
SML0333,CCCC(=O)OC,102.13299999999998,0.9595,26.3,0,2,2,0,0,0.8,7,2,0,0,0,0,0,1,1,0,0,0,0,0,0,0,0,0,0
SML0334,CCCSSSC,154.325,3.0558000000000014,0.0,0,3,4,0,0,1.0,7,0,0,3,0,0,0,0,0,0,0,0,0,0,0,0,0,0,0
SML0335,CC(=CCCC(=C)C=C)C,136.238,3.4750000000000023,0.0,0,0,4,0,0,0.4,10,0,0,0,0,0,0,0,0,0,0,0,0,0,0,0,0,0,0
SML0336,CCCCCCCC(=O)C,142.242,2.935900000000001,17.07,0,1,6,0,0,0.8888888888888888,10,1,0,0,0,0,0,0,0,0,1,0,0,0,0,0,0,0,0
SML0337,CCC(=O)C(=O)C,100.11699999999999,0.5545,34.14,0,2,2,0,0,0.6,7,2,0,0,0,0,0,0,0,0,1,0,0,0,0,0,0,0,0
SML0338,CCC=O,58.08,0.5952999999999999,17.07,0,1,1,0,0,0.6666666666666666,4,1,0,0,0,0,0,0,0,1,0,0,0,0,0,0,0,0,0
SML0339,C1=CSC(=C1)CS,130.237,2.1778999999999997,0.0,1,2,1,1,1,0.2,7,0,0,2,0,0,0,0,0,0,0,0,1,0,0,0,0,0,0
SML0340,COC(=O)/C=C/C1=CC=CC=C1,162.188,1.8728,26.3,0,2,2,1,1,0.1,12,2,0,0,0,0,0,1,1,0,0,0,1,1,0,0,0,0,0
SML0341,C1=COC(=C1)CSCC2=CC=CO2,194.25500000000002,3.306000000000002,26.28,0,3,4,2,2,0.2,13,2,0,1,0,0,0,0,0,0,0,0,1,0,0,1,0,0,0
SML0342,CSSCC1=CC=CC=C1,170.30200000000002,3.197800000000001,0.0,0,2,3,1,1,0.25,10,0,0,2,0,0,0,0,0,0,0,0,1,1,0,0,0,0,0
SML0343,CSSCC1=CC=CO1,160.263,2.790800000000001,13.14,0,3,3,1,1,0.3333333333333333,9,1,0,2,0,0,0,0,0,0,0,0,1,0,0,0,0,0,0
SML0344,CSCC1=CC=CC=C1,138.23499999999999,2.5496000000000008,0.0,0,1,2,1,1,0.25,9,0,0,1,0,0,0,0,0,0,0,0,1,1,0,1,0,0,0
SML0345,CC(C1=CC=CC=C1)S,138.23499999999999,2.677400000000001,0.0,1,1,1,1,1,0.25,9,0,0,1,0,0,0,0,0,0,0,0,1,1,0,0,0,0,0
SML0346,C1=CC=C(C=C1)CS,124.20799999999998,2.1164,0.0,1,1,1,1,1,0.14285714285714285,8,0,0,1,0,0,0,0,0,0,0,0,1,1,0,0,0,0,0
SML0347,CSCC1=CC=CO1,128.19599999999997,2.1426,13.14,0,2,2,1,1,0.3333333333333333,8,1,0,1,0,0,0,0,0,0,0,0,1,0,0,1,0,0,0
SML0348,C1=CC=C(C=C1)CCCO,136.194,1.6115000000000002,20.23,1,1,3,1,1,0.3333333333333333,10,1,0,0,1,0,0,0,0,0,0,0,1,1,0,0,0,0,0
SML0349,C1=COC(=C1)CO,98.10099999999998,0.7719,33.370000000000005,1,2,1,1,1,0.2,7,2,0,0,1,0,0,0,0,0,0,0,1,0,0,0,0,0,0
SML0350,C1=CC=C(C=C1)CO,108.13999999999997,1.1788999999999998,20.23,1,1,1,1,1,0.14285714285714285,8,1,0,0,1,0,0,0,0,0,0,0,1,1,0,0,0,0,0
SML0351,C1=COC(=C1)C=O,96.08499999999998,1.0920999999999998,30.21,0,2,1,1,1,0.0,7,2,0,0,0,0,0,0,0,1,0,0,1,0,0,0,0,0,0
SML0352,CCC(C)COC(=O)C,130.18699999999998,1.5956000000000001,26.3,0,2,3,0,0,0.8571428571428571,9,2,0,0,0,0,0,1,1,0,0,0,0,0,0,0,0,0,0
SML0353,CCOC(=O)C(C)C,116.15999999999998,1.2055,26.3,0,2,2,0,0,0.8333333333333334,8,2,0,0,0,0,0,1,1,0,0,0,0,0,0,0,0,0,0
SML0354,CCCCC1C(CC(=O)O1)C,156.22499999999997,2.1282000000000005,26.3,0,2,3,0,1,0.8888888888888888,11,2,0,0,0,0,0,1,1,0,0,0,0,0,1,0,0,0,0
SML0355,CC/C=C/CC/C=C/CO,140.226,2.2813000000000003,20.23,1,1,5,0,0,0.5555555555555556,10,1,0,0,1,0,0,0,0,0,0,0,0,0,0,0,0,0,0
SML0356,CCCCCC(=O)C(C)C(=O)C,170.25199999999998,2.3609,34.14,0,2,6,0,0,0.8,12,2,0,0,0,0,0,0,0,0,1,0,0,0,0,0,0,0,0
SML0357,CC1=CC[C@@H](CC1)C(=C)C,136.238,3.308900000000002,0.0,0,0,1,0,1,0.6,10,0,0,0,0,0,0,0,0,0,0,0,0,0,0,0,0,0,0
SML0358,CC1=CCC(C=C1)C(C)C,136.23799999999997,3.1648000000000023,0.0,0,0,1,0,1,0.6,10,0,0,0,0,0,0,0,0,0,0,0,0,0,0,0,0,0,0
SML0359,CC1(C(=O)C=CO1)C,112.12799999999999,0.878,26.3,0,2,0,0,1,0.5,8,2,0,0,0,0,0,0,1,0,1,0,0,0,0,0,0,0,0
SML0360,CC1=CCOC1=O,98.101,0.4895,26.3,0,2,0,0,1,0.4,7,2,0,0,0,0,0,1,1,0,0,0,0,0,1,0,0,0,0
SML0361,CC1C(=O)C=C(O1)C,112.12799999999999,0.878,26.3,0,2,0,0,1,0.5,8,2,0,0,0,0,0,0,1,0,1,0,0,0,0,0,0,0,0
SML0362,C[C@@H](CCC=C(C)C)CC=O,154.253,2.9579000000000013,17.07,0,1,5,0,0,0.7,11,1,0,0,0,0,0,0,0,1,0,0,0,0,0,0,0,0,0
SML0363,CC(CO)CS,106.19000000000001,0.5446,20.23,2,2,2,0,0,1.0,6,1,0,1,1,0,0,0,0,0,0,0,0,0,0,0,0,0,0
SML0364,CCCCC(C(C)CO)S,162.298,2.1034000000000006,20.23,2,2,5,0,0,1.0,10,1,0,1,1,0,0,0,0,0,0,0,0,0,0,0,0,0,0
SML0365,CC(CO)C(C)S,120.217,0.9330999999999998,20.23,2,2,2,0,0,1.0,7,1,0,1,1,0,0,0,0,0,0,0,0,0,0,0,0,0,0
SML0366,CCCC(C(C)CO)S,148.271,1.7133000000000003,20.23,2,2,4,0,0,1.0,9,1,0,1,1,0,0,0,0,0,0,0,0,0,0,0,0,0,0
SML0367,CC1=CC[C@H](CC1)C(C)(C)O,154.25300000000001,2.5037000000000007,20.23,1,1,1,0,1,0.8,11,1,0,0,1,0,0,0,0,0,0,0,0,0,0,0,0,0,0
SML0368,CC1=CC[C@H]2C[C@@H]1C2(C)C,136.238,2.9987000000000013,0.0,0,0,0,0,3,0.8,10,0,0,0,0,0,0,0,0,0,0,0,0,0,0,0,0,0,0
SML0369,CC1=CC[C@@H]2C[C@H]1C2(C)C,136.238,2.9987000000000013,0.0,0,0,0,0,3,0.8,10,0,0,0,0,0,0,0,0,0,0,0,0,0,0,0,0,0,0
SML0370,CC1([C@H]2CCC(=C)[C@@H]1C2)C,136.238,2.9987000000000013,0.0,0,0,0,0,3,0.8,10,0,0,0,0,0,0,0,0,0,0,0,0,0,0,0,0,0,0
SML0371,CC1([C@@H]2CCC(=C)[C@H]1C2)C,136.238,2.9987000000000013,0.0,0,0,0,0,3,0.8,10,0,0,0,0,0,0,0,0,0,0,0,0,0,0,0,0,0,0
SML0372,CC(C)C12CCC(=C)C1C2,136.23799999999997,2.9987000000000013,0.0,0,0,1,0,2,0.8,10,0,0,0,0,0,0,0,0,0,0,0,0,0,0,0,0,0,0
SML0373,CC=CC(=O)C1=C(C=CCC1(C)C)C,190.28599999999994,3.4342000000000024,17.07,0,1,2,0,1,0.46153846153846156,14,1,0,0,0,0,0,0,0,0,1,0,0,0,0,0,0,0,0
SML0374,CCC1=CC(=C(C=C1)O)OC,152.19299999999996,1.9631999999999996,29.46,1,2,2,1,1,0.3333333333333333,11,2,0,0,0,1,0,0,1,0,0,0,1,1,0,0,0,0,0
SML0375,CC(=O)CC(C)(C)S,132.228,1.6739,17.07,1,2,2,0,0,0.8333333333333334,8,1,0,1,0,0,0,0,0,0,1,0,0,0,0,0,0,0,0
SML0376,CCCC/C=C\C=C\C=O,138.20999999999995,2.4879000000000007,17.07,0,1,5,0,0,0.4444444444444444,10,1,0,0,0,0,0,0,0,1,0,0,0,0,0,0,0,0,0
SML0377,CC=O,44.053,0.2052,17.07,0,1,0,0,0,0.5,3,1,0,0,0,0,0,0,0,1,0,0,0,0,0,0,0,0,0
SML0378,CCC(C)C(=O)OC,116.15999999999998,1.2055,26.3,0,2,2,0,0,0.8333333333333334,8,2,0,0,0,0,0,1,1,0,0,0,0,0,0,0,0,0,0
SML0379,CC(C)CO,74.12299999999999,0.6347,20.23,1,1,1,0,0,1.0,5,1,0,0,1,0,0,0,0,0,0,0,0,0,0,0,0,0,0
SML0380,C1=CC(=CC=C1/C=C/C(=O)O)O,164.15999999999997,1.4899999999999995,57.53,2,2,2,1,1,0.0,12,3,0,0,0,1,1,0,0,0,0,0,1,1,0,0,0,0,0
SML0381,C1=CC=C(C=C1)CC(=O)O,136.14999999999998,1.3137,37.3,1,1,2,1,1,0.125,10,2,0,0,0,0,1,0,0,0,0,0,1,1,0,0,0,0,0
SML0382,CCCCCC1CCCC(=O)O1,170.25199999999998,2.6624000000000008,26.3,0,2,4,0,1,0.9,12,2,0,0,0,0,0,1,1,0,0,0,0,0,1,0,0,0,0
SML0383,CC(=O)C1=CC=CC=C1N,135.16599999999994,1.4714,43.09,1,2,1,1,1,0.125,10,1,1,0,0,0,0,0,0,0,1,1,1,1,0,0,0,0,0
SML0384,C1CCCCCCCC(=O)CCCCCC1,224.38799999999992,5.030500000000004,17.07,0,1,0,0,1,0.9333333333333333,16,1,0,0,0,0,0,0,0,0,1,0,0,0,0,0,0,0,0
SML0385,C1CCCCCC(=O)CCCC=CCCCC1,236.39899999999994,5.196600000000005,17.07,0,1,0,0,1,0.8125,17,1,0,0,0,0,0,0,0,0,1,0,0,0,0,0,0,0,0
SML0386,CC1CC=CCCCCCCCCCC(=O)C1,236.39899999999992,5.052500000000005,17.07,0,1,0,0,1,0.8125,17,1,0,0,0,0,0,0,0,0,1,0,0,0,0,0,0,0,0
SML0387,C1CCC/C=C/CCCCCCC(=O)CCC1,236.39899999999992,5.1966000000000045,17.07,0,1,0,0,1,0.8125,17,1,0,0,0,0,0,0,0,0,1,0,0,0,0,0,0,0,0
SML0388,CC1C/C=C/CCCCCCCCC(=O)C1,222.37199999999993,4.662400000000004,17.07,0,1,0,0,1,0.8,16,1,0,0,0,0,0,0,0,0,1,0,0,0,0,0,0,0,0
SML0389,CC1CCCCCCCCCCCC(=O)C1,224.38799999999995,4.8864000000000045,17.07,0,1,0,0,1,0.9333333333333333,16,1,0,0,0,0,0,0,0,0,1,0,0,0,0,0,0,0,0
SML0390,C1CCCCOC(=O)CCCCC/C=C\CCC1,252.3979999999999,4.780600000000004,26.3,0,2,0,0,1,0.8125,18,2,0,0,0,0,0,1,1,0,0,0,0,0,1,0,0,0,0
SML0391,C1=CC=C(C=C1)C(=O)C2=CC=CC=C2,182.222,2.917600000000001,17.07,0,1,2,2,2,0.0,14,1,0,0,0,0,0,0,0,0,1,0,1,1,0,0,0,0,0
SML0392,CCOC(=O)CC1=CC(=CC=C1)Br,243.1,2.5547000000000013,26.3,0,2,3,1,1,0.3,13,2,0,0,0,0,0,1,1,0,0,0,1,1,0,0,0,1,0
SML0393,CC1=CC=CC=C1CC(=O)OC,164.20399999999998,1.71052,26.3,0,2,2,1,1,0.3,12,2,0,0,0,0,0,1,1,0,0,0,1,1,0,0,0,0,0
SML0394,C1=CC2=C(C3=C(C=CC=N3)C=C2)N=C1,180.20999999999998,2.7830000000000004,25.78,0,2,0,3,3,0.0,14,0,2,0,0,0,0,0,0,0,0,0,1,1,0,0,0,0,0
SML0395,CCOC1=CC2=CC=CC=C2C=C1,172.22699999999998,3.238500000000002,9.23,0,1,2,2,2,0.16666666666666666,13,1,0,0,0,0,0,0,1,0,0,0,1,1,0,0,0,0,0
SML0396,C=CC1=CC=C(C=C1)OCCCCOC2=CC=C(C=C2)C=C,294.39399999999995,5.210600000000005,18.46,0,2,9,2,2,0.2,22,2,0,0,0,0,0,0,1,0,0,0,1,1,0,0,0,0,0
SML0397,CC1=CCC(CC1=O)C(=C)C,150.22099999999998,2.4879000000000007,17.07,0,1,1,0,1,0.5,11,1,0,0,0,0,0,0,0,0,1,0,0,0,0,0,0,0,0
SML0398,CCCCCCCCCCCO,172.31199999999998,3.5095000000000023,20.23,1,1,9,0,0,1.0,12,1,0,0,1,0,0,0,0,0,0,0,0,0,0,0,0,0,0
SML0399,CCCCCCCCCCCC=O,184.32299999999998,4.106200000000003,17.07,0,1,10,0,0,0.9166666666666666,13,1,0,0,0,0,0,0,0,1,0,0,0,0,0,0,0,0,0
SML0400,C(CCCCC(=O)O)CCCCC(=O)O,216.27699999999993,2.6665,74.6,2,2,10,0,0,0.8181818181818182,15,4,0,0,0,0,1,0,0,0,0,0,0,0,0,0,0,0,0
SML0401,C(CCCCC(=O)O)CCCCBr,251.16399999999993,3.586700000000002,37.3,1,1,9,0,0,0.9,13,2,0,0,0,0,1,0,0,0,0,0,0,0,0,0,0,1,0
SML0402,C(CCCCCBr)CCCCC(=O)O,265.1909999999999,3.9768000000000026,37.3,1,1,10,0,0,0.9090909090909091,14,2,0,0,0,0,1,0,0,0,0,0,0,0,0,0,0,1,0
SML0403,C(CCCCCC(=O)O)CCCCCBr,279.21799999999996,4.366900000000004,37.3,1,1,11,0,0,0.9166666666666666,15,2,0,0,0,0,1,0,0,0,0,0,0,0,0,0,0,1,0
SML0404,CCCCCCCCCCC(=O)O,186.295,3.6018000000000017,37.3,1,1,9,0,0,0.9090909090909091,13,2,0,0,0,0,1,0,0,0,0,0,0,0,0,0,0,0,0
SML0405,C(CCC(=O)O)CCBr,195.05599999999998,2.0263,37.3,1,1,5,0,0,0.8333333333333334,9,2,0,0,0,0,1,0,0,0,0,0,0,0,0,0,0,1,0
SML0406,C(CCCC(=O)O)CCCBr,223.10999999999996,2.8065000000000015,37.3,1,1,7,0,0,0.875,11,2,0,0,0,0,1,0,0,0,0,0,0,0,0,0,0,1,0
SML0407,CCCCCCCCCCO,158.285,3.119400000000002,20.23,1,1,8,0,0,1.0,11,1,0,0,1,0,0,0,0,0,0,0,0,0,0,0,0,0,0
SML0408,C(CC(=O)O)CC(=O)O,132.115,0.32589999999999975,74.6,2,2,4,0,0,0.6,9,4,0,0,0,0,1,0,0,0,0,0,0,0,0,0,0,0,0
SML0409,C(CCC(=O)O)CCC(=O)O,160.16899999999998,1.1061,74.6,2,2,6,0,0,0.7142857142857143,11,4,0,0,0,0,1,0,0,0,0,0,0,0,0,0,0,0,0
SML0410,C(CCCC(=O)O)CCC(=O)O,174.19599999999997,1.4962,74.6,2,2,7,0,0,0.75,12,4,0,0,0,0,1,0,0,0,0,0,0,0,0,0,0,0,0
SML0411,C(CCCCC(=O)O)CCCC(=O)O,202.24999999999994,2.2763999999999998,74.6,2,2,9,0,0,0.8,14,4,0,0,0,0,1,0,0,0,0,0,0,0,0,0,0,0,0
SML0412,C(CCCCCC(=O)O)CCCCC(=O)O,230.30399999999995,3.0566000000000013,74.6,2,2,11,0,0,0.8333333333333334,16,4,0,0,0,0,1,0,0,0,0,0,0,0,0,0,0,0,0
SML0413,CCCC(C)C1OCC(CO1)(C)CCC,214.34899999999993,3.6019000000000023,18.46,0,2,5,0,1,1.0,15,2,0,0,0,0,0,0,1,0,0,0,0,0,0,0,0,0,0
SML0414,CC(C)C1C(COC(O1)(C)C)(C)C,186.295,2.820100000000001,18.46,0,2,1,0,1,1.0,13,2,0,0,0,0,0,0,1,0,0,0,0,0,0,0,0,0,0
SML0415,CCCCC(CC)CO,130.231,2.1951000000000005,20.23,1,1,5,0,0,1.0,9,1,0,0,1,0,0,0,0,0,0,0,0,0,0,0,0,0,0
SML0416,CCCCCCC(C)O,130.231,2.3376000000000006,20.23,1,1,5,0,0,1.0,9,1,0,0,1,0,0,0,0,0,0,0,0,0,0,0,0,0,0
SML0417,CCCCCC(CC)O,130.231,2.3376000000000006,20.23,1,1,5,0,0,1.0,9,1,0,0,1,0,0,0,0,0,0,0,0,0,0,0,0,0,0
SML0418,CCCCC(CCC)O,130.231,2.3376000000000006,20.23,1,1,5,0,0,1.0,9,1,0,0,1,0,0,0,0,0,0,0,0,0,0,0,0,0,0
SML0419,CCCCCCCC(C)O,144.258,2.727700000000002,20.23,1,1,6,0,0,1.0,10,1,0,0,1,0,0,0,0,0,0,0,0,0,0,0,0,0,0
SML0420,CC1CCC(C(C1)O)C(C)C,156.26899999999998,2.4395000000000007,20.23,1,1,1,0,1,1.0,11,1,0,0,1,0,0,0,0,0,0,0,0,0,0,0,0,0,0
SML0421,CC1=CC(=C(C=C1)C(C)C)O,150.22099999999998,2.8240200000000013,20.23,1,1,1,1,1,0.4,11,1,0,0,0,1,0,0,0,0,0,0,1,1,0,0,0,0,0
SML0422,C1=CC=C(C=C1)/C=C/C(=O)O,148.16099999999997,1.7844,37.3,1,1,2,1,1,0.0,11,2,0,0,0,0,1,0,0,0,0,0,1,1,0,0,0,0,0
SML0423,CCCCCCC(=O)C,128.21499999999997,2.5458000000000007,17.07,0,1,5,0,0,0.875,9,1,0,0,0,0,0,0,0,0,1,0,0,0,0,0,0,0,0
SML0424,CCCCCC(=O)CC,128.21499999999997,2.5458000000000007,17.07,0,1,5,0,0,0.875,9,1,0,0,0,0,0,0,0,0,1,0,0,0,0,0,0,0,0
SML0425,CCCCCCC(=O)CC,142.242,2.935900000000001,17.07,0,1,6,0,0,0.8888888888888888,10,1,0,0,0,0,0,0,0,0,1,0,0,0,0,0,0,0,0
SML0426,CCCCCCCCC(=O)C,156.269,3.3260000000000023,17.07,0,1,7,0,0,0.9,11,1,0,0,0,0,0,0,0,0,1,0,0,0,0,0,0,0,0
SML0427,CCCCCCCCCCC(=O)C,184.32299999999998,4.106200000000004,17.07,0,1,9,0,0,0.9166666666666666,13,1,0,0,0,0,0,0,0,0,1,0,0,0,0,0,0,0,0
SML0428,CC(=CCCC(=O)C)C,126.199,2.3218000000000005,17.07,0,1,3,0,0,0.625,9,1,0,0,0,0,0,0,0,0,1,0,0,0,0,0,0,0,0
SML0429,CC(=O)CCC1=CC2=C(C=C1)OCO2,192.21399999999997,1.9368999999999996,35.53,0,3,3,1,2,0.36363636363636365,14,3,0,0,0,0,0,0,1,0,1,0,1,1,0,0,0,0,0
SML0430,CC1(C2CCC1(C(=O)C2)C)C,152.237,2.401700000000001,17.07,0,1,0,0,2,0.9,11,1,0,0,0,0,0,0,0,0,1,0,0,0,0,0,0,0,0
SML0431,CCCCCCC(=O)OCC,158.24099999999999,2.5199000000000007,26.3,0,2,6,0,0,0.8888888888888888,11,2,0,0,0,0,0,1,1,0,0,0,0,0,0,0,0,0,0
SML0432,CCCCCCCCC(=O)OCC,186.295,3.3001000000000023,26.3,0,2,8,0,0,0.9090909090909091,13,2,0,0,0,0,0,1,1,0,0,0,0,0,0,0,0,0,0
SML0433,CCCCCC(=O)OC,130.18699999999998,1.7397,26.3,0,2,4,0,0,0.8571428571428571,9,2,0,0,0,0,0,1,1,0,0,0,0,0,0,0,0,0,0
SML0434,CCCCCCC(=O)OC,144.214,2.1298000000000004,26.3,0,2,5,0,0,0.875,10,2,0,0,0,0,0,1,1,0,0,0,0,0,0,0,0,0,0
SML0435,CCCCCCCCC(=O)OC,172.268,2.910000000000001,26.3,0,2,7,0,0,0.9,12,2,0,0,0,0,0,1,1,0,0,0,0,0,0,0,0,0,0
SML0436,CCCC(=O)SC,118.201,1.6761,17.07,0,2,2,0,0,0.8,7,1,0,1,0,0,0,0,0,0,0,0,0,0,0,1,0,0,0
SML0437,C1=CSC=N1,85.131,1.1430999999999998,12.89,0,2,0,1,1,0.0,5,0,1,1,0,0,0,0,0,0,0,0,1,0,0,0,0,0,0
SML0438,C1=CC=C2C(=C1)N=CS2,135.19099999999997,2.2963000000000005,12.89,0,2,0,2,2,0.0,9,0,1,1,0,0,0,0,0,0,0,0,1,1,0,0,0,0,0
SML0439,C1=CC=C2C(=C1)C=CN2,117.15099999999997,2.1678999999999995,15.79,1,0,0,2,2,0.0,9,0,1,0,0,0,0,0,0,0,0,0,1,1,0,0,0,0,0
SML0440,C=CCC1=CC2=C(C=C1)OCO2,162.18799999999993,2.1437999999999997,18.46,0,2,2,1,2,0.2,12,2,0,0,0,0,0,0,1,0,0,0,1,1,0,0,0,0,0
SML0441,C1=CC=C(C=C1)C=O,106.12399999999997,1.4990999999999999,17.07,0,1,1,1,1,0.0,8,1,0,0,0,0,0,0,0,1,0,0,1,1,0,0,0,0,0
SML0442,CC(CCC=C(C)C)CC=O,154.253,2.9579000000000013,17.07,0,1,5,0,0,0.7,11,1,0,0,0,0,0,0,0,1,0,0,0,0,0,0,0,0,0
SML0443,CCCCCC1C(CCC1=O)CC(=O)OC,226.31599999999995,2.725100000000001,43.370000000000005,0,3,6,0,1,0.8461538461538461,16,3,0,0,0,0,0,1,1,0,1,0,0,0,0,0,0,0,0
SML0444,CCCCC/C=C/C=O,126.19899999999997,2.3218000000000005,17.07,0,1,5,0,0,0.625,9,1,0,0,0,0,0,0,0,1,0,0,0,0,0,0,0,0,0
SML0445,CCC/C=C/C=C/C=O,124.18299999999996,2.0978,17.07,0,1,4,0,0,0.375,9,1,0,0,0,0,0,0,0,1,0,0,0,0,0,0,0,0,0
SML0446,CC(C)CC(C)CC=C(C)C=O,168.27999999999997,3.2039000000000017,17.07,0,1,5,0,0,0.7272727272727273,12,1,0,0,0,0,0,0,0,1,0,0,0,0,0,0,0,0,0
SML0447,C[C@]12CC[C@H](C1)C(C2=O)(C)C,152.237,2.401700000000001,17.07,0,1,0,0,2,0.9,11,1,0,0,0,0,0,0,0,0,1,0,0,0,0,0,0,0,0
SML0448,C[C@@H]1CCO[C@H](C1)C=C(C)C,154.253,2.7677000000000014,9.23,0,1,1,0,1,0.8,11,1,0,0,0,0,0,0,1,0,0,0,0,0,0,0,0,0,0
SML0449,C[C@]12CC[C@H](C1(C)C)CC2=O,152.237,2.401700000000001,17.07,0,1,0,0,2,0.9,11,1,0,0,0,0,0,0,0,0,1,0,0,0,0,0,0,0,0
SML0450,C[C@H](C1=CC=CC=C1)O,122.16699999999996,1.7399,20.23,1,1,1,1,1,0.25,9,1,0,0,1,0,0,0,0,0,0,0,1,1,0,0,0,0,0
SML0451,CC[C@@H](C1=CC=CC=C1)C(=O)O,164.20399999999995,2.2647999999999997,37.3,1,1,3,1,1,0.3,12,2,0,0,0,0,1,0,0,0,0,0,1,1,0,0,0,0,0
SML0452,CC[C@H](C1=CC=CC=C1)C(=O)O,164.20399999999995,2.2647999999999997,37.3,1,1,3,1,1,0.3,12,2,0,0,0,0,1,0,0,0,0,0,1,1,0,0,0,0,0
SML0453,CCCCC(=O)C,100.16099999999999,1.7656,17.07,0,1,3,0,0,0.8333333333333334,7,1,0,0,0,0,0,0,0,0,1,0,0,0,0,0,0,0,0
SML0454,CCC(C)O,74.12299999999999,0.7771999999999999,20.23,1,1,1,0,0,1.0,5,1,0,0,1,0,0,0,0,0,0,0,0,0,0,0,0,0,0
SML0455,CCCCC[C@@H](C)O,116.20399999999998,1.9475000000000002,20.23,1,1,4,0,0,1.0,8,1,0,0,1,0,0,0,0,0,0,0,0,0,0,0,0,0,0
SML0456,CCCCCC(C)(C)O,130.231,2.3376000000000006,20.23,1,1,4,0,0,1.0,9,1,0,0,1,0,0,0,0,0,0,0,0,0,0,0,0,0,0
SML0457,CCCCCC[C@H](C)O,130.231,2.3376000000000006,20.23,1,1,5,0,0,1.0,9,1,0,0,1,0,0,0,0,0,0,0,0,0,0,0,0,0,0
SML0458,CC[C@H](C)O,74.12299999999999,0.7771999999999999,20.23,1,1,1,0,0,1.0,5,1,0,0,1,0,0,0,0,0,0,0,0,0,0,0,0,0,0
SML0459,CCCCC[C@H](C)O,116.20399999999998,1.9475000000000002,20.23,1,1,4,0,0,1.0,8,1,0,0,1,0,0,0,0,0,0,0,0,0,0,0,0,0,0
SML0460,C[C@@H](C1=CC=CC=C1)O,122.16699999999996,1.7399,20.23,1,1,1,1,1,0.25,9,1,0,0,1,0,0,0,0,0,0,0,1,1,0,0,0,0,0
SML0461,CCC(=O)OC,88.106,0.5694,26.3,0,2,1,0,0,0.75,6,2,0,0,0,0,0,1,1,0,0,0,0,0,0,0,0,0,0
SML0462,CCC(=O)OC(C)(C)C,130.18699999999998,1.7381,26.3,0,2,1,0,0,0.8571428571428571,9,2,0,0,0,0,0,1,1,0,0,0,0,0,0,0,0,0,0
SML0463,CCCC(=O)OCCC,130.18699999999998,1.7397,26.3,0,2,4,0,0,0.8571428571428571,9,2,0,0,0,0,0,1,1,0,0,0,0,0,0,0,0,0,0
SML0464,CC(C)CN,73.139,0.6011000000000001,26.02,1,1,1,0,0,1.0,5,0,1,0,0,0,0,0,0,0,0,1,0,0,0,0,0,0,0
SML0465,CCOC1=CC=CC=C1,122.16699999999996,2.0853,9.23,0,1,2,1,1,0.25,9,1,0,0,0,0,0,0,1,0,0,0,1,1,0,0,0,0,0
SML0466,CCCCOC,88.14999999999999,1.4329,9.23,0,1,3,0,0,1.0,6,1,0,0,0,0,0,0,1,0,0,0,0,0,0,0,0,0,0
SML0467,C[C@@H]1CCC(=C(C)C)C(=O)C1,152.23699999999997,2.711900000000001,17.07,0,1,0,0,1,0.7,11,1,0,0,0,0,0,0,0,0,1,0,0,0,0,0,0,0,0
SML0468,CC(C)CCN,87.16600000000001,0.9912000000000001,26.02,1,1,2,0,0,1.0,6,0,1,0,0,0,0,0,0,0,0,1,0,0,0,0,0,0,0
SML0469,CCC1CCC(=O)O1,114.14399999999999,1.1019999999999999,26.3,0,2,1,0,1,0.8333333333333334,8,2,0,0,0,0,0,1,1,0,0,0,0,0,1,0,0,0,0
SML0470,CCCCCCC=C,112.216,3.142800000000002,0.0,0,0,5,0,0,0.75,8,0,0,0,0,0,0,0,0,0,0,0,0,0,0,0,0,0,0
SML0471,CCCCCCC(=O)OCC=C,170.25199999999998,2.686000000000001,26.3,0,2,7,0,0,0.7,12,2,0,0,0,0,0,1,1,0,0,0,0,0,0,0,0,0,0
SML0472,CCCCC/C(=C\C1=CC=CC=C1)/C=O,202.297,3.8492000000000033,17.07,0,1,6,1,1,0.35714285714285715,15,1,0,0,0,0,0,0,0,1,0,0,1,1,0,0,0,0,0
SML0473,CCCCCC(=O)OCCCCC,186.29499999999993,3.3001000000000023,26.3,0,2,8,0,0,0.9090909090909091,13,2,0,0,0,0,0,1,1,0,0,0,0,0,0,0,0,0,0
SML0474,CC(=O)OCC1=CC=CC=C1,150.177,1.7496999999999998,26.3,0,2,2,1,1,0.2222222222222222,11,2,0,0,0,0,0,1,1,0,0,0,1,1,0,0,0,0,0
SML0475,C1=CC=C(C=C1)COC(=O)C2=CC=CC=C2O,228.24699999999999,2.7492000000000014,46.53,1,3,3,2,2,0.07142857142857142,17,3,0,0,0,1,0,1,1,0,0,0,1,1,0,0,0,0,0
SML0476,CCCCCCC(=O)OCCCC,186.29499999999996,3.3001000000000023,26.3,0,2,8,0,0,0.9090909090909091,13,2,0,0,0,0,0,1,1,0,0,0,0,0,0,0,0,0,0
SML0477,C[C@@]12CC[C@@H](C1(C)C)CC2=O,152.237,2.401700000000001,17.07,0,1,0,0,2,0.9,11,1,0,0,0,0,0,0,0,0,1,0,0,0,0,0,0,0,0
SML0478,C[C@@H]1CC[C@@H]2[C@]13CC[C@@]([C@H](C3)C2(C)C)(C)OC(=O)C,264.409,4.180600000000004,26.3,0,2,1,0,3,0.9411764705882353,19,2,0,0,0,0,0,1,1,0,0,0,0,0,0,0,0,0,0
SML0479,CC(CCC=C(C)C)CCO,156.26899999999998,2.751300000000001,20.23,1,1,5,0,0,0.8,11,1,0,0,1,0,0,0,0,0,0,0,0,0,0,0,0,0,0
SML0480,CCCCCCCOC(=O)C(C)C,186.295,3.1560000000000015,26.3,0,2,7,0,0,0.9090909090909091,13,2,0,0,0,0,0,1,1,0,0,0,0,0,0,0,0,0,0
SML0481,CCCCCC/C(=C\C1=CC=CC=C1)/C=O,216.324,4.239300000000004,17.07,0,1,7,1,1,0.4,16,1,0,0,0,0,0,0,0,1,0,0,1,1,0,0,0,0,0
SML0482,CC(=O)O[C@@H]1C[C@H]2CC[C@@]1(C2(C)C)C,196.29,2.7643000000000013,26.3,0,2,1,0,2,0.9166666666666666,14,2,0,0,0,0,0,1,1,0,0,0,0,0,0,0,0,0,0
SML0483,CC1=CC=C(C=C1)OC(=O)C(C)C,178.231,2.55642,26.3,0,2,2,1,1,0.36363636363636365,13,2,0,0,0,0,0,1,1,0,0,0,1,1,0,0,0,0,0
SML0484,CC1=CC=CC=C1OC(=O)C(C)C,178.231,2.556420000000001,26.3,0,2,2,1,1,0.36363636363636365,13,2,0,0,0,0,0,1,1,0,0,0,1,1,0,0,0,0,0
SML0485,CC1=CC=C(C=C1)OC(=O)CC2=CC=CC=C2,226.275,3.1431200000000015,26.3,0,2,3,2,2,0.13333333333333333,17,2,0,0,0,0,0,1,1,0,0,0,1,1,0,0,0,0,0
SML0486,CC1=NC=CN=C1OC,124.14299999999999,0.7936199999999999,35.010000000000005,0,3,1,1,1,0.3333333333333333,9,1,2,0,0,0,0,0,1,0,0,0,1,0,0,0,0,0,0
SML0487,CC(=CCOC(=O)C)C,128.171,1.5157,26.3,0,2,2,0,0,0.5714285714285714,9,2,0,0,0,0,0,1,1,0,0,0,0,0,0,0,0,0,0
SML0488,CCN(CC)CC,101.193,1.3481,3.24,0,1,3,0,0,1.0,7,0,1,0,0,0,0,0,0,0,0,0,0,0,0,0,0,0,0
SML0489,CCCC=O,72.107,0.9854,17.07,0,1,2,0,0,0.75,5,1,0,0,0,0,0,0,0,1,0,0,0,0,0,0,0,0,0
SML0490,C(CCCC(=O)Cl)CCCC(=O)Cl,225.11499999999995,3.2479000000000022,34.14,0,2,8,0,0,0.7777777777777778,13,2,0,0,0,0,0,0,0,0,0,0,0,0,0,0,0,1,0
SML0491,COC1=C(C=CC(=C1)C(=O)O)O,168.14799999999997,1.099,66.76,2,3,2,1,1,0.125,12,4,0,0,0,1,1,0,1,0,0,0,1,1,0,0,0,0,0
SML0492,CCC1=CC=CC=C1O,122.16699999999996,1.9545999999999997,20.23,1,1,1,1,1,0.25,9,1,0,0,0,1,0,0,0,0,0,0,1,1,0,0,0,0,0
SML0493,C1OC2=C(O1)C=C(C=C2)CO,152.14899999999997,0.9076,38.69,1,3,1,1,2,0.25,11,3,0,0,1,0,0,0,1,0,0,0,1,1,0,0,0,0,0
SML0494,C1=CC=C2C(=C1)C(=CC(=O)O2)O,162.14399999999998,1.4985999999999995,50.44,1,3,0,2,2,0.0,12,3,0,0,0,0,0,0,0,0,0,0,1,1,0,0,0,0,0
SML0495,CC1CCC(CC1=O)C(=C)C,152.23699999999997,2.567800000000001,17.07,0,1,1,0,1,0.7,11,1,0,0,0,0,0,0,0,0,1,0,0,0,0,0,0,0,0
SML0496,C1C2=CC=CC=C2OC1=O,134.134,1.1481,26.3,0,2,0,1,2,0.125,10,2,0,0,0,0,0,1,1,0,0,0,1,1,0,0,0,0,0
SML0497,CCCC(=O)C(=O)C,114.14399999999998,0.9446,34.14,0,2,3,0,0,0.6666666666666666,8,2,0,0,0,0,0,0,0,0,1,0,0,0,0,0,0,0,0
SML0498,CCCCC(=O)CC,114.18799999999999,2.1557000000000004,17.07,0,1,4,0,0,0.8571428571428571,8,1,0,0,0,0,0,0,0,0,1,0,0,0,0,0,0,0,0
SML0499,CCC(=O)C(=O)CC,114.14399999999999,0.9446,34.14,0,2,3,0,0,0.6666666666666666,8,2,0,0,0,0,0,0,0,0,1,0,0,0,0,0,0,0,0
SML0500,C1COC2=CC=CC=C2C1=O,148.16099999999994,1.6518,26.3,0,2,0,1,2,0.2222222222222222,11,2,0,0,0,0,0,0,1,0,1,0,1,1,0,0,0,0,0
SML0501,C=CCC1=CC=CC=C1,118.17899999999995,2.4151000000000007,0.0,0,0,2,1,1,0.1111111111111111,9,0,0,0,0,0,0,0,0,0,0,0,1,1,0,0,0,0,0
SML0502,CCCCOC(=O)C(C)OC(=O)CCC,216.27699999999993,2.0615,52.6,0,4,7,0,0,0.8181818181818182,15,4,0,0,0,0,0,1,1,0,0,0,0,0,0,0,0,0,0
SML0503,CCCCOC=O,102.13299999999998,0.9595,26.3,0,2,4,0,0,0.8,7,2,0,0,0,0,0,0,1,0,0,0,0,0,0,0,0,0,0
SML0504,CCCCCCCCCS,160.32600000000002,3.6668000000000034,0.0,1,1,7,0,0,1.0,10,0,0,1,0,0,0,0,0,0,0,0,0,0,0,0,0,0,0
SML0505,CC(=O)OC1=CC=CC=C1,136.14999999999998,1.6118999999999999,26.3,0,2,1,1,1,0.125,10,2,0,0,0,0,0,1,1,0,0,0,1,1,0,0,0,0,0
SML0506,CCCCCCCC=CC=O,154.253,3.102000000000002,17.07,0,1,7,0,0,0.7,11,1,0,0,0,0,0,0,0,1,0,0,0,0,0,0,0,0,0
SML0507,CC(=O)OC1CC2CCC1(C2(C)C)C,196.29,2.7643000000000013,26.3,0,2,1,0,2,0.9166666666666666,14,2,0,0,0,0,0,1,1,0,0,0,0,0,0,0,0,0,0
SML0508,CC(=C)C1CCC2(OC(C1)OO2)C,184.23499999999999,2.3833,27.69,0,3,1,0,2,0.8,13,3,0,0,0,0,0,0,1,0,0,0,0,0,0,0,0,0,0
SML0509,CCC(C)CC(=O)O,116.15999999999998,1.5072,37.3,1,1,3,0,0,0.8333333333333334,8,2,0,0,0,0,1,0,0,0,0,0,0,0,0,0,0,0,0
SML0510,CCCC(C)C(=O)O,116.15999999999998,1.5072,37.3,1,1,3,0,0,0.8333333333333334,8,2,0,0,0,0,1,0,0,0,0,0,0,0,0,0,0,0,0
SML0511,C(C(=O)O)C(CC(=O)O)(C(=O)O)O,192.12300000000002,-1.2485,132.13,4,4,5,0,0,0.5,13,7,0,0,1,0,1,0,0,0,0,0,0,0,0,0,0,0,0
SML0512,C1=CC=C(C=C1)C(=O)O,122.12299999999996,1.3848,37.3,1,1,1,1,1,0.0,9,2,0,0,0,0,1,0,0,0,0,0,1,1,0,0,0,0,0
SML0513,CC(=O)/C=C/C1=CC2=C(C=C1)OCO2,190.19799999999998,2.0174999999999996,35.53,0,3,2,1,2,0.18181818181818182,14,3,0,0,0,0,0,0,1,0,1,0,1,1,0,0,0,0,0
SML0514,COC1=CC(=CC(=C1O)OC)C=O,182.17499999999998,1.2218999999999998,55.76,1,4,3,1,1,0.2222222222222222,13,4,0,0,0,1,0,0,1,1,0,0,1,1,0,0,0,0,0
SML0515,CCOC1=C(C=C(C=C1)CC=C)OC,192.25799999999995,2.822400000000001,18.46,0,2,5,1,1,0.3333333333333333,14,2,0,0,0,0,0,0,1,0,0,0,1,1,0,0,0,0,0
SML0516,CCCCCC/C=C\CCC=O,168.27999999999997,3.4921000000000024,17.07,0,1,8,0,0,0.7272727272727273,12,1,0,0,0,0,0,0,0,1,0,0,0,0,0,0,0,0,0
SML0517,CCCC/C=C\CCCCC=O,168.27999999999997,3.4921000000000024,17.07,0,1,8,0,0,0.7272727272727273,12,1,0,0,0,0,0,0,0,1,0,0,0,0,0,0,0,0,0
SML0518,CCCC/C=C\CCC=O,140.22599999999997,2.711900000000001,17.07,0,1,6,0,0,0.6666666666666666,10,1,0,0,0,0,0,0,0,1,0,0,0,0,0,0,0,0,0
SML0519,CC1([C@H]2CC[C@H](C2)C1=C)C,136.238,2.9987000000000013,0.0,0,0,0,0,2,0.8,10,0,0,0,0,0,0,0,0,0,0,0,0,0,0,0,0,0,0
SML0520,C[C@@H]1CC[C@H](C[C@H]1O)C(=C)C,154.25299999999996,2.3596000000000004,20.23,1,1,1,0,1,0.8,11,1,0,0,1,0,0,0,0,0,0,0,0,0,0,0,0,0,0
SML0521,CC(=C)[C@H]1CCC2(C(C1)O2)C,152.237,2.520100000000001,12.53,0,1,1,0,2,0.8,11,1,0,0,0,0,0,0,1,0,0,0,0,0,0,0,0,0,0
SML0522,CC(=C)[C@H]1CCC(=CC1)C=O,150.221,2.4879000000000007,17.07,0,1,2,0,1,0.5,11,1,0,0,0,0,0,0,0,1,0,0,0,0,0,0,0,0,0
SML0523,CC1([C@@H]2CC[C@@H](C2)C1=C)C,136.238,2.9987000000000013,0.0,0,0,0,0,2,0.8,10,0,0,0,0,0,0,0,0,0,0,0,0,0,0,0,0,0,0
SML0524,C[C@H]1CC[C@@H](C[C@@H]1O)C(=C)C,154.25299999999996,2.3596000000000004,20.23,1,1,1,0,1,0.8,11,1,0,0,1,0,0,0,0,0,0,0,0,0,0,0,0,0,0
SML0525,CC(=C)C1CCC2(C(C1)O2)C,152.237,2.520100000000001,12.53,0,1,1,0,2,0.8,11,1,0,0,0,0,0,0,1,0,0,0,0,0,0,0,0,0,0
SML0526,CC(=C)[C@@H]1CCC(=CC1)C=O,150.221,2.4879000000000007,17.07,0,1,2,0,1,0.5,11,1,0,0,0,0,0,0,0,1,0,0,0,0,0,0,0,0,0
SML0527,CCSCC,90.191,1.7593999999999999,0.0,0,1,2,0,0,1.0,5,0,0,1,0,0,0,0,0,0,0,0,0,0,0,1,0,0,0
SML0528,C(CCCCO)CCCCO,160.25699999999998,1.7016999999999998,40.46,2,2,8,0,0,1.0,11,2,0,0,1,0,0,0,0,0,0,0,0,0,0,0,0,0,0
SML0529,C1=CC=C(C(=C1)O)Br,173.00899999999996,2.1547000000000005,20.23,1,1,0,1,1,0.0,8,1,0,0,0,1,0,0,0,0,0,0,1,1,0,0,0,1,0
SML0530,C1CCOCC1,86.134,1.1869,9.23,0,1,0,0,1,1.0,6,1,0,0,0,0,0,0,1,0,0,0,0,0,0,0,0,0,0
SML0531,CCCCC/C(=C\C1=CC=CC=C1)/C(OC)OC,248.36599999999999,4.269200000000004,18.46,0,2,8,1,1,0.5,18,2,0,0,0,0,0,0,1,0,0,0,1,1,0,0,0,0,0
SML0532,COC(C1=CC=CC=C1)OC,152.19299999999996,1.978,18.46,0,2,3,1,1,0.3333333333333333,11,2,0,0,0,0,0,0,1,0,0,0,1,1,0,0,0,0,0
SML0533,CC1=C(C(=C(C(=C1C)C)C=O)C)C,176.259,3.0412000000000017,17.07,0,1,1,1,1,0.4166666666666667,13,1,0,0,0,0,0,0,0,1,0,0,1,1,0,0,0,0,0
SML0534,CC=CC(=O)C1=C(CCCC1(C)C)C,192.30199999999996,3.6582000000000026,17.07,0,1,2,0,1,0.6153846153846154,14,1,0,0,0,0,0,0,0,0,1,0,0,0,0,0,0,0,0
SML0535,CC1=C(C=CO1)SSC2=C(OC=C2)C,226.322,4.288840000000002,26.28,0,4,3,2,2,0.2,14,2,0,2,0,0,0,0,0,0,0,0,1,0,0,0,0,0,0
SML0536,CC1=CC2=C(C=C1)OCC(=O)CO2,178.18699999999995,1.3353199999999996,35.53,0,3,0,1,2,0.3,13,3,0,0,0,0,0,0,1,0,1,0,1,1,0,0,0,0,0
SML0537,CC1CCC2C13CCC(C(C3)C2(C)C)(C)OC(=O)C,264.409,4.180600000000004,26.3,0,2,1,0,3,0.9411764705882353,19,2,0,0,0,0,0,1,1,0,0,0,0,0,0,0,0,0,0
SML0538,CC/C=C\CCCCC=O,140.226,2.711900000000001,17.07,0,1,6,0,0,0.6666666666666666,10,1,0,0,0,0,0,0,0,1,0,0,0,0,0,0,0,0,0
SML0539,C1CC(C1)C(=O)O,100.11699999999999,0.8711,37.3,1,1,1,0,1,0.8,7,2,0,0,0,0,1,0,0,0,0,0,0,0,0,0,0,0,0
SML0540,CCC(=C)CCCC(C)(C)O,156.269,2.893800000000002,20.23,1,1,5,0,0,0.8,11,1,0,0,1,0,0,0,0,0,0,0,0,0,0,0,0,0,0
SML0541,CNC1=CC=CC=C1C(=O)OC,165.19199999999998,1.5149,38.33,1,3,2,1,1,0.2222222222222222,12,2,1,0,0,0,0,1,1,0,0,0,1,1,0,0,0,0,0
SML0542,CC(=CCCC(=CCCC(=C)C=C)C)C,204.35699999999997,5.201500000000005,0.0,0,0,7,0,0,0.4666666666666667,15,0,0,0,0,0,0,0,0,0,0,0,0,0,0,0,0,0,0
SML0543,CCCC(C)C(=O)OCC,144.21399999999997,1.9857,26.3,0,2,4,0,0,0.875,10,2,0,0,0,0,0,1,1,0,0,0,0,0,0,0,0,0,0
SML0544,CCSSCC,122.258,2.4076000000000004,0.0,0,2,3,0,0,1.0,6,0,0,2,0,0,0,0,0,0,0,0,0,0,0,0,0,0,0
SML0545,CCC1=C(C(=O)C=CO1)O,140.13799999999998,0.9077999999999999,50.44,1,3,1,1,1,0.2857142857142857,10,3,0,0,0,0,0,0,0,0,0,0,1,0,0,0,0,0,0
SML0546,CC1CC2=C(CC1(C)C(=O)C)C(CCC2)(C)C,234.38299999999992,4.518300000000004,17.07,0,1,1,0,2,0.8125,17,1,0,0,0,0,0,0,0,0,1,0,0,0,0,0,0,0,0
SML0547,CCCCCCCCCCOC(=O)C,200.32199999999997,3.6902000000000026,26.3,0,2,9,0,0,0.9166666666666666,14,2,0,0,0,0,0,1,1,0,0,0,0,0,0,0,0,0,0
SML0548,CC(C)C(=O)OC/C=C(/C)\CCC=C(C)C,224.34399999999994,3.878300000000003,26.3,0,2,6,0,0,0.6428571428571429,16,2,0,0,0,0,0,1,1,0,0,0,0,0,0,0,0,0,0
SML0549,CCCCCCCCOC=O,158.241,2.5199000000000007,26.3,0,2,8,0,0,0.8888888888888888,11,2,0,0,0,0,0,0,1,0,0,0,0,0,0,0,0,0,0
SML0550,CCCCCOC(=O)CC,144.21399999999997,2.1298000000000004,26.3,0,2,5,0,0,0.875,10,2,0,0,0,0,0,1,1,0,0,0,0,0,0,0,0,0,0
SML0551,CC(=O)OCC1=CC2=C(C=C1)OCO2,194.18599999999998,1.4783999999999997,44.760000000000005,0,4,2,1,2,0.3,14,4,0,0,0,0,0,1,1,0,0,0,1,1,0,0,0,0,0
SML0552,C1CCOC1,72.107,0.7968,9.23,0,1,0,0,1,1.0,5,1,0,0,0,0,0,0,1,0,0,0,0,0,0,0,0,0,0
SML0553,CCCCCCCCC/C=C/C=O,182.30700000000002,3.8822000000000028,17.07,0,1,9,0,0,0.75,13,1,0,0,0,0,0,0,0,1,0,0,0,0,0,0,0,0,0
SML0554,C/C=C(\C)/C=O,84.11799999999998,1.1515,17.07,0,1,1,0,0,0.4,6,1,0,0,0,0,0,0,0,1,0,0,0,0,0,0,0,0,0
SML0555,C(CC(=O)O)CBr,167.002,1.2461,37.3,1,1,3,0,0,0.75,7,2,0,0,0,0,1,0,0,0,0,0,0,0,0,0,0,1,0
SML0556,C(CCBr)CC(=O)O,181.02899999999997,1.6362,37.3,1,1,4,0,0,0.8,8,2,0,0,0,0,1,0,0,0,0,0,0,0,0,0,0,1,0
SML0557,CC(CC1=CC=C(C=C1)OC)C=O,178.23099999999997,2.0726999999999998,26.3,0,2,4,1,1,0.36363636363636365,13,2,0,0,0,0,0,0,1,1,0,0,1,1,0,0,0,0,0
SML0558,CC(C)(C)C1=CC=C(C=C1)OCC=O,192.25799999999995,2.5618000000000007,26.3,0,2,3,1,1,0.4166666666666667,14,2,0,0,0,0,0,0,1,1,0,0,1,1,0,0,0,0,0
SML0559,C1=CC=C(C=C1)CCC=O,134.17799999999997,1.8181,17.07,0,1,3,1,1,0.2222222222222222,10,1,0,0,0,0,0,0,0,1,0,0,1,1,0,0,0,0,0
SML0560,C1=CC=C(C=C1)CCCC=O,148.20499999999998,2.2081999999999997,17.07,0,1,4,1,1,0.3,11,1,0,0,0,0,0,0,0,1,0,0,1,1,0,0,0,0,0
SML0561,CC(CCO)C1=CC=CC=C1,150.22099999999998,2.1725000000000003,20.23,1,1,3,1,1,0.4,11,1,0,0,1,0,0,0,0,0,0,0,1,1,0,0,0,0,0
SML0562,CC(C)C1=CC=CC=C1,120.19499999999995,2.8100000000000014,0.0,0,0,1,1,1,0.3333333333333333,9,0,0,0,0,0,0,0,0,0,0,0,1,1,0,0,0,0,0
SML0563,C1=CC=C(C=C1)CCCCC=O,162.23199999999997,2.598300000000001,17.07,0,1,5,1,1,0.36363636363636365,12,1,0,0,0,0,0,0,0,1,0,0,1,1,0,0,0,0,0
SML0564,C[C@H]1CC[C@@H](C(=O)C1)C(C)C,154.253,2.6477000000000013,17.07,0,1,1,0,1,0.9,11,1,0,0,0,0,0,0,0,0,1,0,0,0,0,0,0,0,0
SML0565,CC1=CC[C@H](CC1O)C(=C)C,152.23699999999997,2.2797,20.23,1,1,1,0,1,0.6,11,1,0,0,1,0,0,0,0,0,0,0,0,0,0,0,0,0,0
SML0566,CC(C(=O)C)C(=O)C,114.14399999999999,0.8005,34.14,0,2,2,0,0,0.6666666666666666,8,2,0,0,0,0,0,0,0,0,1,0,0,0,0,0,0,0,0
SML0567,CC(C)CC(=O)CC(=O)C,142.19799999999998,1.5807,34.14,0,2,4,0,0,0.75,10,2,0,0,0,0,0,0,0,0,1,0,0,0,0,0,0,0,0
SML0568,CCCCC(=O)CC(=O)C,142.19799999999998,1.7247999999999999,34.14,0,2,5,0,0,0.75,10,2,0,0,0,0,0,0,0,0,1,0,0,0,0,0,0,0,0
SML0569,CCCCCC(=O)CC(=O)C,156.225,2.1149,34.14,0,2,6,0,0,0.7777777777777778,11,2,0,0,0,0,0,0,0,0,1,0,0,0,0,0,0,0,0
SML0570,CC(C)C1=CC=C(C=C1)CC(C)C=O,190.28599999999994,3.1875000000000018,17.07,0,1,4,1,1,0.46153846153846156,14,1,0,0,0,0,0,0,0,1,0,0,1,1,0,0,0,0,0
SML0571,CCC1=CC=C(C=C1)CC(C)(C)C=O,190.28599999999997,3.0166000000000013,17.07,0,1,4,1,1,0.46153846153846156,14,1,0,0,0,0,0,0,0,1,0,0,1,1,0,0,0,0,0
SML0572,CCC(C1=CC=CC=C1)O,136.19399999999996,2.1300000000000003,20.23,1,1,2,1,1,0.3333333333333333,10,1,0,0,1,0,0,0,0,0,0,0,1,1,0,0,0,0,0
SML0573,COC1=CC=C(C=C1)COC=O,166.176,1.3681999999999999,35.53,0,3,4,1,1,0.2222222222222222,12,3,0,0,0,0,0,0,1,0,0,0,1,1,0,0,0,0,0
SML0574,CCCCCCCCCC(C)C=O,184.323,3.962100000000003,17.07,0,1,9,0,0,0.9166666666666666,13,1,0,0,0,0,0,0,0,1,0,0,0,0,0,0,0,0,0
SML0575,CC(=CC1=CC=CC=C1)C=O,146.18899999999996,2.2888,17.07,0,1,2,1,1,0.1,11,1,0,0,0,0,0,0,0,1,0,0,1,1,0,0,0,0,0
SML0576,CC1=CC(=O)CC(C1)C(C)C,152.237,2.567800000000001,17.07,0,1,1,0,1,0.7,11,1,0,0,0,0,0,0,0,0,1,0,0,0,0,0,0,0,0
SML0577,CC(CCC1=CC=CC=C1)CC=O,176.25899999999996,2.8443000000000014,17.07,0,1,5,1,1,0.4166666666666667,13,1,0,0,0,0,0,0,0,1,0,0,1,1,0,0,0,0,0
SML0578,CC(CC1=CC=CC=C1)C=O,148.20499999999996,2.0641,17.07,0,1,3,1,1,0.3,11,1,0,0,0,0,0,0,0,1,0,0,1,1,0,0,0,0,0
SML0579,CC1=CC=C(C=C1)CC(C)C=O,162.232,2.3725200000000006,17.07,0,1,3,1,1,0.36363636363636365,12,1,0,0,0,0,0,0,0,1,0,0,1,1,0,0,0,0,0
SML0580,CC1=C(C(=O)C=CO1)OC(=O)C(C)C,196.20199999999997,1.50962,56.51,0,4,2,1,1,0.4,14,4,0,0,0,0,0,1,1,0,0,0,1,0,0,0,0,0,0
SML0581,CCOC(=O)CC1(OCCO1)C,174.19599999999997,0.7025999999999999,44.760000000000005,0,4,3,0,1,0.875,12,4,0,0,0,0,0,1,1,0,0,0,0,0,0,0,0,0,0
SML0582,CCCCCC1COCCC1OC(=O)C,214.30499999999995,2.5349000000000004,35.53,0,3,5,0,1,0.9166666666666666,15,3,0,0,0,0,0,1,1,0,0,0,0,0,0,0,0,0,0
SML0583,CC(C)CCOCC(=O)OCC=C,186.25099999999998,1.7783000000000002,35.53,0,3,7,0,0,0.7,13,3,0,0,0,0,0,1,1,0,0,0,0,0,0,0,0,0,0
SML0584,CC(=CCCC(C)(C=C)OC(=O)C)C,196.29,3.2406000000000024,26.3,0,2,5,0,0,0.5833333333333334,14,2,0,0,0,0,0,1,1,0,0,0,0,0,0,0,0,0,0
SML0585,COC1CC2CC1C3C2CC(C3)C=O,194.27399999999997,1.8825,26.3,0,2,2,0,3,0.9166666666666666,14,2,0,0,0,0,0,0,1,1,0,0,0,0,0,0,0,0,0
SML0586,CC(CC=O)C1=CC=C(C=C1)C(C)(C)C,204.313,3.676600000000003,17.07,0,1,3,1,1,0.5,15,1,0,0,0,0,0,0,0,1,0,0,1,1,0,0,0,0,0
SML0587,CC1=C(C=C(C=C1)C(C)C)O,150.22099999999998,2.8240200000000013,20.23,1,1,1,1,1,0.4,11,1,0,0,0,1,0,0,0,0,0,0,1,1,0,0,0,0,0
SML0588,CCCCCC(/C(=C/CC)/C)O,170.296,3.2839000000000023,20.23,1,1,6,0,0,0.8181818181818182,12,1,0,0,1,0,0,0,0,0,0,0,0,0,0,0,0,0,0
SML0589,CC(C)(C)C1CCCCC1OCCCCO,228.37599999999995,3.380400000000003,29.46,1,2,5,0,1,1.0,16,2,0,0,1,0,0,0,1,0,0,0,0,0,0,0,0,0,0
SML0590,CC(C)CCCC(C)(C)O,144.258,2.583600000000001,20.23,1,1,4,0,0,1.0,10,1,0,0,1,0,0,0,0,0,0,0,0,0,0,0,0,0,0
SML0591,CCC(=O)/C=C/C1C(=CCCC1(C)C)C,206.32899999999992,3.904200000000003,17.07,0,1,3,0,1,0.6428571428571429,15,1,0,0,0,0,0,0,0,0,1,0,0,0,0,0,0,0,0
SML0592,C/C=C/C(=O)C1C(=CCCC1(C)C)C,192.30199999999996,3.5141000000000027,17.07,0,1,2,0,1,0.6153846153846154,14,1,0,0,0,0,0,0,0,0,1,0,0,0,0,0,0,0,0
SML0593,CCCCCCCCC(OC(=O)C)OC(=O)C,244.33099999999996,3.189300000000002,52.6,0,4,9,0,0,0.8461538461538461,17,4,0,0,0,0,0,1,1,0,0,0,0,0,0,0,0,0,0
SML0594,CC1CC(CO1)(C)C2=CC=CC=C2,176.25900000000001,2.7531000000000008,9.23,0,1,1,1,2,0.5,13,1,0,0,0,0,0,0,1,0,0,0,1,1,0,0,0,0,0
SML0595,CC1=CC=C(C=C1)OC,122.16699999999999,2.0036199999999997,9.23,0,1,1,1,1,0.25,9,1,0,0,0,0,0,0,1,0,0,0,1,1,0,0,0,0,0
SML0596,CC/C=C\CC1=C(CCC1=O)C,164.248,3.022100000000002,17.07,0,1,3,0,1,0.5454545454545454,12,1,0,0,0,0,0,0,0,0,1,0,0,0,0,0,0,0,0
SML0597,COC1=C(C=CC(=C1)C(=O)OC)O,182.17499999999995,1.1874,55.760000000000005,1,4,2,1,1,0.2222222222222222,13,4,0,0,0,1,0,1,1,0,0,0,1,1,0,0,0,0,0
SML0598,C/C=C/C1=CC(=C(C=C1)OC)OC,178.23099999999997,2.736900000000001,18.46,0,2,3,1,1,0.2727272727272727,13,2,0,0,0,0,0,0,1,0,0,0,1,1,0,0,0,0,0
SML0599,C1CCC/C=C\CCCCCCC(=O)CCC1,236.39899999999992,5.1966000000000045,17.07,0,1,0,0,1,0.8125,17,1,0,0,0,0,0,0,0,0,1,0,0,0,0,0,0,0,0
SML0600,CC/C(=C\CC1CC=C(C1(C)C)C)/CO,208.34499999999997,3.6976000000000027,20.23,1,1,4,0,1,0.7142857142857143,15,1,0,0,1,0,0,0,0,0,0,0,0,0,0,0,0,0,0
SML0601,CC1C/C=C/CCCCCCCCCC(=O)C1,236.39899999999992,5.052500000000005,17.07,0,1,0,0,1,0.8125,17,1,0,0,0,0,0,0,0,0,1,0,0,0,0,0,0,0,0
SML0602,C[C@H](C(=O)N[C@H](C)C(=O)O)N,160.17299999999997,-1.0770999999999993,92.42,3,3,3,0,0,0.6666666666666666,11,3,2,0,0,0,1,0,0,0,0,1,0,0,0,0,0,0,0
SML0603,CC(=O)NCCC(=O)C1=C(C=CC(=C1)OC)NC=O,264.281,0.9723999999999999,84.5,2,4,7,1,1,0.3076923076923077,19,4,2,0,0,0,0,0,1,0,1,0,1,1,0,0,0,0,0
SML0604,CC1=C(C=C2CCC(OC2=C1C)(C)CCC(=O)O)O,264.32099999999997,2.9575400000000003,66.76,2,3,3,1,2,0.5333333333333333,19,4,0,0,0,1,1,0,1,0,0,0,1,1,0,0,0,0,0
SML0605,C(C(=O)C(=O)O)O,104.06099999999998,-1.3676,74.60000000000001,2,3,2,0,0,0.3333333333333333,7,4,0,0,1,0,1,0,0,0,1,0,0,0,0,0,0,0,0
SML0606,C1=NC(=C2C(=N1)N(C=N2)[C@H]3[C@H]4[C@@H]([C@H](O3)CO)OP(=O)(O4)O)N,329.20900000000006,-0.8174000000000001,154.84000000000003,3,10,2,2,4,0.5,22,6,5,0,1,0,0,0,1,0,0,1,1,0,0,0,0,0,0
SML0607,CC(C1CCCC(C1)(C)C)OC(C)(C)COC(=O)C2CC2,296.451,4.339700000000004,35.53,0,3,6,0,2,0.9444444444444444,21,3,0,0,0,0,0,1,1,0,0,0,0,0,0,0,0,0,0
SML0608,C([C@@H](C(=O)O)O)O,106.07699999999997,-1.5757999999999999,77.76,3,3,2,0,0,0.6666666666666666,7,4,0,0,1,0,1,0,0,0,0,0,0,0,0,0,0,0,0
SML0609,C[C@]12CC[C@H]3[C@H]([C@@H]1CCC2=O)CCC4=CC(=O)CC[C@]34CO,302.41400000000004,3.0598000000000023,54.370000000000005,1,3,1,0,4,0.7894736842105263,22,3,0,0,1,0,0,0,0,0,1,0,0,0,0,0,0,0,0
SML0610,C[C@]12CCC(=O)C[C@@H]1CC[C@@H]3[C@@H]2CC[C@]4([C@H]3CCC4=O)C,288.431,4.167300000000004,34.14,0,2,0,0,4,0.8947368421052632,21,2,0,0,0,0,0,0,0,0,1,0,0,0,0,0,0,0,0
SML0611,CC(=O)N[C@@H](CCC(=O)O)C(=O)O,189.167,-0.5594999999999994,103.7,3,3,5,0,0,0.5714285714285714,13,5,1,0,0,0,1,0,0,0,0,0,0,0,0,0,0,0,0
SML0612,C([C@@H]1[C@H]([C@@H]([C@H]([C@H](O1)O[C@@H](C=O)[C@H]([C@@H]([C@@H](CO)O)O)O)O)O)O)O,342.297,-5.5545999999999935,197.36999999999998,8,11,8,0,1,0.9166666666666666,23,11,0,0,1,0,0,0,1,1,0,0,0,0,0,0,0,0,0
SML0613,C1C[C@H](N(C1)C(=O)[C@@H]2CCCN2C(=O)[C@H](CCCN=C(N)N)N)C(=O)NCC(=O)N[C@@H](CC3=CC=CC=C3)C(=O)N[C@@H](CO)C(=O)N4CCC[C@H]4C(=O)N[C@@H](CC5=CC=CC=C5)C(=O)N[C@@H](CCCN=C(N)N)C(=O)O,1060.2279999999994,-3.9884000000000217,418.77999999999986,12,13,27,2,5,0.54,76,11,15,0,1,0,1,0,0,0,0,1,1,1,0,0,0,0,0
SML0614,CC1=CNC(=O)N1,98.105,0.011419999999999875,48.65,2,1,0,1,1,0.25,7,1,2,0,0,0,0,0,0,0,0,0,1,0,0,0,0,0,0
SML0615,C1=CC(=CC=C1C2=[O+]C3=CC(=CC(=C3C=C2O)O)O)O,271.248,3.203300000000002,92.22000000000001,4,4,1,3,3,0.0,20,5,0,0,0,1,0,0,0,0,0,0,1,1,0,0,0,0,0
SML0616,C(C(=O)O)N,75.06700000000001,-0.9702999999999999,63.31999999999999,2,2,1,0,0,0.5,5,2,1,0,0,0,1,0,0,0,0,1,0,0,0,0,0,0,0
SML0617,C(CC(=O)O)C(=O)C(=O)O,146.09799999999998,-0.49509999999999993,91.67,2,3,4,0,0,0.4,10,5,0,0,0,0,1,0,0,0,1,0,0,0,0,0,0,0,0
SML0618,C(=O)(N)N,60.05599999999999,-0.9762,69.11,2,1,0,0,0,0.0,4,1,2,0,0,0,0,0,0,0,0,1,0,0,0,0,0,0,0
SML0619,C1=C(NC=N1)C[C@@H](CO)N,141.17399999999998,-0.7282000000000002,74.92999999999999,3,3,3,1,1,0.5,10,1,3,0,1,0,0,0,0,0,0,1,1,0,0,0,0,0,0
SML0620,C12=C(NC(=NC1=O)N)NC(=O)N2,167.12800000000001,-1.4783000000000008,120.41999999999999,4,4,0,2,2,0.0,12,2,5,0,0,0,0,0,0,0,0,1,1,0,0,0,0,0,0
SML0621,C1CC(=O)NC1,85.106,-0.10360000000000008,29.1,1,1,0,0,1,0.75,6,1,1,0,0,0,0,0,0,0,0,0,0,0,0,0,0,0,0
SML0622,C[C@]12CC[C@H]3[C@H]([C@@H]1CC[C@H]2O)CCC4=CC(=O)CC[C@]34C,288.43100000000004,3.8792000000000035,37.3,1,2,0,0,4,0.8421052631578947,21,2,0,0,1,0,0,0,0,0,1,0,0,0,0,0,0,0,0
SML0623,C[C@]12CC[C@H]3[C@H]([C@@H]1C[C@H]([C@@H]2O)O)CCC4=C3C=CC(=C4)O,288.387,2.5800000000000023,60.69,3,3,0,1,4,0.6666666666666666,21,3,0,0,1,1,0,0,0,0,0,0,1,1,0,0,0,0,0
SML0624,COC1=C(C=CC(=C1)CCC(=O)CC(=O)CCC2=CC(=C(C=C2)O)OC)O,372.41700000000003,3.2087000000000026,93.06000000000002,2,6,10,2,2,0.3333333333333333,27,6,0,0,0,1,0,0,1,0,1,0,1,1,0,0,0,0,0
SML0625,C1=CC=C(C=C1)CC(=O)N[C@@H](CCC(=O)N)C(=O)O,264.28099999999995,0.06400000000000056,109.49,3,3,7,1,1,0.3076923076923077,19,4,2,0,0,0,1,0,0,0,0,1,1,1,0,0,0,0,0
SML0626,C[C@]12CC[C@H]3[C@H]([C@@H]1CC[C@@H]2O)CCC4=CC(=O)CC[C@]34C,288.43100000000004,3.8792000000000035,37.3,1,2,0,0,4,0.8421052631578947,21,2,0,0,1,0,0,0,0,0,1,0,0,0,0,0,0,0,0
SML0627,CCCCCCCCCCCCCCCCCC(=O)NCCO,327.553,5.356400000000005,49.33,2,2,18,0,0,0.95,23,2,1,0,1,0,0,0,0,0,0,0,0,0,0,0,0,0,0
SML0628,C[C@]12CCC(=O)C=C1CC[C@@H]3[C@@H]2CC[C@]4([C@H]3CCC4=O)C,286.41499999999996,4.087400000000003,34.14,0,2,0,0,4,0.7894736842105263,21,2,0,0,0,0,0,0,0,0,1,0,0,0,0,0,0,0,0
SML0629,CCCCCCCCCCCCCCCC(=O)NCCO,299.499,4.576200000000004,49.33,2,2,16,0,0,0.9444444444444444,21,2,1,0,1,0,0,0,0,0,0,0,0,0,0,0,0,0,0
SML0630,C([C@@H]1[C@H]([C@@H]([C@H]([C@H](O1)O[C@@H]2[C@H](O[C@H]([C@@H]([C@H]2O)O)O)CO)O)O)O)O,342.297,-5.397199999999994,189.52999999999997,8,11,4,0,2,1.0,23,11,0,0,1,0,0,0,1,0,0,0,0,0,0,0,0,0,0
SML0631,C1=C(N(C(=O)NC1=O)[C@H]2[C@@H]([C@@H]([C@H](O2)CO)O)O)C(=O)O,288.212,-3.1536999999999984,162.08,5,8,3,1,2,0.5,20,8,2,0,1,0,1,0,1,0,0,0,1,0,0,0,0,0,0
SML0632,CC(=O)NC1=CC=C(C=C1)O,151.165,1.3505999999999998,49.33,2,2,1,1,1,0.125,11,2,1,0,0,1,0,0,0,0,0,0,1,1,0,0,0,0,0
SML0633,CCCCC/C=C\C/C=C\C/C=C\C/C=C\CCCC(=O)O,304.47400000000005,6.216700000000006,37.3,1,1,14,0,0,0.55,22,2,0,0,0,0,1,0,0,0,0,0,0,0,0,0,0,0,0
SML0634,CCCCCC1C(O1)C/C=C\CCCCCCCC(=O)O,296.45099999999996,5.095700000000004,49.83,1,2,14,0,1,0.8333333333333334,21,3,0,0,0,0,1,0,1,0,0,0,0,0,0,0,0,0,0
SML0635,CC1=C(C(CCC1)(C)C)/C=C/C(=C/C=C/C(=C\C(=O)O)/C)/C,300.44200000000006,5.602600000000005,37.3,1,1,5,0,1,0.45,22,2,0,0,0,0,1,0,0,0,0,0,0,0,0,0,0,0,0
SML0636,CC(=O)NC(CC1=CC(=C(C=C1)O)OC)C(=O)O,253.254,0.5325999999999995,95.86,3,4,5,1,1,0.3333333333333333,18,5,1,0,0,1,1,0,1,0,0,0,1,1,0,0,0,0,0
SML0637,C[C@]12CC[C@H]3[C@H]([C@@H]1CC[C@@H]2O)CCC4=CC(=O)CC[C@H]34,274.404,3.4891000000000023,37.3,1,2,0,0,4,0.8333333333333334,20,2,0,0,1,0,0,0,0,0,1,0,0,0,0,0,0,0,0
SML0638,CC(=O)NCCCNCCCCN,187.28699999999995,-0.1588999999999986,67.15,3,3,8,0,0,0.8888888888888888,13,1,3,0,0,0,0,0,0,0,0,1,0,0,0,0,0,0,0
SML0639,C(C(C=O)O)O,90.07799999999999,-1.4615,57.53,2,3,2,0,0,0.6666666666666666,6,3,0,0,1,0,0,0,0,1,0,0,0,0,0,0,0,0,0
SML0640,C(CCN=C(N)N)C[C@@H](C(=O)O)N,188.231,-1.157999999999998,127.72,4,3,6,0,0,0.7142857142857143,13,2,4,0,0,0,1,0,0,0,0,1,0,0,0,0,0,0,0
SML0641,CC(=O)NCCCCNCCCN,187.28699999999998,-0.1588999999999986,67.15,3,3,8,0,0,0.8888888888888888,13,1,3,0,0,0,0,0,0,0,0,1,0,0,0,0,0,0,0
SML0642,CC(=O)NCCCC(=O)O,145.15800000000002,-0.012699999999999989,66.4,2,2,4,0,0,0.6666666666666666,10,3,1,0,0,0,1,0,0,0,0,0,0,0,0,0,0,0,0
SML0643,C(C(C(=O)O)N)N,104.10900000000001,-1.6429999999999998,89.33999999999999,3,3,2,0,0,0.6666666666666666,7,2,2,0,0,0,1,0,0,0,0,1,0,0,0,0,0,0,0
SML0644,CN(C)C(=NCCC[C@@H](C(=O)O)N)N,202.25799999999998,-0.9451999999999972,104.94,3,3,5,0,0,0.75,14,2,4,0,0,0,1,0,0,0,0,1,0,0,0,0,0,0,0
SML0645,C(CNC(=O)N)C(=O)O,132.119,-0.8705999999999992,92.42,3,2,3,0,0,0.5,9,3,2,0,0,0,1,0,0,0,0,1,0,0,0,0,0,0,0
SML0646,CC(CNC(=O)N)C(=O)O,146.14600000000002,-0.6245999999999992,92.42,3,2,3,0,0,0.6,10,3,2,0,0,0,1,0,0,0,0,1,0,0,0,0,0,0,0
SML0647,CC(=O)NCCCCN,130.191,-0.13859999999999972,55.120000000000005,2,2,4,0,0,0.8333333333333334,9,1,2,0,0,0,0,0,0,0,0,1,0,0,0,0,0,0,0
SML0648,C1CSSC1CCCCC(=O)N,205.34799999999993,2.1858,43.09,1,3,5,0,1,0.875,12,1,1,2,0,0,0,0,0,0,0,1,0,0,0,0,0,0,0
SML0649,C1=C(NC=N1)CCN,111.14800000000001,-0.08910000000000007,54.7,2,2,2,1,1,0.4,8,0,3,0,0,0,0,0,0,0,0,1,1,0,0,0,0,0,0
SML0650,CC(=O)CO,74.079,-0.43229999999999996,37.3,1,2,1,0,0,0.6666666666666666,5,2,0,0,1,0,0,0,0,0,1,0,0,0,0,0,0,0,0
SML0651,COC1=C(C=CC(=C1)C(CN)O)O,183.20699999999997,0.39289999999999986,75.71000000000001,3,4,3,1,1,0.3333333333333333,13,3,1,0,1,1,0,0,1,0,0,1,1,1,0,0,0,0,0
SML0652,CC1=C(C=C2C(=C1[N+](=O)[O-])C(CC2(C)C)(C)C)[N+](=O)[O-],278.308,3.7703200000000034,86.28,0,4,2,1,2,0.5714285714285714,20,4,2,0,0,0,0,0,0,0,0,0,1,1,0,0,0,0,0
SML0653,CC1=C(C=C(C(=C1[N+](=O)[O-])OC)C(C)(C)C)[N+](=O)[O-],268.269,3.1175200000000025,95.51,0,5,3,1,1,0.5,19,5,2,0,0,0,0,0,1,0,0,0,1,1,0,0,0,0,0
SML0654,CCC(=O)OCC(C)(C)CC1=C(CCC1C(=C)C)C,264.40899999999993,4.6585000000000045,26.3,0,2,6,0,1,0.7058823529411765,19,2,0,0,0,0,0,1,1,0,0,0,0,0,0,0,0,0,0
SML0655,CCC(C)CCCC(C)(C)O,158.285,2.9737000000000022,20.23,1,1,5,0,0,1.0,11,1,0,0,1,0,0,0,0,0,0,0,0,0,0,0,0,0,0
SML0656,CC(C)/C=C(\C)/C(C)OC(C)(C)COC(=O)C1CC1,268.397,3.7256000000000027,35.53,0,3,7,0,1,0.8125,19,3,0,0,0,0,0,1,1,0,0,0,0,0,0,0,0,0,0
SML0657,CC1C(C2=C(C1(C)C)C=C(C(=C2)C)C(=O)C)(C)C,244.37799999999996,4.4025200000000035,17.07,0,1,1,1,2,0.5882352941176471,18,1,0,0,0,0,0,0,0,0,1,0,1,1,0,0,0,0,0
SML0658,CC1C(C2=C(C1(C)C)C=C(C(=C2)C(=O)C)C)C(C)C,258.405,4.864520000000005,17.07,0,1,2,1,2,0.6111111111111112,19,1,0,0,0,0,0,0,0,0,1,0,1,1,0,0,0,0,0
SML0659,C[C@H]1CC(C2=C(C1(C)C)C[C@@]3([C@H](C2)O3)C)(C)C,234.38299999999995,4.326500000000004,12.53,0,1,0,0,3,0.875,17,1,0,0,0,0,0,0,1,0,0,0,0,0,0,0,0,0,0
SML0660,CC(=C)C(=O)O[C@H]1C[C@]23[C@H](O2)CC/C(=C/[C@@H]4[C@@H]1C(=C)C(=O)O4)/CO[C@H]3O,362.37800000000016,1.1685999999999999,94.59,1,7,2,0,5,0.5789473684210527,26,7,0,0,1,0,0,1,1,0,0,0,0,0,0,0,0,0,0
SML0661,C1CCCCCCCC(=O)OCCCCCCC1,254.4139999999999,5.004600000000005,26.3,0,2,0,0,1,0.9375,18,2,0,0,0,0,0,1,1,0,0,0,0,0,1,0,0,0,0
SML0662,C1CCCCCC(=O)CCC=CCCCC1,222.37199999999996,4.806500000000004,17.07,0,1,0,0,1,0.8,16,1,0,0,0,0,0,0,0,0,1,0,0,0,0,0,0,0,0
SML0663,C1CCCCC(=O)OCCCCCOCCCC1,256.3859999999999,3.850900000000003,35.53,0,3,0,0,1,0.9333333333333333,18,3,0,0,0,0,0,1,1,0,0,0,0,0,1,0,0,0,0
SML0664,C1CCCCCC(=O)CCC/C=C\CCCC1,236.39899999999994,5.196600000000005,17.07,0,1,0,0,1,0.8125,17,1,0,0,0,0,0,0,0,0,1,0,0,0,0,0,0,0,0
SML0665,C1CCC/C=C\CCCCCCCC(=O)CCC1,250.4259999999999,5.586700000000006,17.07,0,1,0,0,1,0.8235294117647058,18,1,0,0,0,0,0,0,0,0,1,0,0,0,0,0,0,0,0
SML0666,C1CCCCCC(=O)OCCOC(=O)CCCC1,256.3419999999999,2.987400000000002,52.6,0,4,0,0,1,0.8571428571428571,18,4,0,0,0,0,0,1,1,0,0,0,0,0,1,0,0,0,0
SML0667,C1CCCCCOCCCCOC(=O)CCCC1,256.3859999999999,3.850900000000003,35.53,0,3,0,0,1,0.9333333333333333,18,3,0,0,0,0,0,1,1,0,0,0,0,0,1,0,0,0,0
SML0668,CC1CCOC(=O)CCCCCCC/C=C\C1,238.37099999999992,4.246400000000004,26.3,0,2,0,0,1,0.8,17,2,0,0,0,0,0,1,1,0,0,0,0,0,1,0,0,0,0
SML0669,C1CCC/C=C\CCCCCCOC(=O)CCC1,252.3979999999999,4.780600000000004,26.3,0,2,0,0,1,0.8125,18,2,0,0,0,0,0,1,1,0,0,0,0,0,1,0,0,0,0
SML0670,C1CCCCOCCCCCCOC(=O)CCC1,256.3859999999999,3.850900000000003,35.53,0,3,0,0,1,0.9333333333333333,18,3,0,0,0,0,0,1,1,0,0,0,0,0,1,0,0,0,0
SML0671,CC(CCCC(C)(C)O)C=C,156.269,2.7497000000000016,20.23,1,1,5,0,0,0.8,11,1,0,0,1,0,0,0,0,0,0,0,0,0,0,0,0,0,0
SML0672,CCCCCCC1C(CCC1=O)C(=O)OC,226.31599999999995,2.725100000000001,43.370000000000005,0,3,6,0,1,0.8461538461538461,16,3,0,0,0,0,0,1,1,0,1,0,0,0,0,0,0,0,0
SML0673,CC(C)(CCCC(=C)C=C)O,154.253,2.6698000000000017,20.23,1,1,5,0,0,0.6,11,1,0,0,1,0,0,0,0,0,0,0,0,0,0,0,0,0,0
SML0674,CC(C)(CCC1CCCCC1)O,170.296,3.117800000000002,20.23,1,1,3,0,1,1.0,12,1,0,0,1,0,0,0,0,0,0,0,0,0,0,0,0,0,0
SML0675,CC1CCC(C(C1)C)C2=CC=CC=N2,189.30200000000002,3.6213000000000024,12.89,0,1,1,1,2,0.6153846153846154,14,0,1,0,0,0,0,0,0,0,0,0,1,0,0,0,0,0,0
SML0676,CC(CCCC1=CC=CC=C1)CO,178.27499999999998,2.637700000000001,20.23,1,1,5,1,1,0.5,13,1,0,0,1,0,0,0,0,0,0,0,1,1,0,0,0,0,0
SML0677,CC(=O)CCC1=CC=CC=C1,148.20499999999998,2.2081999999999997,17.07,0,1,3,1,1,0.3,11,1,0,0,0,0,0,0,0,0,1,0,1,1,0,0,0,0,0
SML0678,CCC(C)(CCCC(C)C)O,158.285,2.9737000000000022,20.23,1,1,5,0,0,1.0,11,1,0,0,1,0,0,0,0,0,0,0,0,0,0,0,0,0,0
SML0679,CC(C)CCCC(C)CCO,158.285,2.831200000000002,20.23,1,1,6,0,0,1.0,11,1,0,0,1,0,0,0,0,0,0,0,0,0,0,0,0,0,0
SML0680,CCCCCCCCN1CCCC1=O,197.32199999999997,2.9693000000000014,20.310000000000002,0,1,7,0,1,0.9166666666666666,14,1,1,0,0,0,0,0,0,0,0,0,0,0,0,0,0,0,0
SML0681,CC(C)(C)C(=O)OCCC1=CC=CC=C1,206.285,2.8184000000000013,26.3,0,2,3,1,1,0.46153846153846156,15,2,0,0,0,0,0,1,1,0,0,0,1,1,0,0,0,0,0
SML0682,CC(=O)C1=CC=CC2=CC=CC=C21,170.21099999999998,3.0424000000000015,17.07,0,1,1,2,2,0.08333333333333333,13,1,0,0,0,0,0,0,0,0,1,0,1,1,0,0,0,0,0
SML0683,CC(CCC1=CC=CC=C1)CCO,178.27499999999995,2.637700000000001,20.23,1,1,5,1,1,0.5,13,1,0,0,1,0,0,0,0,0,0,0,1,1,0,0,0,0,0
SML0684,C/C=C/CCCCCCCC#N,165.28,3.8167800000000023,23.79,0,1,7,0,0,0.7272727272727273,12,0,1,0,0,0,0,0,0,0,0,0,0,0,0,0,1,0,0
SML0685,CC/C=C\CC/C=C/C#N,135.20999999999998,2.8125800000000014,23.79,0,1,4,0,0,0.4444444444444444,10,0,1,0,0,0,0,0,0,0,0,0,0,0,0,0,1,0,0
SML0686,CCC(C1CCCC/C=C\C1)O,168.28,2.893800000000002,20.23,1,1,2,0,1,0.8181818181818182,12,1,0,0,1,0,0,0,0,0,0,0,0,0,0,0,0,0,0
SML0687,CCCCCCC1CCCC(=O)O1,184.27899999999997,3.052500000000002,26.3,0,2,5,0,1,0.9090909090909091,13,2,0,0,0,0,0,1,1,0,0,0,0,0,1,0,0,0,0
SML0688,CC(C)CCCC(C)CC#N,153.269,3.3624800000000024,23.79,0,1,5,0,0,0.9,11,0,1,0,0,0,0,0,0,0,0,0,0,0,0,0,1,0,0
SML0689,CC/C=C\CCCCO,128.215,2.1152,20.23,1,1,5,0,0,0.75,9,1,0,0,1,0,0,0,0,0,0,0,0,0,0,0,0,0,0
SML0690,CC/C=C\CCCCCO,142.24200000000002,2.5053000000000005,20.23,1,1,6,0,0,0.7777777777777778,10,1,0,0,1,0,0,0,0,0,0,0,0,0,0,0,0,0,0
SML0691,CC/C(=C/CCC(C)(C=C)O)/C,168.27999999999997,3.0599000000000016,20.23,1,1,5,0,0,0.6363636363636364,12,1,0,0,1,0,0,0,0,0,0,0,0,0,0,0,0,0,0
SML0692,CC(C)OCCC1=CC=CC=C1,164.24800000000002,2.6541000000000006,9.23,0,1,4,1,1,0.45454545454545453,12,1,0,0,0,0,0,0,1,0,0,0,1,1,0,0,0,0,0
SML0693,CC(CCC=C(C)C)CC#N,151.253,3.282580000000002,23.79,0,1,4,0,0,0.7,11,0,1,0,0,0,0,0,0,0,0,0,0,0,0,0,1,0,0
SML0694,CCCCCCCCC(C)C#N,167.296,3.8966800000000035,23.79,0,1,7,0,0,0.9090909090909091,12,0,1,0,0,0,0,0,0,0,0,0,0,0,0,0,1,0,0
SML0695,CC(C)C(=O)OCC1=CC=CC=C1,178.231,2.3858000000000006,26.3,0,2,3,1,1,0.36363636363636365,13,2,0,0,0,0,0,1,1,0,0,0,1,1,0,0,0,0,0
SML0696,CC(C)CC(=O)OCCC1=CC=CC=C1,206.285,2.8184000000000013,26.3,0,2,5,1,1,0.46153846153846156,15,2,0,0,0,0,0,1,1,0,0,0,1,1,0,0,0,0,0
SML0697,C=CCCCCCCO,128.215,2.1152,20.23,1,1,6,0,0,0.75,9,1,0,0,1,0,0,0,0,0,0,0,0,0,0,0,0,0,0
SML0698,CC/C=C/CC1=C(C(=O)CC1)C,164.24799999999996,3.022100000000002,17.07,0,1,3,0,1,0.5454545454545454,12,1,0,0,0,0,0,0,0,0,1,0,0,0,0,0,0,0,0
SML0699,C=CCCCCCCCCO,156.269,2.8954000000000018,20.23,1,1,8,0,0,0.8,11,1,0,0,1,0,0,0,0,0,0,0,0,0,0,0,0,0,0
SML0700,CCOC(=O)C1=CC=C(C=C1)OC,180.20299999999997,1.8719,35.53,0,3,3,1,1,0.3,13,3,0,0,0,0,0,1,1,0,0,0,1,1,0,0,0,0,0
SML0701,CC(=CCC/C(=C/CCC(C)(C=C)OC(=O)C)/C)C,264.409,4.967100000000005,26.3,0,2,8,0,0,0.5882352941176471,19,2,0,0,0,0,0,1,1,0,0,0,0,0,0,0,0,0,0
SML0702,CC(C)(CCC1=CC=CC=C1)O,164.248,2.390100000000001,20.23,1,1,3,1,1,0.45454545454545453,12,1,0,0,1,0,0,0,0,0,0,0,1,1,0,0,0,0,0
SML0703,C=CCOC(=O)CCC1CCCCC1,196.28999999999994,3.076100000000002,26.3,0,2,5,0,1,0.75,14,2,0,0,0,0,0,1,1,0,0,0,0,0,0,0,0,0,0
SML0704,CCCCCCC1CCCC1=O,168.27999999999997,3.3260000000000023,17.07,0,1,5,0,1,0.9090909090909091,12,1,0,0,0,0,0,0,0,0,1,0,0,0,0,0,0,0,0
SML0705,CCCCCCC(C)(CC)O,158.285,3.117800000000002,20.23,1,1,6,0,0,1.0,11,1,0,0,1,0,0,0,0,0,0,0,0,0,0,0,0,0,0
SML0706,CCCC(=O)OCC1=CC=CC=C1,178.231,2.5299000000000005,26.3,0,2,4,1,1,0.36363636363636365,13,2,0,0,0,0,0,1,1,0,0,0,1,1,0,0,0,0,0
SML0707,CC(=CCCC1=CCC(CC1)C=O)C,192.30199999999996,3.6582000000000026,17.07,0,1,4,0,1,0.6153846153846154,14,1,0,0,0,0,0,0,0,1,0,0,0,0,0,0,0,0,0
SML0708,CCCCCC1CCCC1=O,154.253,2.935900000000001,17.07,0,1,4,0,1,0.9,11,1,0,0,0,0,0,0,0,0,1,0,0,0,0,0,0,0,0
SML0709,CCCCCC1C(CC(=O)O1)C,170.25199999999998,2.518300000000001,26.3,0,2,4,0,1,0.9,12,2,0,0,0,0,0,1,1,0,0,0,0,0,1,0,0,0,0
SML0710,CCC(=O)OCC1=CC=CC=C1,164.204,2.1398,26.3,0,2,3,1,1,0.3,12,2,0,0,0,0,0,1,1,0,0,0,1,1,0,0,0,0,0
SML0711,CC(CN)C1=CC=CC=C1,135.20999999999998,1.7488000000000001,26.02,1,1,2,1,1,0.3333333333333333,10,0,1,0,0,0,0,0,0,0,0,1,1,1,0,0,0,0,0
SML0712,CCCCCCCCCC1CCCC(=O)O1,226.35999999999996,4.222800000000004,26.3,0,2,8,0,1,0.9285714285714286,16,2,0,0,0,0,0,1,1,0,0,0,0,0,1,0,0,0,0
SML0713,CCCCCCCC1CC=CC(=O)O1,196.29,3.218600000000002,26.3,0,2,6,0,1,0.75,14,2,0,0,0,0,0,1,1,0,0,0,0,0,1,0,0,0,0
SML0714,CCCCCCCCC=CC#N,165.28,3.816780000000003,23.79,0,1,7,0,0,0.7272727272727273,12,0,1,0,0,0,0,0,0,0,0,0,0,0,0,0,1,0,0
SML0715,CCCCCC(CC)OC(=O)C,172.26799999999997,2.908400000000001,26.3,0,2,6,0,0,0.9,12,2,0,0,0,0,0,1,1,0,0,0,0,0,0,0,0,0,0
SML0716,CCCCCC(CCCC)O,158.285,3.117800000000002,20.23,1,1,7,0,0,1.0,11,1,0,0,1,0,0,0,0,0,0,0,0,0,0,0,0,0,0
SML0717,CCCCCCCC1CCCC1=O,182.30699999999996,3.7161000000000026,17.07,0,1,6,0,1,0.9166666666666666,13,1,0,0,0,0,0,0,0,0,1,0,0,0,0,0,0,0,0
SML0718,CC(CCC=C(C)C)CCOCC=O,198.30599999999995,2.974500000000001,26.3,0,2,8,0,0,0.75,14,2,0,0,0,0,0,0,1,1,0,0,0,0,0,0,0,0,0
SML0719,CC1=C2C(=CC=C1)C=CN2,131.17799999999997,2.4763199999999994,15.79,1,0,0,2,2,0.1111111111111111,10,0,1,0,0,0,0,0,0,0,0,0,1,1,0,0,0,0,0
SML0720,C1CCCCOC(=O)CCC1,156.22499999999997,2.2739000000000003,26.3,0,2,0,0,1,0.8888888888888888,11,2,0,0,0,0,0,1,1,0,0,0,0,0,1,0,0,0,0
SML0721,C1=CC=C(C=C1)/C=C/C#N,129.16199999999995,2.2233800000000006,23.79,0,1,1,1,1,0.0,10,0,1,0,0,0,0,0,0,0,0,0,1,1,0,0,1,0,0
SML0722,CCCCCCCCCCCC#N,181.32299999999998,4.430880000000004,23.79,0,1,9,0,0,0.9166666666666666,13,0,1,0,0,0,0,0,0,0,0,0,0,0,0,0,1,0,0
SML0723,CC(C)C(=O)OCCOC1=CC=CC=C1,208.257,2.2646000000000006,35.53,0,3,5,1,1,0.4166666666666667,15,3,0,0,0,0,0,1,1,0,0,0,1,1,0,0,0,0,0
SML0724,CC1=CC2=C(C=C1)NC=C2,131.178,2.4763199999999994,15.79,1,0,0,2,2,0.1111111111111111,10,0,1,0,0,0,0,0,0,0,0,0,1,1,0,0,0,0,0
SML0725,CCOC(=O)C1C(O1)C2=CC=CC=C2,192.214,1.6895999999999998,38.83,0,3,3,1,2,0.36363636363636365,14,3,0,0,0,0,0,1,1,0,0,0,1,1,0,0,0,0,0
SML0726,CC(=O)OCC1=CC=C(C=C1)OC,180.203,1.7583,35.53,0,3,3,1,1,0.3,13,3,0,0,0,0,0,1,1,0,0,0,1,1,0,0,0,0,0
SML0727,CC(=CCC/C(=C/COC=O)/C)C,182.263,2.852100000000001,26.3,0,2,6,0,0,0.5454545454545454,13,2,0,0,0,0,0,0,1,0,0,0,0,0,0,0,0,0,0
SML0728,CC(=CCC/C(=C\COC(=O)C)/C)C,196.29,3.242200000000002,26.3,0,2,5,0,0,0.5833333333333334,14,2,0,0,0,0,0,1,1,0,0,0,0,0,0,0,0,0,0
SML0729,CCCCC1CCCC(=O)O1,156.225,2.2723000000000004,26.3,0,2,3,0,1,0.8888888888888888,11,2,0,0,0,0,0,1,1,0,0,0,0,0,1,0,0,0,0
SML0730,CCCCCCCCC1CCCC(=O)O1,212.33299999999994,3.8327000000000027,26.3,0,2,7,0,1,0.9230769230769231,15,2,0,0,0,0,0,1,1,0,0,0,0,0,1,0,0,0,0
SML0731,CCC(=O)OC/C=C(\C)/CCC=C(C)C,210.31699999999995,3.6323000000000025,26.3,0,2,6,0,0,0.6153846153846154,15,2,0,0,0,0,0,1,1,0,0,0,0,0,0,0,0,0,0
SML0732,CC(=O)C1=CC=C(C=C1)OC,150.17699999999996,1.8978,26.3,0,2,2,1,1,0.2222222222222222,11,2,0,0,0,0,0,0,1,0,1,0,1,1,0,0,0,0,0
SML0733,CC(C)CCCC(C)CC=O,156.269,3.0378000000000016,17.07,0,1,6,0,0,0.9,11,1,0,0,0,0,0,0,0,1,0,0,0,0,0,0,0,0,0
SML0734,CCCC(=O)OC/C=C(\C)/CCC=C(C)C,224.34399999999994,4.022400000000004,26.3,0,2,7,0,0,0.6428571428571429,16,2,0,0,0,0,0,1,1,0,0,0,0,0,0,0,0,0,0
SML0735,CN1C=CC2=CC=CC=C21,131.17799999999997,2.1783,4.93,0,1,0,2,2,0.1111111111111111,10,0,1,0,0,0,0,0,0,0,0,0,1,1,0,0,0,0,0
SML0736,COC(=O)C1=CN=CC=C1,137.138,0.8681999999999999,39.19,0,3,1,1,1,0.14285714285714285,10,2,1,0,0,0,0,1,1,0,0,0,1,0,0,0,0,0,0
SML0737,CC1=C(C(=C(C(=C1C)[N+](=O)[O-])C(C)(C)C)[N+](=O)[O-])C,266.29699999999997,3.725760000000003,86.28,0,4,2,1,1,0.5384615384615384,19,4,2,0,0,0,0,0,0,0,0,0,1,1,0,0,0,0,0
SML0738,CC1CC=CCCCCCCCCC(=O)C1,222.37199999999993,4.662400000000004,17.07,0,1,0,0,1,0.8,16,1,0,0,0,0,0,0,0,0,1,0,0,0,0,0,0,0,0
SML0739,CC(C1CCCC(C1)(C)C)OC(=O)C,198.30599999999998,3.1544000000000016,26.3,0,2,2,0,1,0.9166666666666666,14,2,0,0,0,0,0,1,1,0,0,0,0,0,0,0,0,0,0
SML0740,CCCCC(C)C(=O)O,130.18699999999998,1.8973,37.3,1,1,4,0,0,0.8571428571428571,9,2,0,0,0,0,1,0,0,0,0,0,0,0,0,0,0,0,0
SML0741,CCCC(C)CC(=O)O,130.187,1.8973,37.3,1,1,4,0,0,0.8571428571428571,9,2,0,0,0,0,1,0,0,0,0,0,0,0,0,0,0,0,0
SML0742,CCC/C(=C/C(=O)O)/C,128.17099999999996,1.8174000000000001,37.3,1,1,3,0,0,0.5714285714285714,9,2,0,0,0,0,1,0,0,0,0,0,0,0,0,0,0,0,0
SML0743,CCCC(C)(CC(=O)O)O,146.186,1.0122,57.53,2,2,4,0,0,0.8571428571428571,10,3,0,0,1,0,1,0,0,0,0,0,0,0,0,0,0,0,0
SML0744,CCCCCC(C)C(=O)O,144.214,2.2874,37.3,1,1,5,0,0,0.875,10,2,0,0,0,0,1,0,0,0,0,0,0,0,0,0,0,0,0
SML0745,CCC1=NC=C(N=C1C)C,136.19799999999998,1.65584,25.78,0,2,1,1,1,0.5,10,0,2,0,0,0,0,0,0,0,0,0,1,0,0,0,0,0,0
SML0746,CCC(C)C1=C(C=CC=N1)OC,165.23599999999996,2.603700000000001,22.12,0,2,3,1,1,0.5,12,1,1,0,0,0,0,0,1,0,0,0,1,0,0,0,0,0,0
SML0747,CC(C)CC1=C(C=CC=N1)OC,165.23599999999996,2.2887000000000004,22.12,0,2,3,1,1,0.5,12,1,1,0,0,0,0,0,1,0,0,0,1,0,0,0,0,0,0
SML0748,C1C2CC(C1C=C2)C(=O)O,138.16599999999997,1.2832000000000001,37.3,1,1,1,0,2,0.625,10,2,0,0,0,0,1,0,0,0,0,0,0,0,0,0,0,0,0
SML0749,CCOC(=O)C(C)S,134.2,0.8677999999999999,26.3,1,3,2,0,0,0.8,8,2,0,1,0,0,0,1,1,0,0,0,0,0,0,0,0,0,0
SML0750,CC(=O)C1=CC2=CC=CC=C2C=C1,170.21099999999998,3.0424000000000015,17.07,0,1,1,2,2,0.08333333333333333,13,1,0,0,0,0,0,0,0,0,1,0,1,1,0,0,0,0,0
SML0768,C[C@H]1CCC[C@@]2([C@@]1(CCCC2)O)C,182.307,3.1178000000000017,20.23,1,1,0,0,2,1.0,13,1,0,0,1,0,0,0,0,0,0,0,0,0,0,0,0,0,0
SML0769,C=CCSS(=O)CC=C,162.27899999999997,1.7553,17.07,0,2,5,0,0,0.3333333333333333,9,1,0,2,0,0,0,0,0,0,0,0,0,0,0,0,0,0,0
SML0770,CC1=CC2=C(C=C1)C(CC=C2)(C)C,172.271,3.6895200000000026,0.0,0,0,0,1,2,0.38461538461538464,13,0,0,0,0,0,0,0,0,0,0,0,1,1,0,0,0,0,0
