SML,tag
SML0000,herbal
SML0000,orange
SML0000,peppery
SML0000,pine
SML0000,terpenic
SML0001,bready
SML0001,minty
SML0001,spicy
SML0002,mentholic
SML0003,alcoholic
SML0003,balsamic
SML0003,fermented
SML0003,oily
SML0003,solvent
SML0003,sweet
SML0003,winey
SML0005,citrus
SML0005,coconut
SML0005,earthy
SML0005,fatty
SML0005,floral
SML0005,honey
SML0005,oily
SML0005,soapy
SML0005,waxy
SML0006,alcoholic
SML0006,apple
SML0006,fermented
SML0006,fruity
SML0006,musty
SML0006,pear
SML0006,sweet
SML0007,buttery
SML0007,cheesy
SML0007,fatty
SML0007,oily
SML0007,sweet
SML0008,chocolate
SML0008,cocoa
SML0008,earthy
SML0008,grassy
SML0008,medicinal
SML0008,musty
SML0008,nutty
SML0008,powdery
SML0008,roasted
SML0008,woody
SML0009,alcoholic
SML0009,cocoa
SML0009,ethereal
SML0009,fatty
SML0009,fermented
SML0009,leathery
SML0009,solvent
SML0009,winey
SML0010,ethereal
SML0010,fruity
SML0010,grape
SML0010,rummy
SML0010,sweet
SML0010,waxy
SML0010,winey
SML0011,ethereal
SML0011,fermented
SML0011,fruity
SML0011,herbal
SML0011,nutty
SML0011,oily
SML0011,sweet
SML0012,camphoreous
SML0012,cooling
SML0012,earthy
SML0012,fresh
SML0012,herbal
SML0012,pine
SML0012,sweet
SML0012,terpenic
SML0012,woody
SML0013,bready
SML0013,burnt
SML0013,earthy
SML0013,green
SML0013,hazelnut
SML0013,musty
SML0013,nutty
SML0013,potato
SML0013,roasted
SML0014,camphoreous
SML0014,cooling
SML0014,dry
SML0014,fresh
SML0014,green
SML0014,hay
SML0014,herbal
SML0014,minty
SML0014,peppery
SML0014,pine
SML0014,spicy
SML0014,terpenic
SML0014,woody
SML0015,acidic
SML0015,pungent
SML0015,sharp
SML0015,sour
SML0016,buttery
SML0016,cheesy
SML0016,dairy
SML0016,fruity
SML0016,sharp
SML0016,sour
SML0017,hay
SML0017,sweet
SML0018,coconut
SML0018,fatty
SML0018,fresh
SML0018,waxy
SML0019,apple
SML0019,brandy
SML0019,cognac
SML0019,fatty
SML0019,fruity
SML0019,grape
SML0019,nutty
SML0019,oily
SML0019,sweet
SML0019,waxy
SML0019,winey
SML0020,clean
SML0020,fatty
SML0020,floral
SML0020,fruity
SML0020,oily
SML0020,soapy
SML0020,sweet
SML0020,waxy
SML0021,balsamic
SML0021,creamy
SML0021,fruity
SML0021,milky
SML0021,oily
SML0021,sweet
SML0021,waxy
SML0022,odorless
SML0022,waxy
SML0023,apricot
SML0023,banana
SML0023,brandy
SML0023,creamy
SML0023,dairy
SML0023,fruity
SML0023,musty
SML0023,pear
SML0023,pineapple
SML0023,sweet
SML0023,waxy
SML0023,winey
SML0024,fatty
SML0024,orris
SML0024,sweet
SML0024,violet
SML0024,waxy
SML0025,cinnamon
SML0025,clove
SML0025,dry
SML0025,phenolic
SML0025,pungent
SML0025,savory
SML0025,smoky
SML0025,spicy
SML0025,sweet
SML0025,woody
SML0026,floral
SML0026,lily
SML0026,muguet
SML0026,oily
SML0026,sweet
SML0026,waxy
SML0027,citrus
SML0027,floral
SML0027,fruity
SML0027,rose
SML0027,sweet
SML0027,waxy
SML0028,beefy
SML0028,brown
SML0028,chocolate
SML0028,cocoa
SML0028,coffee
SML0028,ethereal
SML0028,nutty
SML0028,potato
SML0028,roasted
SML0029,acidic
SML0029,cheesy
SML0029,dairy
SML0029,fatty
SML0029,fruity
SML0029,pungent
SML0029,ripe
SML0029,sour
SML0029,tropical
SML0030,buttery
SML0030,odorless
SML0030,sour
SML0031,floral
SML0031,fresh
SML0031,green
SML0032,citrus
SML0032,floral
SML0032,green
SML0032,rose
SML0032,sweet
SML0032,woody
SML0033,aldehydic
SML0033,floral
SML0033,muguet
SML0033,woody
SML0035,coconut
SML0035,creamy
SML0035,mushroom
SML0035,soapy
SML0035,waxy
SML0036,fatty
SML0036,oily
SML0036,orris
SML0036,sweet
SML0036,waxy
SML0037,odorless
SML0037,oily
SML0037,waxy
SML0038,aldehydic
SML0038,fruity
SML0038,green
SML0038,herbal
SML0038,orange
SML0038,sweet
SML0038,vegetable
SML0038,waxy
SML0038,winey
SML0039,cognac
SML0039,fatty
SML0039,oily
SML0039,orris
SML0039,waxy
SML0041,aldehydic
SML0041,citrus
SML0041,cucumber
SML0041,fatty
SML0041,floral
SML0041,fresh
SML0041,green
SML0041,orris
SML0041,rose
SML0041,waxy
SML0042,animal
SML0042,fatty
SML0042,floral
SML0042,musk
SML0042,natural
SML0042,powdery
SML0042,soapy
SML0042,sweet
SML0043,odorless
SML0044,aldehydic
SML0044,citrus
SML0044,fatty
SML0044,fresh
SML0044,fruity
SML0044,green
SML0044,herbal
SML0044,orange
SML0044,waxy
SML0045,creamy
SML0045,fatty
SML0045,odorless
SML0045,waxy
SML0046,anisic
SML0046,floral
SML0046,fruity
SML0046,hawthorn
SML0046,hay
SML0046,herbal
SML0046,powdery
SML0046,sweet
SML0046,vanilla
SML0047,citrus
SML0047,fresh
SML0047,woody
SML0048,fatty
SML0048,waxy
SML0049,acidic
SML0049,cheesy
SML0049,dairy
SML0049,milky
SML0049,pungent
SML0049,sour
SML0050,caramellic
SML0050,coffee
SML0050,sweet
SML0051,coconut
SML0051,fatty
SML0051,odorless
SML0051,oily
SML0051,pineapple
SML0051,soapy
SML0051,waxy
SML0052,aldehydic
SML0052,citrus
SML0052,fatty
SML0052,floral
SML0052,green
SML0052,orange
SML0052,pineapple
SML0052,soapy
SML0052,sweet
SML0052,waxy
SML0053,chocolate
SML0053,creamy
SML0053,sweet
SML0053,vanilla
SML0055,aldehydic
SML0055,citrus
SML0055,coconut
SML0055,fatty
SML0055,floral
SML0055,green
SML0055,mushroom
SML0055,orange
SML0055,rose
SML0055,sweet
SML0055,waxy
SML0057,cheesy
SML0057,fatty
SML0057,fermented
SML0057,fruity
SML0057,pineapple
SML0057,sour
SML0057,waxy
SML0058,cheesy
SML0058,fatty
SML0058,sour
SML0059,burnt
SML0059,green
SML0059,nutty
SML0060,cognac
SML0060,fatty
SML0060,fermented
SML0060,floral
SML0060,fruity
SML0060,oily
SML0060,winey
SML0061,animal
SML0061,cheesy
SML0061,fatty
SML0061,oily
SML0061,vegetable
SML0061,waxy
SML0062,caramellic
SML0062,cocoa
SML0062,coffee
SML0062,green
SML0062,meaty
SML0062,musty
SML0062,nutty
SML0062,potato
SML0062,powdery
SML0062,roasted
SML0063,chocolate
SML0063,cocoa
SML0063,earthy
SML0063,green
SML0063,nutty
SML0063,roasted
SML0063,sweet
SML0063,winey
SML0064,chocolate
SML0064,coffee
SML0064,hazelnut
SML0064,musty
SML0064,nutty
SML0064,popcorn
SML0064,potato
SML0064,roasted
SML0065,brown
SML0065,chocolate
SML0065,cocoa
SML0065,earthy
SML0065,fishy
SML0065,green
SML0065,musty
SML0065,nutty
SML0065,potato
SML0065,roasted
SML0066,green
SML0066,musty
SML0066,nutty
SML0066,peppery
SML0066,potato
SML0066,vegetable
SML0067,almond
SML0067,burnt
SML0067,chocolate
SML0067,cocoa
SML0067,nutty
SML0067,popcorn
SML0067,roasted
SML0068,chocolate
SML0068,earthy
SML0068,green
SML0068,hazelnut
SML0068,meaty
SML0068,musty
SML0068,nutty
SML0068,potato
SML0068,roasted
SML0068,vegetable
SML0069,cinnamon
SML0069,clove
SML0069,fresh
SML0069,herbal
SML0069,musty
SML0069,peppery
SML0069,phenolic
SML0069,spicy
SML0069,sweet
SML0069,tea
SML0069,vegetable
SML0069,warm
SML0069,waxy
SML0070,earthy
SML0070,nutty
SML0070,potato
SML0070,roasted
SML0071,earthy
SML0071,green
SML0071,musty
SML0071,nutty
SML0071,vegetable
SML0073,green
SML0073,herbal
SML0073,hyacinth
SML0074,citrus
SML0074,fresh
SML0074,natural
SML0074,rose
SML0074,sweet
SML0075,animal
SML0075,brown
SML0075,coumarinic
SML0075,fruity
SML0075,musk
SML0075,natural
SML0075,pear
SML0075,powdery
SML0075,sweet
SML0075,tobacco
SML0076,musk
SML0076,sweet
SML0076,waxy
SML0077,apple
SML0077,banana
SML0077,ethereal
SML0077,fruity
SML0077,pear
SML0078,camphoreous
SML0078,ketonic
SML0078,mint
SML0078,minty
SML0078,solvent
SML0078,sweet
SML0079,banana
SML0079,cheesy
SML0079,cinnamon
SML0079,coconut
SML0079,creamy
SML0079,fruity
SML0079,green
SML0079,herbal
SML0079,ketonic
SML0079,spicy
SML0079,sweet
SML0079,woody
SML0080,almond
SML0080,chemical
SML0080,cherry
SML0080,coumarinic
SML0080,floral
SML0080,hawthorn
SML0080,nutty
SML0080,pungent
SML0080,sweet
SML0080,vanilla
SML0082,dry
SML0082,fatty
SML0082,musk
SML0082,soapy
SML0082,sweet
SML0083,cooling
SML0083,mentholic
SML0083,mint
SML0083,minty
SML0084,camphoreous
SML0084,ethereal
SML0084,fruity
SML0084,ketonic
SML0084,solvent
SML0084,sweet
SML0085,aldehydic
SML0085,chicken
SML0085,earthy
SML0085,fatty
SML0085,green
SML0085,mushroom
SML0085,waxy
SML0086,camphoreous
SML0086,earthy
SML0086,musty
SML0087,burnt
SML0087,clove
SML0087,leathery
SML0087,medicinal
SML0087,phenolic
SML0087,smoky
SML0087,spicy
SML0087,sweet
SML0087,vanilla
SML0087,woody
SML0088,cheesy
SML0088,pungent
SML0088,sour
SML0090,floral
SML0090,fresh
SML0090,sweet
SML0091,banana
SML0091,ethereal
SML0091,fruity
SML0091,pear
SML0091,pineapple
SML0091,sharp
SML0091,solvent
SML0091,sweet
SML0092,camphoreous
SML0092,fresh
SML0092,herbal
SML0092,medicinal
SML0093,fresh
SML0093,grassy
SML0093,green
SML0093,herbal
SML0093,oily
SML0093,pungent
SML0093,vegetable
SML0094,citrus
SML0094,fresh
SML0094,fruity
SML0094,lemon
SML0095,aldehydic
SML0095,citrus
SML0095,floral
SML0095,orange
SML0095,sweet
SML0095,waxy
SML0096,buttery
SML0096,caramellic
SML0096,creamy
SML0096,pungent
SML0096,sweet
SML0097,garlic
SML0097,horseradish
SML0097,metallic
SML0097,onion
SML0097,pungent
SML0097,sulfurous
SML0097,sweet
SML0098,floral
SML0098,geranium
SML0098,green
SML0098,metallic
SML0098,phenolic
SML0099,fatty
SML0099,floral
SML0099,musk
SML0099,oily
SML0099,powdery
SML0099,sweet
SML0099,woody
SML0100,balsamic
SML0100,clove
SML0100,floral
SML0100,fresh
SML0100,fruity
SML0100,malty
SML0100,spicy
SML0100,sweet
SML0100,woody
SML0101,camphoreous
SML0101,earthy
SML0101,herbal
SML0101,pine
SML0101,sweet
SML0101,woody
SML0103,floral
SML0103,fruity
SML0103,green
SML0103,lavender
SML0103,rose
SML0103,sweet
SML0103,waxy
SML0104,meaty
SML0104,medicinal
SML0104,phenolic
SML0104,savory
SML0104,smoky
SML0104,spicy
SML0104,sweet
SML0104,vanilla
SML0104,woody
SML0105,aldehydic
SML0105,apricot
SML0105,citrus
SML0105,fatty
SML0105,floral
SML0105,fresh
SML0105,fruity
SML0105,green
SML0105,pear
SML0105,rummy
SML0105,waxy
SML0105,winey
SML0105,woody
SML0106,apple
SML0106,estery
SML0106,fruity
SML0106,green
SML0106,soapy
SML0106,sweet
SML0106,vegetable
SML0106,waxy
SML0107,camphoreous
SML0107,earthy
SML0107,fruity
SML0107,herbal
SML0107,pine
SML0107,woody
SML0108,aldehydic
SML0108,banana
SML0108,cheesy
SML0108,chocolate
SML0108,floral
SML0108,fresh
SML0108,fruity
SML0108,green
SML0108,pungent
SML0109,acidic
SML0109,buttery
SML0109,cheesy
SML0109,dairy
SML0109,fruity
SML0109,sour
SML0110,floral
SML0110,phenolic
SML0110,spicy
SML0110,sweet
SML0111,alliaceous
SML0111,cabbage
SML0111,creamy
SML0111,garlic
SML0111,oily
SML0111,savory
SML0111,sulfurous
SML0111,vegetable
SML0112,aromatic
SML0112,camphoreous
SML0112,minty
SML0112,phenolic
SML0112,sweet
SML0112,warm
SML0113,citrus
SML0113,earthy
SML0113,floral
SML0113,fruity
SML0113,green
SML0113,herbal
SML0113,jasmine
SML0113,mushroom
SML0113,orange
SML0113,peach
SML0113,waxy
SML0114,chocolate
SML0114,cocoa
SML0114,earthy
SML0114,fermented
SML0114,floral
SML0114,green
SML0114,honey
SML0114,hyacinth
SML0114,powdery
SML0114,rose
SML0114,sweet
SML0115,hazelnut
SML0115,musty
SML0115,nutty
SML0115,pungent
SML0115,roasted
SML0115,sweet
SML0116,clean
SML0116,floral
SML0116,fresh
SML0116,herbal
SML0116,pine
SML0116,sweet
SML0116,woody
SML0117,bergamot
SML0117,citrus
SML0117,herbal
SML0117,lavender
SML0117,spicy
SML0117,sweet
SML0118,almond
SML0118,floral
SML0118,fruity
SML0118,phenolic
SML0118,sweet
SML0120,floral
SML0120,musk
SML0120,sweet
SML0122,burnt
SML0122,cocoa
SML0122,coffee
SML0122,earthy
SML0122,hazelnut
SML0122,musty
SML0122,nutty
SML0122,potato
SML0122,powdery
SML0122,roasted
SML0123,chocolate
SML0123,earthy
SML0123,nutty
SML0123,potato
SML0123,vegetable
SML0124,green
SML0125,acidic
SML0125,cheesy
SML0125,fruity
SML0125,milky
SML0125,sharp
SML0125,sour
SML0125,tobacco
SML0126,aldehydic
SML0126,citrus
SML0126,cucumber
SML0126,fatty
SML0126,green
SML0126,melon
SML0126,orris
SML0126,waxy
SML0127,alliaceous
SML0127,ethereal
SML0127,garlic
SML0127,onion
SML0127,peppery
SML0127,pungent
SML0127,radish
SML0127,spicy
SML0128,brown
SML0128,burnt
SML0128,caramellic
SML0128,fruity
SML0128,pineapple
SML0128,roasted
SML0128,savory
SML0128,strawberry
SML0128,sweet
SML0129,bready
SML0129,brothy
SML0129,creamy
SML0129,earthy
SML0129,meaty
SML0129,musty
SML0129,oily
SML0129,onion
SML0129,potato
SML0129,savory
SML0129,tomato
SML0129,vegetable
SML0130,fishy
SML0130,fruity
SML0130,oily
SML0130,pungent
SML0131,dry
SML0131,fatty
SML0131,floral
SML0131,musk
SML0131,powdery
SML0131,soapy
SML0132,brandy
SML0132,caramellic
SML0132,cocoa
SML0132,coffee
SML0132,fruity
SML0132,meaty
SML0132,mushroom
SML0132,musty
SML0132,potato
SML0132,sweet
SML0132,vegetable
SML0132,winey
SML0133,earthy
SML0133,hazelnut
SML0133,meaty
SML0133,musty
SML0133,nutty
SML0133,popcorn
SML0133,potato
SML0134,buttery
SML0134,cocoa
SML0134,coffee
SML0134,fermented
SML0134,meaty
SML0134,musty
SML0134,nutty
SML0134,roasted
SML0134,woody
SML0135,citrus
SML0135,grapefruit
SML0135,orange
SML0135,sweet
SML0135,woody
SML0136,floral
SML0136,fresh
SML0136,green
SML0136,hay
SML0136,melon
SML0136,ozone
SML0137,cooling
SML0137,green
SML0137,herbal
SML0137,minty
SML0137,spicy
SML0137,sweet
SML0138,fatty
SML0138,floral
SML0138,grassy
SML0138,green
SML0138,smoky
SML0138,tobacco
SML0138,vegetable
SML0138,waxy
SML0139,anise
SML0139,camphoreous
SML0139,cooling
SML0139,fresh
SML0139,green
SML0139,herbal
SML0139,mentholic
SML0139,minty
SML0139,sweet
SML0140,clean
SML0140,fatty
SML0140,floral
SML0140,fresh
SML0140,oily
SML0140,orange
SML0140,rose
SML0142,cheesy
SML0142,dairy
SML0142,fatty
SML0142,nutty
SML0142,waxy
SML0143,chicken
SML0143,earthy
SML0143,green
SML0143,mushroom
SML0143,oily
SML0143,sweet
SML0143,vegetable
SML0144,cooked
SML0144,meaty
SML0144,mushroom
SML0144,onion
SML0144,savory
SML0144,sulfurous
SML0144,sweet
SML0144,vegetable
SML0146,floral
SML0146,green
SML0146,lily
SML0146,melon
SML0146,sweet
SML0146,tropical
SML0146,waxy
SML0147,amber
SML0147,fruity
SML0147,musk
SML0147,powdery
SML0147,sweet
SML0148,animal
SML0148,cedar
SML0148,musk
SML0148,woody
SML0149,clean
SML0149,musk
SML0149,spicy
SML0149,woody
SML0150,lemon
SML0150,sharp
SML0150,sweet
SML0151,floral
SML0151,leafy
SML0151,oily
SML0151,rose
SML0152,fruity
SML0152,green
SML0152,lemon
SML0152,metallic
SML0152,sharp
SML0152,sweet
SML0153,caramellic
SML0153,cocoa
SML0153,coffee
SML0153,hazelnut
SML0153,nutty
SML0153,popcorn
SML0153,roasted
SML0153,vegetable
SML0154,odorless
SML0155,odorless
SML0156,berry
SML0156,floral
SML0156,fruity
SML0156,jammy
SML0156,raspberry
SML0156,ripe
SML0156,sweet
SML0156,woody
SML0157,beefy
SML0157,cheesy
SML0157,coffee
SML0157,fatty
SML0157,garlic
SML0157,meaty
SML0157,onion
SML0157,roasted
SML0157,savory
SML0157,sulfurous
SML0158,alcoholic
SML0158,ethereal
SML0158,fatty
SML0158,fruity
SML0158,green
SML0158,herbal
SML0158,oily
SML0158,pungent
SML0158,sweet
SML0158,winey
SML0159,apple
SML0159,banana
SML0159,fatty
SML0159,fresh
SML0159,fruity
SML0159,green
SML0159,herbal
SML0159,leafy
SML0159,musty
SML0159,pungent
SML0159,sweet
SML0159,vegetable
SML0159,violet
SML0159,woody
SML0160,alcoholic
SML0160,balsamic
SML0160,bready
SML0160,fermented
SML0160,oily
SML0160,pungent
SML0160,solvent
SML0160,sweet
SML0160,winey
SML0163,aldehydic
SML0163,clean
SML0163,fatty
SML0163,fresh
SML0163,fruity
SML0163,grassy
SML0163,green
SML0163,leafy
SML0163,vegetable
SML0163,woody
SML0165,camphoreous
SML0165,cooling
SML0165,fresh
SML0165,green
SML0165,herbal
SML0165,minty
SML0165,pine
SML0165,terpenic
SML0166,cheesy
SML0166,cocoa
SML0166,ethereal
SML0166,fruity
SML0166,green
SML0166,vegetable
SML0168,herbal
SML0168,minty
SML0168,sweet
SML0169,citrus
SML0169,lemon
SML0170,anise
SML0170,anisic
SML0170,ethereal
SML0170,gasoline
SML0170,phenolic
SML0170,sweet
SML0171,banana
SML0171,estery
SML0171,fruity
SML0171,pear
SML0171,ripe
SML0171,solvent
SML0171,sweet
SML0172,citrus
SML0172,floral
SML0172,fruity
SML0172,geranium
SML0172,green
SML0172,powdery
SML0172,rose
SML0172,sweet
SML0172,waxy
SML0173,animal
SML0173,fishy
SML0174,citrus
SML0174,fresh
SML0174,green
SML0174,herbal
SML0174,lemon
SML0174,woody
SML0176,acidic
SML0176,cheesy
SML0176,fermented
SML0176,fruity
SML0176,pungent
SML0177,apple
SML0177,earthy
SML0177,floral
SML0177,fruity
SML0177,grape
SML0177,green
SML0177,natural
SML0177,plum
SML0177,raspberry
SML0177,rose
SML0177,sweet
SML0177,tea
SML0177,tobacco
SML0177,woody
SML0178,brothy
SML0178,chicken
SML0178,citrus
SML0178,cucumber
SML0178,fatty
SML0178,melon
SML0178,nutty
SML0178,oily
SML0179,cucumber
SML0179,dry
SML0179,fatty
SML0179,green
SML0179,leafy
SML0179,melon
SML0179,vegetable
SML0179,violet
SML0180,balsamic
SML0180,floral
SML0180,fruity
SML0180,orris
SML0180,sweet
SML0180,tropical
SML0180,violet
SML0180,woody
SML0182,aldehydic
SML0182,citrus
SML0182,orange
SML0183,aldehydic
SML0183,citrus
SML0183,cucumber
SML0184,berry
SML0184,floral
SML0184,fruity
SML0184,honey
SML0184,minty
SML0184,plum
SML0184,rose
SML0184,tobacco
SML0184,woody
SML0186,citrus
SML0186,floral
SML0186,green
SML0186,waxy
SML0186,woody
SML0187,berry
SML0187,floral
SML0187,fruity
SML0187,sweet
SML0187,tropical
SML0187,violet
SML0187,woody
SML0189,aldehydic
SML0189,citrus
SML0189,fatty
SML0189,fresh
SML0189,fruity
SML0189,green
SML0189,orange
SML0190,citrus
SML0190,fatty
SML0190,grapefruit
SML0190,meaty
SML0190,orange
SML0191,chicken
SML0191,cucumber
SML0191,fatty
SML0191,green
SML0191,melon
SML0191,nutty
SML0191,waxy
SML0192,apple
SML0192,bergamot
SML0192,berry
SML0192,citrus
SML0192,floral
SML0192,green
SML0192,herbal
SML0192,lavender
SML0192,vegetable
SML0192,woody
SML0193,cheesy
SML0193,citrus
SML0193,dairy
SML0193,fatty
SML0193,sour
SML0193,waxy
SML0194,odorless
SML0195,cabbage
SML0195,chicken
SML0195,earthy
SML0195,fishy
SML0195,herbal
SML0195,metallic
SML0195,mushroom
SML0195,musty
SML0195,savory
SML0195,vegetable
SML0196,aldehydic
SML0196,citrus
SML0196,cognac
SML0196,fatty
SML0196,fresh
SML0196,green
SML0196,herbal
SML0196,nutty
SML0196,ozone
SML0196,sweet
SML0197,apple
SML0197,banana
SML0197,cherry
SML0197,fresh
SML0197,fruity
SML0197,green
SML0197,pear
SML0197,pineapple
SML0197,ripe
SML0197,sweet
SML0198,banana
SML0198,dairy
SML0198,ethereal
SML0198,fermented
SML0198,fruity
SML0198,ketonic
SML0198,rum
SML0198,sweet
SML0198,winey
SML0198,woody
SML0199,berry
SML0199,bready
SML0199,chocolate
SML0199,fermented
SML0199,fruity
SML0199,nutty
SML0199,pungent
SML0200,floral
SML0200,fruity
SML0200,musk
SML0200,pear
SML0200,woody
SML0206,burnt
SML0206,celery
SML0206,dairy
SML0206,fatty
SML0206,floral
SML0206,fresh
SML0206,fruity
SML0206,jasmin
SML0206,oily
SML0206,waxy
SML0208,onion
SML0208,sulfurous
SML0209,animal
SML0209,musk
SML0209,powdery
SML0211,berry
SML0211,floral
SML0211,fruity
SML0211,grape
SML0211,plum
SML0211,powdery
SML0211,sweet
SML0211,winey
SML0212,cinnamon
SML0212,spicy
SML0212,sweet
SML0212,warm
SML0213,banana
SML0213,cherry
SML0213,fruity
SML0213,pineapple
SML0213,sweet
SML0213,tropical
SML0214,fruity
SML0214,honey
SML0214,pineapple
SML0214,rummy
SML0214,sweet
SML0215,balsamic
SML0215,floral
SML0215,fruity
SML0215,hyacinth
SML0217,cooked
SML0217,garlic
SML0217,onion
SML0217,sulfurous
SML0217,vegetable
SML0219,cabbage
SML0219,chicken
SML0219,coffee
SML0219,meaty
SML0219,onion
SML0219,potato
SML0219,roasted
SML0219,sulfurous
SML0220,sulfurous
SML0221,meaty
SML0221,roasted
SML0221,sulfurous
SML0221,vegetable
SML0222,floral
SML0222,fruity
SML0222,herbal
SML0222,jasmin
SML0222,jasmine
SML0222,powdery
SML0222,spicy
SML0222,sweet
SML0222,woody
SML0223,apple
SML0223,berry
SML0223,estery
SML0223,fatty
SML0223,fruity
SML0223,green
SML0223,herbal
SML0223,waxy
SML0225,herbal
SML0225,mentholic
SML0225,minty
SML0227,animal
SML0227,earthy
SML0227,leathery
SML0227,medicinal
SML0227,musty
SML0227,sweet
SML0227,tobacco
SML0228,alliaceous
SML0228,berry
SML0228,cocoa
SML0228,coffee
SML0228,green
SML0228,meaty
SML0228,musty
SML0228,onion
SML0229,burnt
SML0229,fishy
SML0229,sour
SML0231,camphoreous
SML0231,pine
SML0231,sweet
SML0232,hazelnut
SML0232,metallic
SML0232,nutty
SML0233,cucumber
SML0233,fatty
SML0233,green
SML0233,herbal
SML0233,leafy
SML0233,nutty
SML0233,oily
SML0233,violet
SML0235,grapefruit
SML0235,meaty
SML0235,onion
SML0235,roasted
SML0235,sulfurous
SML0236,camphoreous
SML0236,earthy
SML0236,floral
SML0236,fresh
SML0236,geranium
SML0236,green
SML0236,herbal
SML0236,rose
SML0236,spicy
SML0236,vegetable
SML0237,buttery
SML0237,creamy
SML0237,dairy
SML0237,fatty
SML0237,milky
SML0237,sweet
SML0238,meaty
SML0238,savory
SML0239,creamy
SML0239,dairy
SML0239,fatty
SML0239,lactonic
SML0239,milky
SML0239,musty
SML0239,waxy
SML0240,buttery
SML0240,coconut
SML0240,creamy
SML0240,fatty
SML0240,fresh
SML0240,fruity
SML0240,oily
SML0240,peach
SML0240,sweet
SML0240,waxy
SML0241,fatty
SML0241,fruity
SML0241,metallic
SML0241,peach
SML0241,sweet
SML0242,buttery
SML0242,coconut
SML0242,creamy
SML0242,fatty
SML0242,oily
SML0242,sweet
SML0242,waxy
SML0243,coconut
SML0243,coumarinic
SML0243,creamy
SML0243,dairy
SML0243,fatty
SML0243,sweet
SML0243,waxy
SML0244,apricot
SML0244,coconut
SML0244,creamy
SML0244,fatty
SML0244,fruity
SML0244,ketonic
SML0244,lactonic
SML0244,peach
SML0245,coconut
SML0246,caramellic
SML0246,fruity
SML0246,nutty
SML0246,sweet
SML0247,apricot
SML0247,buttery
SML0247,coconut
SML0247,creamy
SML0247,dairy
SML0247,fatty
SML0247,fresh
SML0247,fruity
SML0247,metallic
SML0247,milky
SML0247,oily
SML0247,peach
SML0247,sweet
SML0247,tropical
SML0248,coconut
SML0248,coumarinic
SML0248,creamy
SML0248,dairy
SML0248,fatty
SML0248,green
SML0248,lactonic
SML0248,sweet
SML0248,tropical
SML0249,apple
SML0249,fatty
SML0249,fresh
SML0249,fruity
SML0249,green
SML0249,oily
SML0249,pungent
SML0249,sweet
SML0249,vegetable
SML0250,aldehydic
SML0250,citrus
SML0250,fatty
SML0250,fresh
SML0250,fruity
SML0250,green
SML0250,lemon
SML0250,orange
SML0250,sweet
SML0250,waxy
SML0251,citrus
SML0251,fresh
SML0251,medicinal
SML0251,spicy
SML0251,terpenic
SML0252,camphoreous
SML0252,citrus
SML0252,gasoline
SML0252,herbal
SML0252,terpenic
SML0253,cucumber
SML0253,fatty
SML0253,melon
SML0253,orris
SML0253,waxy
SML0254,fatty
SML0254,fruity
SML0254,green
SML0254,leafy
SML0255,apple
SML0255,banana
SML0255,fresh
SML0255,fruity
SML0255,grassy
SML0255,green
SML0255,melon
SML0255,pear
SML0255,sweet
SML0256,apple
SML0256,fatty
SML0256,fresh
SML0256,fruity
SML0256,grassy
SML0256,green
SML0256,leafy
SML0256,pungent
SML0256,weedy
SML0257,creamy
SML0257,dairy
SML0257,fatty
SML0257,green
SML0257,milky
SML0257,oily
SML0257,vegetable
SML0258,geranium
SML0258,green
SML0258,metallic
SML0259,alcoholic
SML0259,earthy
SML0259,ethereal
SML0259,fruity
SML0259,green
SML0259,nutty
SML0259,sweet
SML0259,vegetable
SML0260,cherry
SML0260,creamy
SML0260,floral
SML0260,spicy
SML0260,sweet
SML0260,tropical
SML0260,vanilla
SML0261,animal
SML0261,beefy
SML0261,brothy
SML0261,citrus
SML0261,cooked
SML0261,fatty
SML0261,fruity
SML0261,meaty
SML0261,savory
SML0261,sweet
SML0261,waxy
SML0262,anise
SML0262,anisic
SML0262,green
SML0262,herbal
SML0262,minty
SML0262,phenolic
SML0262,spicy
SML0262,sweet
SML0263,anise
SML0263,anisic
SML0263,herbal
SML0263,medicinal
SML0263,sweet
SML0264,citrus
SML0264,clove
SML0264,coffee
SML0264,lemon
SML0264,musty
SML0264,nutty
SML0264,phenolic
SML0264,pine
SML0264,spicy
SML0265,burnt
SML0265,phenolic
SML0265,roasted
SML0265,sharp
SML0265,smoky
SML0266,balsamic
SML0266,medicinal
SML0266,phenolic
SML0266,powdery
SML0266,smoky
SML0266,sweet
SML0266,woody
SML0267,coffee
SML0267,medicinal
SML0267,phenolic
SML0267,sharp
SML0267,smoky
SML0267,sweet
SML0268,alliaceous
SML0268,aromatic
SML0268,citrus
SML0268,garlic
SML0268,grapefruit
SML0268,onion
SML0268,sulfurous
SML0268,tropical
SML0268,woody
SML0269,bready
SML0269,chicken
SML0269,grassy
SML0269,green
SML0269,herbal
SML0269,nutty
SML0269,onion
SML0269,popcorn
SML0269,roasted
SML0271,medicinal
SML0271,phenolic
SML0271,smoky
SML0271,sweet
SML0271,vanilla
SML0272,brothy
SML0272,chemical
SML0272,coffee
SML0272,meaty
SML0272,onion
SML0272,roasted
SML0272,sulfurous
SML0272,vegetable
SML0273,alcoholic
SML0273,chocolate
SML0273,cocoa
SML0273,coffee
SML0273,fatty
SML0273,fermented
SML0273,fruity
SML0273,green
SML0273,malty
SML0273,musty
SML0273,nutty
SML0273,phenolic
SML0274,beefy
SML0274,brothy
SML0274,fishy
SML0274,meaty
SML0274,metallic
SML0274,roasted
SML0274,sulfurous
SML0274,sweet
SML0275,herbal
SML0275,leathery
SML0275,medicinal
SML0275,musty
SML0275,phenolic
SML0276,fatty
SML0276,green
SML0276,herbal
SML0276,meaty
SML0276,mushroom
SML0276,vegetable
SML0277,roasted
SML0277,sulfurous
SML0277,tropical
SML0278,bready
SML0278,floral
SML0278,fresh
SML0278,honey
SML0278,rose
SML0278,sweet
SML0279,balsamic
SML0279,cocoa
SML0279,floral
SML0279,fruity
SML0279,honey
SML0279,rose
SML0279,sweet
SML0279,tropical
SML0280,fishy
SML0280,roasted
SML0281,musty
SML0281,phenolic
SML0282,berry
SML0282,bready
SML0282,burnt
SML0282,caramellic
SML0282,fruity
SML0282,jammy
SML0282,strawberry
SML0282,sweet
SML0283,animal
SML0283,floral
SML0283,fruity
SML0284,caramellic
SML0284,coffee
SML0284,meaty
SML0284,onion
SML0284,roasted
SML0284,sulfurous
SML0284,tropical
SML0285,alcoholic
SML0285,banana
SML0285,cognac
SML0285,ethereal
SML0285,fermented
SML0285,fruity
SML0285,pungent
SML0286,aldehydic
SML0286,cheesy
SML0286,chocolate
SML0286,cocoa
SML0286,ethereal
SML0286,fatty
SML0286,fruity
SML0286,green
SML0286,peach
SML0286,pungent
SML0288,dry
SML0288,leathery
SML0288,medicinal
SML0288,phenolic
SML0288,woody
SML0289,balsamic
SML0289,cinnamon
SML0289,fatty
SML0289,floral
SML0289,musk
SML0289,rose
SML0289,sweet
SML0290,alliaceous
SML0290,chicken
SML0290,fruity
SML0290,grapefruit
SML0290,meaty
SML0290,savory
SML0290,sulfurous
SML0290,tropical
SML0291,floral
SML0291,fruity
SML0291,grapefruit
SML0291,pear
SML0291,raspberry
SML0291,sulfurous
SML0291,tropical
SML0292,green
SML0292,herbal
SML0292,pungent
SML0292,spicy
SML0293,clove
SML0293,peppery
SML0293,phenolic
SML0293,powdery
SML0293,smoky
SML0293,spicy
SML0293,sweet
SML0293,woody
SML0294,chemical
SML0294,meaty
SML0294,medicinal
SML0294,musty
SML0294,phenolic
SML0294,spicy
SML0294,sweet
SML0295,fatty
SML0296,animal
SML0296,phenolic
SML0296,savory
SML0296,smoky
SML0296,woody
SML0297,creamy
SML0297,sweet
SML0297,vanilla
SML0298,grapefruit
SML0298,minty
SML0298,peach
SML0298,sulfurous
SML0298,sweet
SML0298,tropical
SML0299,cherry
SML0299,coumarinic
SML0299,floral
SML0299,fruity
SML0299,hawthorn
SML0299,hay
SML0299,powdery
SML0299,sweet
SML0299,vanilla
SML0300,animal
SML0300,medicinal
SML0300,phenolic
SML0300,smoky
SML0301,balsamic
SML0301,clove
SML0301,phenolic
SML0301,powdery
SML0301,sharp
SML0301,spicy
SML0301,sweet
SML0302,caramellic
SML0302,sweet
SML0303,balsamic
SML0303,sweet
SML0304,alliaceous
SML0304,garlic
SML0304,onion
SML0304,sulfurous
SML0305,alliaceous
SML0305,garlic
SML0305,green
SML0305,horseradish
SML0305,meaty
SML0305,metallic
SML0305,mushroom
SML0305,onion
SML0305,pungent
SML0305,spicy
SML0305,sulfurous
SML0306,balsamic
SML0306,cinnamon
SML0306,floral
SML0306,fruity
SML0306,spicy
SML0306,sweet
SML0307,balsamic
SML0307,green
SML0307,hyacinth
SML0307,powdery
SML0307,spicy
SML0307,sweet
SML0308,alliaceous
SML0308,garlic
SML0308,metallic
SML0308,onion
SML0308,pungent
SML0309,berry
SML0309,cabbage
SML0309,creamy
SML0309,fishy
SML0309,fruity
SML0309,green
SML0309,onion
SML0309,pungent
SML0309,radish
SML0309,sulfurous
SML0309,sweet
SML0309,tomato
SML0309,vegetable
SML0310,alliaceous
SML0310,cabbage
SML0310,cooked
SML0310,fresh
SML0310,garlic
SML0310,meaty
SML0310,onion
SML0310,savory
SML0310,sulfurous
SML0310,vegetable
SML0311,cabbage
SML0311,onion
SML0311,sulfurous
SML0311,vegetable
SML0312,alliaceous
SML0312,burnt
SML0312,earthy
SML0312,fresh
SML0312,garlic
SML0312,green
SML0312,metallic
SML0312,onion
SML0312,sulfurous
SML0312,tropical
SML0313,alliaceous
SML0313,garlic
SML0313,green
SML0313,onion
SML0313,pungent
SML0313,sulfurous
SML0313,tropical
SML0313,vegetable
SML0314,aldehydic
SML0314,apple
SML0314,banana
SML0314,cheesy
SML0314,clean
SML0314,fatty
SML0314,fresh
SML0314,fruity
SML0314,grassy
SML0314,green
SML0314,herbal
SML0314,leafy
SML0314,pungent
SML0314,sharp
SML0314,spicy
SML0314,vegetable
SML0315,alcoholic
SML0315,ethereal
SML0315,medicinal
SML0315,sweet
SML0317,apple
SML0317,berry
SML0317,estery
SML0317,fresh
SML0317,fruity
SML0317,green
SML0317,sharp
SML0317,strawberry
SML0317,sweet
SML0317,tropical
SML0318,caramellic
SML0318,fruity
SML0318,metallic
SML0318,pineapple
SML0318,ripe
SML0318,sulfurous
SML0318,tomato
SML0319,apple
SML0319,banana
SML0319,buttery
SML0319,estery
SML0319,fruity
SML0319,green
SML0319,orange
SML0319,pineapple
SML0319,sharp
SML0319,sweet
SML0319,winey
SML0320,apple
SML0320,fruity
SML0320,pineapple
SML0321,brandy
SML0321,ethereal
SML0321,fruity
SML0321,grape
SML0321,green
SML0321,rummy
SML0321,sharp
SML0321,sweet
SML0321,weedy
SML0321,winey
SML0322,cherry
SML0322,dry
SML0322,floral
SML0322,fruity
SML0322,grape
SML0322,medicinal
SML0322,minty
SML0322,musty
SML0322,sweet
SML0323,banana
SML0323,buttery
SML0323,cognac
SML0323,ethereal
SML0323,fruity
SML0323,juicy
SML0323,pineapple
SML0323,ripe
SML0324,balsamic
SML0324,cinnamon
SML0324,floral
SML0324,honey
SML0324,plum
SML0325,banana
SML0325,estery
SML0325,fatty
SML0325,fruity
SML0325,green
SML0325,pear
SML0325,pineapple
SML0325,strawberry
SML0325,sweet
SML0325,tropical
SML0325,waxy
SML0326,acidic
SML0326,apple
SML0326,berry
SML0326,fruity
SML0326,green
SML0326,pineapple
SML0326,sweet
SML0326,tropical
SML0327,anisic
SML0327,balsamic
SML0327,cocoa
SML0327,floral
SML0327,honey
SML0327,rose
SML0327,sweet
SML0328,apple
SML0328,berry
SML0328,brandy
SML0328,cheesy
SML0328,fermented
SML0328,fruity
SML0328,winey
SML0329,alliaceous
SML0329,burnt
SML0329,caramellic
SML0329,chicken
SML0329,coffee
SML0329,fatty
SML0329,meaty
SML0329,oily
SML0329,savory
SML0329,smoky
SML0329,sulfurous
SML0330,citrus
SML0330,floral
SML0330,fresh
SML0330,fruity
SML0330,green
SML0330,herbal
SML0330,lemon
SML0330,sweet
SML0331,apple
SML0331,banana
SML0331,fatty
SML0331,fresh
SML0331,fruity
SML0331,green
SML0331,pear
SML0331,sweet
SML0332,apple
SML0332,apricot
SML0332,ethereal
SML0332,floral
SML0332,fruity
SML0332,pineapple
SML0332,rum
SML0332,sweet
SML0333,apple
SML0333,banana
SML0333,buttery
SML0333,creamy
SML0333,ethereal
SML0333,fermented
SML0333,fruity
SML0333,pineapple
SML0333,pungent
SML0333,sweet
SML0334,clean
SML0334,cooked
SML0334,garlic
SML0334,green
SML0334,metallic
SML0334,onion
SML0334,sulfurous
SML0334,sweet
SML0335,balsamic
SML0335,celery
SML0335,herbal
SML0335,peppery
SML0335,rose
SML0335,spicy
SML0335,terpenic
SML0335,woody
SML0336,cheesy
SML0336,coconut
SML0336,earthy
SML0336,fatty
SML0336,fresh
SML0336,fruity
SML0336,green
SML0336,herbal
SML0336,soapy
SML0336,sweet
SML0336,waxy
SML0336,weedy
SML0337,buttery
SML0337,caramellic
SML0337,cheesy
SML0337,creamy
SML0337,fatty
SML0337,nutty
SML0337,oily
SML0337,pungent
SML0337,sweet
SML0338,alcoholic
SML0338,brandy
SML0338,cocoa
SML0338,cognac
SML0338,earthy
SML0338,ethereal
SML0338,grape
SML0338,green
SML0338,meaty
SML0338,nutty
SML0338,pungent
SML0338,winey
SML0339,coffee
SML0339,fishy
SML0339,meaty
SML0339,sulfurous
SML0340,balsamic
SML0340,cherry
SML0340,fruity
SML0340,strawberry
SML0340,sweet
SML0341,burnt
SML0341,cocoa
SML0341,coffee
SML0341,earthy
SML0341,meaty
SML0341,mushroom
SML0341,nutty
SML0341,roasted
SML0341,savory
SML0341,sulfurous
SML0342,cabbage
SML0342,green
SML0342,metallic
SML0342,onion
SML0342,sulfurous
SML0342,vegetable
SML0343,alliaceous
SML0343,coffee
SML0343,garlic
SML0343,meaty
SML0343,onion
SML0343,roasted
SML0343,sulfurous
SML0344,beefy
SML0344,burnt
SML0344,chicken
SML0344,horseradish
SML0344,meaty
SML0344,roasted
SML0344,savory
SML0344,sulfurous
SML0345,floral
SML0345,meaty
SML0345,sulfurous
SML0345,tropical
SML0346,alliaceous
SML0346,coffee
SML0346,garlic
SML0346,horseradish
SML0346,minty
SML0346,onion
SML0346,sharp
SML0346,sulfurous
SML0347,alliaceous
SML0347,garlic
SML0347,horseradish
SML0347,onion
SML0347,pungent
SML0347,radish
SML0347,sulfurous
SML0347,vegetable
SML0348,balsamic
SML0348,floral
SML0348,hyacinth
SML0348,spicy
SML0348,sweet
SML0349,alcoholic
SML0349,bready
SML0349,brown
SML0349,caramellic
SML0349,chemical
SML0349,coffee
SML0349,estery
SML0349,musty
SML0349,sulfurous
SML0349,sweet
SML0350,almond
SML0350,balsamic
SML0350,chemical
SML0350,floral
SML0350,fruity
SML0350,phenolic
SML0350,rose
SML0350,sweet
SML0351,almond
SML0351,bready
SML0351,brown
SML0351,caramellic
SML0351,phenolic
SML0351,spicy
SML0351,sweet
SML0351,woody
SML0352,apple
SML0352,banana
SML0352,estery
SML0352,ethereal
SML0352,fruity
SML0352,ripe
SML0352,sweet
SML0352,tropical
SML0353,alcoholic
SML0353,apple
SML0353,ethereal
SML0353,fruity
SML0353,pungent
SML0353,rum
SML0353,rummy
SML0353,sweet
SML0354,burnt
SML0354,celery
SML0354,coconut
SML0354,coumarinic
SML0354,lactonic
SML0354,nutty
SML0354,woody
SML0355,green
SML0356,burnt
SML0356,caramellic
SML0356,fruity
SML0356,hay
SML0357,citrus
SML0357,fresh
SML0357,gasoline
SML0357,orange
SML0357,sweet
SML0358,citrus
SML0358,fresh
SML0358,mint
SML0358,minty
SML0358,spicy
SML0358,woody
SML0361,burnt
SML0361,buttery
SML0361,caramellic
SML0361,coffee
SML0361,estery
SML0361,fruity
SML0361,roasted
SML0361,sweet
SML0362,citrus
SML0362,clean
SML0362,herbal
SML0365,green
SML0365,meaty
SML0365,onion
SML0365,sulfurous
SML0367,floral
SML0367,terpenic
SML0368,earthy
SML0368,fresh
SML0368,herbal
SML0368,pine
SML0368,sharp
SML0368,terpenic
SML0368,warm
SML0368,woody
SML0369,aromatic
SML0369,herbal
SML0369,minty
SML0369,terpenic
SML0370,dry
SML0370,fresh
SML0370,green
SML0370,hay
SML0370,herbal
SML0370,pine
SML0370,woody
SML0371,fresh
SML0371,green
SML0371,hay
SML0371,pine
SML0371,sweet
SML0371,terpenic
SML0371,woody
SML0372,camphoreous
SML0372,citrus
SML0372,green
SML0372,oily
SML0372,pine
SML0372,spicy
SML0372,terpenic
SML0372,woody
SML0374,clove
SML0374,medicinal
SML0374,phenolic
SML0374,smoky
SML0374,spicy
SML0374,sweet
SML0374,vanilla
SML0374,woody
SML0375,fruity
SML0375,green
SML0375,meaty
SML0375,savory
SML0375,sulfurous
SML0375,tropical
SML0376,geranium
SML0376,green
SML0376,pungent
SML0377,alcoholic
SML0377,aldehydic
SML0377,ethereal
SML0377,fresh
SML0377,fruity
SML0377,musty
SML0377,nutty
SML0377,pungent
SML0378,apple
SML0378,berry
SML0378,estery
SML0378,ethereal
SML0378,fatty
SML0378,fruity
SML0378,green
SML0378,powdery
SML0378,ripe
SML0378,sweet
SML0378,tropical
SML0379,ethereal
SML0379,fermented
SML0379,sweet
SML0379,winey
SML0380,balsamic
SML0381,animal
SML0381,chocolate
SML0381,floral
SML0381,honey
SML0381,powdery
SML0381,rose
SML0381,sour
SML0381,sweet
SML0381,tobacco
SML0381,waxy
SML0382,buttery
SML0382,coconut
SML0382,creamy
SML0382,dairy
SML0382,fatty
SML0382,fresh
SML0382,fruity
SML0382,lactonic
SML0382,milky
SML0382,nutty
SML0382,oily
SML0382,peach
SML0382,sweet
SML0383,grape
SML0383,sweet
SML0384,animal
SML0384,musk
SML0384,natural
SML0384,powdery
SML0390,animal
SML0390,musk
SML0390,musty
SML0391,balsamic
SML0391,geranium
SML0391,herbal
SML0391,metallic
SML0391,powdery
SML0391,rose
SML0395,floral
SML0395,grape
SML0395,orange
SML0395,powdery
SML0397,minty
SML0398,citrus
SML0398,floral
SML0398,fruity
SML0398,oily
SML0399,aldehydic
SML0399,citrus
SML0399,floral
SML0399,green
SML0399,soapy
SML0399,sweet
SML0399,waxy
SML0404,cheesy
SML0404,coconut
SML0404,creamy
SML0404,fatty
SML0404,waxy
SML0407,clean
SML0407,fatty
SML0407,floral
SML0407,oily
SML0407,orange
SML0407,sweet
SML0407,waxy
SML0408,odorless
SML0413,fresh
SML0413,green
SML0413,herbal
SML0413,jasmin
SML0413,oily
SML0413,spicy
SML0414,earthy
SML0414,fruity
SML0414,green
SML0414,herbal
SML0414,woody
SML0415,citrus
SML0415,fermented
SML0415,floral
SML0415,fresh
SML0415,oily
SML0415,rose
SML0415,sweet
SML0416,earthy
SML0416,floral
SML0416,fresh
SML0416,green
SML0416,herbal
SML0416,leafy
SML0416,musty
SML0416,spicy
SML0416,woody
SML0417,citrus
SML0417,creamy
SML0417,dairy
SML0417,earthy
SML0417,fermented
SML0417,green
SML0417,herbal
SML0417,melon
SML0417,minty
SML0417,mushroom
SML0417,musty
SML0417,nutty
SML0417,oily
SML0417,spicy
SML0417,waxy
SML0417,woody
SML0419,cheesy
SML0419,citrus
SML0419,creamy
SML0419,dairy
SML0419,fruity
SML0419,green
SML0419,musty
SML0419,orange
SML0419,waxy
SML0420,cooling
SML0420,mentholic
SML0420,mint
SML0420,minty
SML0420,musty
SML0421,camphoreous
SML0421,chemical
SML0421,herbal
SML0421,medicinal
SML0421,phenolic
SML0421,spicy
SML0421,sweet
SML0422,balsamic
SML0422,sweet
SML0423,apple
SML0423,cheesy
SML0423,dairy
SML0423,earthy
SML0423,fatty
SML0423,fruity
SML0423,green
SML0423,herbal
SML0423,ketonic
SML0423,musty
SML0423,natural
SML0423,weedy
SML0423,woody
SML0424,cheesy
SML0424,earthy
SML0424,fermented
SML0424,fresh
SML0424,fruity
SML0424,green
SML0424,herbal
SML0424,ketonic
SML0424,lavender
SML0424,mushroom
SML0424,musty
SML0424,sweet
SML0424,vegetable
SML0425,floral
SML0425,fresh
SML0425,fruity
SML0425,grassy
SML0425,green
SML0425,herbal
SML0425,jasmin
SML0425,leafy
SML0425,spicy
SML0425,sweet
SML0426,fatty
SML0426,floral
SML0426,orange
SML0426,peach
SML0427,citrus
SML0427,floral
SML0427,fruity
SML0427,orange
SML0428,apple
SML0428,banana
SML0428,cheesy
SML0428,citrus
SML0428,creamy
SML0428,fruity
SML0428,green
SML0428,herbal
SML0428,ketonic
SML0428,musty
SML0428,oily
SML0429,berry
SML0429,cherry
SML0429,floral
SML0429,fruity
SML0429,jammy
SML0429,powdery
SML0429,raspberry
SML0429,sweet
SML0429,woody
SML0430,camphoreous
SML0430,fresh
SML0430,mint
SML0431,banana
SML0431,berry
SML0431,cognac
SML0431,estery
SML0431,fruity
SML0431,green
SML0431,pineapple
SML0431,rummy
SML0431,sweet
SML0431,winey
SML0432,cognac
SML0432,fatty
SML0432,fruity
SML0432,grape
SML0432,natural
SML0432,nutty
SML0432,oily
SML0432,rose
SML0432,rum
SML0432,tropical
SML0432,waxy
SML0433,apple
SML0433,apricot
SML0433,banana
SML0433,ethereal
SML0433,fruity
SML0433,pineapple
SML0433,strawberry
SML0434,apple
SML0434,berry
SML0434,floral
SML0434,fruity
SML0434,green
SML0434,orris
SML0434,sweet
SML0434,waxy
SML0435,coconut
SML0435,fruity
SML0435,green
SML0435,nutty
SML0435,pear
SML0435,sweet
SML0435,tropical
SML0435,waxy
SML0435,winey
SML0436,cabbage
SML0436,cheesy
SML0436,cocoa
SML0436,fruity
SML0436,garlic
SML0436,milky
SML0436,sulfurous
SML0436,sweet
SML0436,tomato
SML0437,fishy
SML0437,meaty
SML0437,nutty
SML0438,beefy
SML0438,brown
SML0438,burnt
SML0438,coffee
SML0438,cooked
SML0438,meaty
SML0438,nutty
SML0438,sulfurous
SML0438,vegetable
SML0439,animal
SML0439,cheesy
SML0439,floral
SML0439,musty
SML0439,pungent
SML0440,anise
SML0440,aromatic
SML0440,floral
SML0440,spicy
SML0440,sweet
SML0440,warm
SML0440,woody
SML0441,almond
SML0441,cherry
SML0441,fruity
SML0441,nutty
SML0441,powdery
SML0441,sharp
SML0441,sweet
SML0442,aldehydic
SML0442,citrus
SML0442,dry
SML0442,floral
SML0442,green
SML0442,herbal
SML0442,rose
SML0442,sweet
SML0442,waxy
SML0443,floral
SML0443,fruity
SML0443,green
SML0443,jasmin
SML0443,jasmine
SML0443,lactonic
SML0443,natural
SML0443,oily
SML0443,tropical
SML0444,banana
SML0444,cucumber
SML0444,fatty
SML0444,fresh
SML0444,green
SML0444,herbal
SML0444,leafy
SML0444,vegetable
SML0444,waxy
SML0445,citrus
SML0445,fatty
SML0445,fruity
SML0445,green
SML0445,melon
SML0445,pear
SML0447,balsamic
SML0447,camphoreous
SML0447,cedar
SML0447,cooling
SML0447,earthy
SML0447,fresh
SML0447,herbal
SML0447,mentholic
SML0447,mint
SML0447,pine
SML0447,sweet
SML0447,terpenic
SML0447,woody
SML0450,earthy
SML0450,floral
SML0450,green
SML0453,buttery
SML0453,cheesy
SML0453,dairy
SML0453,fruity
SML0453,ketonic
SML0453,meaty
SML0454,alcoholic
SML0454,apricot
SML0454,fermented
SML0454,fruity
SML0454,oily
SML0454,solvent
SML0454,sweet
SML0454,winey
SML0455,fatty
SML0455,fruity
SML0455,oily
SML0455,sweet
SML0457,creamy
SML0457,fatty
SML0457,grape
SML0457,mushroom
SML0457,oily
SML0458,oily
SML0458,winey
SML0459,cheesy
SML0459,fatty
SML0459,mushroom
SML0459,oily
SML0460,floral
SML0460,hyacinth
SML0460,strawberry
SML0461,apple
SML0461,ethereal
SML0461,fresh
SML0461,fruity
SML0461,rum
SML0461,rummy
SML0461,strawberry
SML0462,brandy
SML0462,fruity
SML0462,rum
SML0463,apricot
SML0463,ethereal
SML0463,fruity
SML0463,pineapple
SML0463,sweet
SML0464,cheesy
SML0464,fishy
SML0464,malty
SML0464,ripe
SML0465,anisic
SML0465,sweet
SML0467,camphoreous
SML0467,fresh
SML0467,herbal
SML0467,metallic
SML0467,mint
SML0467,minty
SML0467,sulfurous
SML0467,sweet
SML0468,cheesy
SML0469,coconut
SML0469,coumarinic
SML0469,creamy
SML0469,herbal
SML0469,sweet
SML0469,tobacco
SML0470,gasoline
SML0471,apple
SML0471,banana
SML0471,cognac
SML0471,fermented
SML0471,fruity
SML0471,pineapple
SML0471,ripe
SML0471,sweet
SML0471,waxy
SML0472,floral
SML0473,apple
SML0473,cognac
SML0473,estery
SML0473,fatty
SML0473,fruity
SML0473,green
SML0473,pear
SML0473,pineapple
SML0473,sweet
SML0473,waxy
SML0474,floral
SML0474,fresh
SML0474,fruity
SML0474,jasmin
SML0474,jasmine
SML0474,sweet
SML0475,balsamic
SML0475,clean
SML0475,herbal
SML0475,oily
SML0475,sweet
SML0476,apple
SML0476,fruity
SML0476,grassy
SML0476,green
SML0476,herbal
SML0476,oily
SML0476,pear
SML0476,tropical
SML0476,winey
SML0477,camphoreous
SML0477,cooling
SML0477,green
SML0477,herbal
SML0477,medicinal
SML0477,mentholic
SML0477,minty
SML0477,phenolic
SML0477,woody
SML0479,citrus
SML0479,fatty
SML0479,floral
SML0479,fresh
SML0479,geranium
SML0479,lemon
SML0479,powdery
SML0479,rose
SML0479,spicy
SML0479,sweet
SML0479,waxy
SML0480,apple
SML0480,apricot
SML0480,cherry
SML0480,estery
SML0480,floral
SML0480,fruity
SML0480,green
SML0480,herbal
SML0480,peach
SML0480,pineapple
SML0480,sweet
SML0480,tropical
SML0480,warm
SML0481,floral
SML0481,jasmine
SML0481,sweet
SML0483,animal
SML0483,floral
SML0483,fruity
SML0483,green
SML0483,lily
SML0483,warm
SML0484,berry
SML0484,fruity
SML0484,medicinal
SML0484,phenolic
SML0485,animal
SML0485,honey
SML0485,hyacinth
SML0485,lily
SML0485,rose
SML0486,chocolate
SML0486,hazelnut
SML0486,nutty
SML0486,roasted
SML0487,apple
SML0487,balsamic
SML0487,banana
SML0487,fresh
SML0487,fruity
SML0487,green
SML0487,jasmin
SML0487,ripe
SML0487,sweet
SML0488,cheesy
SML0488,fishy
SML0488,ripe
SML0489,bready
SML0489,chocolate
SML0489,cocoa
SML0489,fruity
SML0489,green
SML0489,malty
SML0489,musty
SML0489,pungent
SML0491,brown
SML0491,creamy
SML0491,dairy
SML0491,milky
SML0491,odorless
SML0491,phenolic
SML0491,powdery
SML0491,sweet
SML0491,vanilla
SML0492,phenolic
SML0492,sweet
SML0493,powdery
SML0493,sweet
SML0493,vanilla
SML0495,camphoreous
SML0495,cooling
SML0495,hay
SML0495,herbal
SML0495,mint
SML0495,minty
SML0495,terpenic
SML0495,warm
SML0495,woody
SML0497,buttery
SML0497,caramellic
SML0497,creamy
SML0497,dry
SML0497,fatty
SML0497,fruity
SML0497,jammy
SML0497,oily
SML0497,phenolic
SML0497,sweet
SML0498,banana
SML0498,cheesy
SML0498,fatty
SML0498,fruity
SML0498,green
SML0498,ketonic
SML0498,musty
SML0498,sweet
SML0499,buttery
SML0499,caramellic
SML0499,nutty
SML0502,buttery
SML0502,cheesy
SML0502,creamy
SML0502,dairy
SML0502,fatty
SML0502,fruity
SML0502,green
SML0502,sour
SML0502,sweet
SML0502,waxy
SML0503,brandy
SML0503,ethereal
SML0503,fruity
SML0503,plum
SML0503,rum
SML0503,rummy
SML0505,animal
SML0505,burnt
SML0505,jasmine
SML0505,medicinal
SML0505,metallic
SML0505,phenolic
SML0505,smoky
SML0505,woody
SML0506,aldehydic
SML0506,fatty
SML0506,floral
SML0506,green
SML0506,orange
SML0506,rose
SML0507,balsamic
SML0507,camphoreous
SML0507,cedar
SML0507,herbal
SML0507,mentholic
SML0507,pine
SML0507,spicy
SML0507,sweet
SML0507,woody
SML0509,acidic
SML0509,animal
SML0509,cheesy
SML0509,fruity
SML0509,green
SML0509,sharp
SML0510,cheesy
SML0510,creamy
SML0510,dairy
SML0510,pungent
SML0510,sour
SML0511,odorless
SML0512,balsamic
SML0514,balsamic
SML0514,chocolate
SML0514,floral
SML0514,green
SML0514,smoky
SML0514,sweet
SML0514,vanilla
SML0514,woody
SML0515,herbal
SML0515,musty
SML0515,spicy
SML0515,sweet
SML0515,tea
SML0515,warm
SML0519,fresh
SML0519,terpenic
SML0519,woody
SML0521,minty
SML0522,cherry
SML0522,fatty
SML0522,fresh
SML0522,grassy
SML0522,green
SML0522,herbal
SML0522,minty
SML0522,oily
SML0522,spicy
SML0523,camphoreous
SML0523,fresh
SML0523,herbal
SML0523,woody
SML0525,citrus
SML0525,clean
SML0525,fresh
SML0525,fruity
SML0525,herbal
SML0525,minty
SML0525,sweet
SML0527,ethereal
SML0527,garlic
SML0527,meaty
SML0527,savory
SML0527,sulfurous
SML0527,tomato
SML0530,ethereal
SML0530,pungent
SML0530,sweet
SML0531,floral
SML0531,green
SML0531,jasmine
SML0532,almond
SML0532,earthy
SML0532,floral
SML0532,fruity
SML0532,green
SML0532,nutty
SML0532,potato
SML0532,sharp
SML0532,sweet
SML0532,vegetable
SML0532,winey
SML0534,floral
SML0534,fruity
SML0534,honey
SML0534,plum
SML0534,rose
SML0534,tobacco
SML0535,chicken
SML0535,meaty
SML0535,onion
SML0535,roasted
SML0535,savory
SML0535,sulfurous
SML0536,clean
SML0536,fresh
SML0536,green
SML0536,marine
SML0536,melon
SML0536,ozone
SML0536,phenolic
SML0538,citrus
SML0538,cucumber
SML0538,fresh
SML0538,green
SML0538,melon
SML0538,orris
SML0538,vegetable
SML0538,waxy
SML0538,woody
SML0541,floral
SML0541,fruity
SML0541,musty
SML0541,orange
SML0541,phenolic
SML0541,powdery
SML0541,sweet
SML0543,fatty
SML0543,fresh
SML0543,fruity
SML0543,green
SML0543,melon
SML0543,natural
SML0543,pear
SML0543,pineapple
SML0543,waxy
SML0544,alliaceous
SML0544,fruity
SML0544,garlic
SML0544,onion
SML0544,ripe
SML0544,sulfurous
SML0544,tropical
SML0544,vegetable
SML0545,caramellic
SML0545,fruity
SML0545,strawberry
SML0545,sweet
SML0546,cedar
SML0546,dry
SML0546,ketonic
SML0546,phenolic
SML0546,woody
SML0547,citrus
SML0547,clean
SML0547,creamy
SML0547,fatty
SML0547,fresh
SML0547,fruity
SML0547,orange
SML0547,pineapple
SML0547,rose
SML0547,soapy
SML0547,sweet
SML0547,waxy
SML0548,citrus
SML0548,floral
SML0548,fresh
SML0548,fruity
SML0548,green
SML0548,melon
SML0548,pear
SML0548,raspberry
SML0548,rose
SML0548,strawberry
SML0548,sweet
SML0549,citrus
SML0549,cucumber
SML0549,fruity
SML0549,green
SML0549,orange
SML0549,orris
SML0549,rose
SML0549,waxy
SML0550,apple
SML0550,apricot
SML0550,banana
SML0550,fruity
SML0550,pineapple
SML0550,sweet
SML0550,tropical
SML0551,aromatic
SML0551,cherry
SML0551,floral
SML0551,hawthorn
SML0551,jammy
SML0551,jasmin
SML0551,metallic
SML0551,powdery
SML0551,soapy
SML0551,strawberry
SML0551,sweet
SML0553,aldehydic
SML0553,citrus
SML0553,herbal
SML0553,metallic
SML0553,orange
SML0553,waxy
SML0554,almond
SML0554,fruity
SML0554,green
SML0554,herbal
SML0557,anise
SML0557,anisic
SML0557,green
SML0557,raspberry
SML0557,sweet
SML0559,aldehydic
SML0559,balsamic
SML0559,cortex
SML0559,floral
SML0559,fresh
SML0559,green
SML0559,leafy
SML0559,melon
SML0564,mentholic
SML0564,mint
SML0564,minty
SML0566,burnt
SML0566,fruity
SML0566,ketonic
SML0570,floral
SML0570,fresh
SML0570,green
SML0570,musty
SML0571,aldehydic
SML0571,clean
SML0571,floral
SML0571,fresh
SML0571,green
SML0571,marine
SML0571,ozone
SML0572,balsamic
SML0572,floral
SML0572,rose
SML0572,sweet
SML0573,anisic
SML0573,floral
SML0573,fruity
SML0573,green
SML0573,powdery
SML0573,spicy
SML0573,sweet
SML0573,vanilla
SML0574,aldehydic
SML0574,amber
SML0574,citrus
SML0574,coumarinic
SML0574,dry
SML0574,fatty
SML0574,fresh
SML0574,fruity
SML0574,metallic
SML0574,waxy
SML0575,balsamic
SML0575,cinnamon
SML0575,spicy
SML0575,sweet
SML0575,warm
SML0577,aldehydic
SML0577,fresh
SML0577,green
SML0577,lily
SML0577,waxy
SML0577,woody
SML0579,aldehydic
SML0579,almond
SML0579,amber
SML0579,balsamic
SML0579,cherry
SML0579,citrus
SML0579,dry
SML0579,floral
SML0579,fresh
SML0579,fruity
SML0579,green
SML0579,melon
SML0579,orange
SML0579,powdery
SML0579,sweet
SML0579,woody
SML0580,berry
SML0580,burnt
SML0580,caramellic
SML0580,fruity
SML0580,jammy
SML0580,strawberry
SML0580,sweet
SML0580,tropical
SML0581,apple
SML0581,fruity
SML0581,green
SML0581,pine
SML0581,plum
SML0581,sweet
SML0581,tropical
SML0581,woody
SML0582,floral
SML0582,green
SML0582,herbal
SML0582,jasmin
SML0582,jasmine
SML0582,lactonic
SML0582,mushroom
SML0582,oily
SML0582,sweet
SML0582,tea
SML0583,apple
SML0583,fruity
SML0583,green
SML0583,herbal
SML0583,pineapple
SML0584,bergamot
SML0584,citrus
SML0584,floral
SML0584,fruity
SML0584,green
SML0584,lavender
SML0584,pear
SML0584,sweet
SML0584,woody
SML0585,aldehydic
SML0585,floral
SML0585,fresh
SML0585,marine
SML0585,ozone
SML0585,woody
SML0586,floral
SML0586,green
SML0586,muguet
SML0586,powdery
SML0587,camphoreous
SML0587,cooling
SML0587,herbal
SML0587,medicinal
SML0587,phenolic
SML0587,smoky
SML0587,spicy
SML0587,woody
SML0588,fruity
SML0588,green
SML0588,lily
SML0588,oily
SML0588,violet
SML0590,citrus
SML0590,floral
SML0590,fresh
SML0590,herbal
SML0590,woody
SML0591,floral
SML0591,fruity
SML0591,oily
SML0591,orris
SML0591,powdery
SML0591,sweet
SML0591,tea
SML0591,violet
SML0591,woody
SML0592,apple
SML0592,berry
SML0592,floral
SML0592,fruity
SML0592,green
SML0592,mint
SML0592,plum
SML0592,rose
SML0592,sweet
SML0592,woody
SML0594,aromatic
SML0594,citrus
SML0594,floral
SML0594,fresh
SML0594,grapefruit
SML0594,green
SML0594,herbal
SML0594,woody
SML0595,floral
SML0595,green
SML0595,leathery
SML0595,nutty
SML0595,phenolic
SML0595,powdery
SML0595,sharp
SML0595,sweet
SML0596,celery
SML0596,citrus
SML0596,floral
SML0596,fruity
SML0596,herbal
SML0596,jasmin
SML0596,jasmine
SML0596,spicy
SML0596,woody
SML0597,floral
SML0597,fresh
SML0597,green
SML0597,phenolic
SML0597,spicy
SML0597,sweet
SML0597,vanilla
SML0597,warm
SML0598,clove
SML0598,floral
SML0598,spicy
SML0598,sweet
SML0598,tea
SML0599,animal
SML0599,balsamic
SML0599,dry
SML0599,floral
SML0599,musk
SML0599,tobacco
SML0599,waxy
SML0601,animal
SML0601,musk
SML0601,soapy
SML0605,burnt
SML0605,buttery
SML0605,cabbage
SML0605,creamy
SML0605,radish
SML0605,sour
SML0607,musk
SML0616,odorless
SML0617,odorless
SML0650,caramellic
SML0650,ethereal
SML0650,green
SML0650,pungent
SML0650,sweet
SML0650,winey
SML0652,dry
SML0652,musk
SML0652,powdery
SML0652,sweet
SML0653,floral
SML0653,musk
SML0653,musty
SML0653,sweet
SML0654,animal
SML0654,musk
SML0654,sweet
SML0655,citrus
SML0655,floral
SML0655,fresh
SML0655,lily
SML0655,sweet
SML0657,amber
SML0657,dry
SML0657,fruity
SML0657,musk
SML0657,powdery
SML0657,sweet
SML0658,amber
SML0658,creamy
SML0658,dry
SML0658,herbal
SML0658,musk
SML0658,sweet
SML0661,amber
SML0661,animal
SML0661,balsamic
SML0661,musk
SML0661,sweet
SML0663,amber
SML0663,animal
SML0663,musk
SML0663,oily
SML0663,sweet
SML0664,amber
SML0664,dry
SML0664,musk
SML0664,powdery
SML0665,animal
SML0665,clean
SML0665,dry
SML0665,musk
SML0665,sweet
SML0666,animal
SML0666,clean
SML0666,musk
SML0666,sweet
SML0666,waxy
SML0667,fruity
SML0667,musk
SML0667,sweet
SML0667,waxy
SML0667,woody
SML0669,fatty
SML0669,fruity
SML0669,musk
SML0669,sweet
SML0669,warm
SML0669,waxy
SML0670,animal
SML0670,floral
SML0670,fruity
SML0670,musk
SML0670,oily
SML0670,sweet
SML0671,citrus
SML0671,clean
SML0671,floral
SML0671,fresh
SML0671,herbal
SML0671,weedy
SML0672,floral
SML0672,fresh
SML0672,green
SML0672,herbal
SML0672,jasmin
SML0672,oily
SML0673,citrus
SML0673,floral
SML0673,fresh
SML0673,lavender
SML0673,woody
SML0674,floral
SML0677,balsamic
SML0677,floral
SML0677,fresh
SML0677,green
SML0677,jasmine
SML0678,citrus
SML0678,floral
SML0678,fresh
SML0678,lily
SML0678,sweet
SML0679,aldehydic
SML0679,citrus
SML0679,green
SML0679,leathery
SML0679,musty
SML0679,rose
SML0679,soapy
SML0679,sweet
SML0679,waxy
SML0681,floral
SML0681,geranium
SML0681,rose
SML0681,spicy
SML0682,floral
SML0682,orange
SML0682,orangeflower
SML0682,powdery
SML0682,sweet
SML0683,floral
SML0683,fresh
SML0683,geranium
SML0683,green
SML0683,honey
SML0683,lily
SML0683,muguet
SML0683,rose
SML0683,tropical
SML0685,floral
SML0685,green
SML0687,coconut
SML0687,creamy
SML0687,fatty
SML0687,fruity
SML0687,peach
SML0687,waxy
SML0688,aldehydic
SML0688,citrus
SML0688,fatty
SML0688,lemon
SML0688,metallic
SML0689,fruity
SML0689,green
SML0689,melon
SML0689,mushroom
SML0690,clean
SML0690,cucumber
SML0690,fatty
SML0690,fresh
SML0690,fruity
SML0690,green
SML0690,juicy
SML0690,melon
SML0690,vegetable
SML0690,waxy
SML0691,bergamot
SML0691,floral
SML0691,fresh
SML0691,green
SML0691,herbal
SML0691,lavender
SML0692,green
SML0692,metallic
SML0692,rose
SML0692,spicy
SML0693,citrus
SML0693,floral
SML0693,fresh
SML0693,lemon
SML0693,metallic
SML0693,waxy
SML0694,floral
SML0694,fruity
SML0694,jasmin
SML0694,lactonic
SML0694,peach
SML0695,floral
SML0695,fruity
SML0695,jasmin
SML0695,juicy
SML0695,oily
SML0695,powdery
SML0695,rose
SML0695,sweet
SML0695,tropical
SML0695,woody
SML0696,apple
SML0696,apricot
SML0696,balsamic
SML0696,floral
SML0696,fruity
SML0696,peach
SML0696,pineapple
SML0696,ripe
SML0696,rose
SML0696,sweet
SML0698,creamy
SML0698,fatty
SML0698,floral
SML0698,fruity
SML0698,herbal
SML0698,jasmine
SML0698,lactonic
SML0698,spicy
SML0698,sweet
SML0698,waxy
SML0699,aldehydic
SML0699,clean
SML0699,fresh
SML0699,rose
SML0699,waxy
SML0700,anisic
SML0700,cherry
SML0700,floral
SML0700,fruity
SML0700,powdery
SML0700,spicy
SML0700,sweet
SML0701,citrus
SML0701,floral
SML0701,fresh
SML0701,sweet
SML0701,waxy
SML0701,woody
SML0702,clean
SML0702,floral
SML0702,fresh
SML0702,green
SML0702,herbal
SML0702,lily
SML0702,rose
SML0702,sweet
SML0702,violet
SML0703,fruity
SML0703,pineapple
SML0703,sweet
SML0703,tropical
SML0703,waxy
SML0704,floral
SML0704,fruity
SML0704,green
SML0704,jasmine
SML0706,apple
SML0706,apricot
SML0706,floral
SML0706,fresh
SML0706,fruity
SML0706,jasmin
SML0706,pineapple
SML0706,plum
SML0706,sweet
SML0706,tropical
SML0706,waxy
SML0707,aldehydic
SML0707,citrus
SML0707,floral
SML0707,marine
SML0708,coconut
SML0708,floral
SML0708,green
SML0708,herbal
SML0708,jasmin
SML0708,oily
SML0708,rose
SML0709,buttery
SML0709,coconut
SML0709,floral
SML0709,lactonic
SML0709,metallic
SML0709,plum
SML0709,waxy
SML0710,banana
SML0710,floral
SML0710,fruity
SML0710,jasmin
SML0710,jasmine
SML0710,sweet
SML0712,buttery
SML0712,cheesy
SML0712,creamy
SML0712,dairy
SML0712,fatty
SML0712,milky
SML0712,oily
SML0712,sweet
SML0712,waxy
SML0713,buttery
SML0713,coconut
SML0713,creamy
SML0713,dairy
SML0713,fatty
SML0713,lactonic
SML0713,waxy
SML0715,aldehydic
SML0715,anisic
SML0715,apple
SML0715,bergamot
SML0715,citrus
SML0715,fatty
SML0715,floral
SML0715,fresh
SML0715,grapefruit
SML0715,green
SML0715,herbal
SML0715,mint
SML0715,minty
SML0715,rose
SML0715,waxy
SML0715,woody
SML0717,fresh
SML0717,fruity
SML0717,jasmin
SML0717,oily
SML0717,peach
SML0717,tropical
SML0718,aldehydic
SML0718,citrus
SML0718,floral
SML0718,fresh
SML0718,green
SML0718,melon
SML0718,muguet
SML0718,rose
SML0718,sweet
SML0718,waxy
SML0721,cinnamon
SML0721,spicy
SML0722,citrus
SML0722,dry
SML0722,metallic
SML0722,spicy
SML0723,apple
SML0723,floral
SML0723,fruity
SML0723,green
SML0723,honey
SML0723,powdery
SML0723,rose
SML0723,sweet
SML0723,tropical
SML0723,waxy
SML0725,berry
SML0725,caramellic
SML0725,fruity
SML0725,strawberry
SML0725,sweet
SML0726,balsamic
SML0726,cherry
SML0726,coumarinic
SML0726,floral
SML0726,fruity
SML0726,plum
SML0726,powdery
SML0726,sweet
SML0726,vanilla
SML0727,apple
SML0727,floral
SML0727,fresh
SML0727,fruity
SML0727,green
SML0727,leafy
SML0727,peach
SML0727,rose
SML0727,tropical
SML0728,citrus
SML0728,floral
SML0728,fruity
SML0728,grapefruit
SML0728,pear
SML0728,rose
SML0728,soapy
SML0728,sweet
SML0728,tropical
SML0729,coconut
SML0729,coumarinic
SML0729,creamy
SML0729,fatty
SML0729,milky
SML0729,oily
SML0729,sweet
SML0730,buttery
SML0730,creamy
SML0730,dairy
SML0730,fatty
SML0730,milky
SML0730,musty
SML0730,oily
SML0731,citrus
SML0731,floral
SML0731,fruity
SML0731,geranium
SML0731,grape
SML0731,honey
SML0731,powdery
SML0731,rose
SML0731,sweet
SML0731,tropical
SML0731,vegetable
SML0731,waxy
SML0732,anisic
SML0732,balsamic
SML0732,floral
SML0732,hawthorn
SML0732,hay
SML0732,powdery
SML0732,sweet
SML0732,vanilla
SML0733,aldehydic
SML0733,citrus
SML0733,fresh
SML0733,green
SML0733,lemon
SML0734,apricot
SML0734,fresh
SML0734,fruity
SML0734,green
SML0734,peach
SML0734,raspberry
SML0734,rose
SML0734,sweet
SML0734,tropical
SML0734,waxy
SML0736,herbal
SML0736,sweet
SML0736,tobacco
SML0736,warm
SML0737,fatty
SML0737,musk
SML0737,powdery
SML0737,sweet
SML0738,animal
SML0738,anisic
SML0738,fatty
SML0738,musk
SML0738,powdery
SML0738,woody
SML0739,floral
SML0739,fruity
SML0739,geranium
SML0739,musk
SML0739,rose
SML0740,acidic
SML0740,cheesy
SML0740,chicken
SML0740,fatty
SML0740,fruity
SML0740,oily
SML0740,roasted
SML0740,savory
SML0741,cheesy
SML0741,fruity
SML0741,sour
SML0744,cheesy
SML0744,fatty
SML0744,green
SML0744,sour
SML0744,waxy
SML0745,almond
SML0745,burnt
SML0745,caramellic
SML0745,chocolate
SML0745,cocoa
SML0745,coffee
SML0745,hazelnut
SML0745,musty
SML0745,nutty
SML0745,roasted
SML0748,fruity
SML0748,green
SML0749,fruity
SML0749,meaty
SML0749,sulfurous
SML0750,floral
SML0750,honey
SML0750,orange
SML0750,orangeflower
SML0750,powdery
SML0750,sweet
SML0768,earthy
SML0768,fresh
SML0768,green
SML0768,herbal
SML0768,musty
SML0770,gasoline
SML0770,woody
