A,B,SML
1,2,SML0012
1,2,SML0014
1,2,SML0017
1,2,SML0027
1,2,SML0031
1,2,SML0034
1,2,SML0056
1,2,SML0064
1,2,SML0066
1,2,SML0073
1,2,SML0074
1,2,SML0077
1,2,SML0078
1,2,SML0080
1,2,SML0081
1,2,SML0085
1,2,SML0091
1,2,SML0107
1,2,SML0118
1,2,SML0119
1,2,SML0123
1,2,SML0124
1,2,SML0126
1,2,SML0136
1,2,SML0147
1,2,SML0148
1,2,SML0149
1,2,SML0164
1,2,SML0169
1,2,SML0171
1,2,SML0177
1,2,SML0178
1,2,SML0180
1,2,SML0184
1,2,SML0186
1,2,SML0187
1,2,SML0191
1,2,SML0211
1,2,SML0212
1,2,SML0215
1,2,SML0219
1,2,SML0222
1,2,SML0227
1,2,SML0230
1,2,SML0249
1,2,SML0250
1,2,SML0263
1,2,SML0270
1,2,SML0272
1,2,SML0276
1,2,SML0279
1,2,SML0282
1,2,SML0301
1,2,SML0306
1,2,SML0307
1,2,SML0314
1,2,SML0322
1,2,SML0324
1,2,SML0327
1,2,SML0331
1,2,SML0340
1,2,SML0341
1,2,SML0342
1,2,SML0343
1,2,SML0344
1,2,SML0345
1,2,SML0347
1,2,SML0368
1,2,SML0369
1,2,SML0371
1,2,SML0372
1,2,SML0373
1,2,SML0383
1,2,SML0414
1,2,SML0421
1,2,SML0428
1,2,SML0438
1,2,SML0439
1,2,SML0444
1,2,SML0445
1,2,SML0448
1,2,SML0449
1,2,SML0474
1,2,SML0477
1,2,SML0482
1,2,SML0487
1,2,SML0500
1,2,SML0505
1,2,SML0507
1,2,SML0513
1,2,SML0522
1,2,SML0526
1,2,SML0531
1,2,SML0534
1,2,SML0545
1,2,SML0546
1,2,SML0550
1,2,SML0557
1,2,SML0560
1,2,SML0561
1,2,SML0562
1,2,SML0563
1,2,SML0575
1,2,SML0576
1,2,SML0577
1,2,SML0578
1,2,SML0579
1,2,SML0580
1,2,SML0585
1,2,SML0591
1,2,SML0592
1,2,SML0596
1,2,SML0600
1,2,SML0607
1,2,SML0621
1,2,SML0635
1,2,SML0648
1,2,SML0654
1,2,SML0657
1,2,SML0659
1,2,SML0675
1,2,SML0676
1,2,SML0677
1,2,SML0682
1,2,SML0683
1,2,SML0698
1,2,SML0701
1,2,SML0706
1,2,SML0710
1,2,SML0711
1,2,SML0721
1,2,SML0726
1,2,SML0732
1,2,SML0736
1,2,SML0746
1,2,SML0747
1,3,SML0014
1,3,SML0026
1,3,SML0027
1,3,SML0034
1,3,SML0066
1,3,SML0073
1,3,SML0074
1,3,SML0085
1,3,SML0091
1,3,SML0099
1,3,SML0107
1,3,SML0114
1,3,SML0123
1,3,SML0124
1,3,SML0150
1,3,SML0164
1,3,SML0169
1,3,SML0171
1,3,SML0178
1,3,SML0186
1,3,SML0188
1,3,SML0191
1,3,SML0215
1,3,SML0230
1,3,SML0248
1,3,SML0272
1,3,SML0301
1,3,SML0306
1,3,SML0331
1,3,SML0340
1,3,SML0345
1,3,SML0380
1,3,SML0382
1,3,SML0414
1,3,SML0422
1,3,SML0428
1,3,SML0441
1,3,SML0474
1,3,SML0482
1,3,SML0505
1,3,SML0507
1,3,SML0550
1,3,SML0559
1,3,SML0560
1,3,SML0562
1,3,SML0563
1,3,SML0576
1,3,SML0577
1,3,SML0579
1,3,SML0585
1,3,SML0607
1,3,SML0648
1,3,SML0654
1,3,SML0666
1,3,SML0675
1,3,SML0682
1,3,SML0701
1,3,SML0706
1,3,SML0710
1,3,SML0711
1,3,SML0726
1,3,SML0727
1,3,SML0729
1,3,SML0732
1,4,SML0012
1,4,SML0014
1,4,SML0017
1,4,SML0027
1,4,SML0031
1,4,SML0034
1,4,SML0056
1,4,SML0064
1,4,SML0066
1,4,SML0073
1,4,SML0074
1,4,SML0077
1,4,SML0078
1,4,SML0080
1,4,SML0081
1,4,SML0083
1,4,SML0085
1,4,SML0091
1,4,SML0107
1,4,SML0118
1,4,SML0119
1,4,SML0123
1,4,SML0124
1,4,SML0126
1,4,SML0136
1,4,SML0147
1,4,SML0148
1,4,SML0149
1,4,SML0164
1,4,SML0169
1,4,SML0171
1,4,SML0177
1,4,SML0178
1,4,SML0180
1,4,SML0184
1,4,SML0186
1,4,SML0187
1,4,SML0188
1,4,SML0191
1,4,SML0211
1,4,SML0212
1,4,SML0215
1,4,SML0219
1,4,SML0222
1,4,SML0227
1,4,SML0230
1,4,SML0248
1,4,SML0249
1,4,SML0250
1,4,SML0263
1,4,SML0270
1,4,SML0272
1,4,SML0276
1,4,SML0279
1,4,SML0282
1,4,SML0301
1,4,SML0306
1,4,SML0307
1,4,SML0322
1,4,SML0324
1,4,SML0327
1,4,SML0331
1,4,SML0340
1,4,SML0341
1,4,SML0342
1,4,SML0343
1,4,SML0344
1,4,SML0345
1,4,SML0347
1,4,SML0368
1,4,SML0369
1,4,SML0371
1,4,SML0372
1,4,SML0373
1,4,SML0380
1,4,SML0383
1,4,SML0414
1,4,SML0421
1,4,SML0422
1,4,SML0428
1,4,SML0438
1,4,SML0439
1,4,SML0441
1,4,SML0444
1,4,SML0445
1,4,SML0448
1,4,SML0449
1,4,SML0474
1,4,SML0477
1,4,SML0482
1,4,SML0487
1,4,SML0500
1,4,SML0505
1,4,SML0507
1,4,SML0513
1,4,SML0522
1,4,SML0526
1,4,SML0531
1,4,SML0534
1,4,SML0545
1,4,SML0546
1,4,SML0550
1,4,SML0557
1,4,SML0559
1,4,SML0560
1,4,SML0561
1,4,SML0562
1,4,SML0563
1,4,SML0575
1,4,SML0576
1,4,SML0577
1,4,SML0578
1,4,SML0579
1,4,SML0580
1,4,SML0585
1,4,SML0591
1,4,SML0592
1,4,SML0596
1,4,SML0598
1,4,SML0600
1,4,SML0603
1,4,SML0607
1,4,SML0619
1,4,SML0620
1,4,SML0621
1,4,SML0635
1,4,SML0648
1,4,SML0654
1,4,SML0657
1,4,SML0658
1,4,SML0659
1,4,SML0660
1,4,SML0675
1,4,SML0676
1,4,SML0677
1,4,SML0682
1,4,SML0683
1,4,SML0698
1,4,SML0701
1,4,SML0706
1,4,SML0710
1,4,SML0711
1,4,SML0721
1,4,SML0726
1,4,SML0732
1,4,SML0736
1,4,SML0746
1,4,SML0747
1,5,SML0012
1,5,SML0014
1,5,SML0017
1,5,SML0031
1,5,SML0034
1,5,SML0056
1,5,SML0064
1,5,SML0066
1,5,SML0073
1,5,SML0077
1,5,SML0078
1,5,SML0080
1,5,SML0081
1,5,SML0085
1,5,SML0091
1,5,SML0102
1,5,SML0118
1,5,SML0119
1,5,SML0123
1,5,SML0124
1,5,SML0126
1,5,SML0136
1,5,SML0148
1,5,SML0149
1,5,SML0171
1,5,SML0178
1,5,SML0187
1,5,SML0191
1,5,SML0211
1,5,SML0212
1,5,SML0215
1,5,SML0219
1,5,SML0222
1,5,SML0227
1,5,SML0230
1,5,SML0250
1,5,SML0263
1,5,SML0270
1,5,SML0272
1,5,SML0276
1,5,SML0279
1,5,SML0282
1,5,SML0301
1,5,SML0306
1,5,SML0307
1,5,SML0322
1,5,SML0324
1,5,SML0327
1,5,SML0331
1,5,SML0340
1,5,SML0341
1,5,SML0342
1,5,SML0344
1,5,SML0345
1,5,SML0347
1,5,SML0368
1,5,SML0369
1,5,SML0371
1,5,SML0372
1,5,SML0373
1,5,SML0383
1,5,SML0414
1,5,SML0421
1,5,SML0438
1,5,SML0439
1,5,SML0448
1,5,SML0449
1,5,SML0474
1,5,SML0477
1,5,SML0500
1,5,SML0505
1,5,SML0507
1,5,SML0513
1,5,SML0522
1,5,SML0526
1,5,SML0531
1,5,SML0534
1,5,SML0545
1,5,SML0546
1,5,SML0550
1,5,SML0557
1,5,SML0561
1,5,SML0562
1,5,SML0563
1,5,SML0575
1,5,SML0576
1,5,SML0577
1,5,SML0578
1,5,SML0579
1,5,SML0585
1,5,SML0591
1,5,SML0596
1,5,SML0606
1,5,SML0607
1,5,SML0615
1,5,SML0619
1,5,SML0620
1,5,SML0621
1,5,SML0648
1,5,SML0654
1,5,SML0659
1,5,SML0675
1,5,SML0676
1,5,SML0677
1,5,SML0682
1,5,SML0683
1,5,SML0706
1,5,SML0710
1,5,SML0711
1,5,SML0721
1,5,SML0732
1,5,SML0736
1,5,SML0746
1,5,SML0747
1,6,SML0014
1,6,SML0026
1,6,SML0027
1,6,SML0074
1,6,SML0085
1,6,SML0099
1,6,SML0107
1,6,SML0126
1,6,SML0136
1,6,SML0150
1,6,SML0171
1,6,SML0178
1,6,SML0186
1,6,SML0191
1,6,SML0222
1,6,SML0230
1,6,SML0248
1,6,SML0250
1,6,SML0301
1,6,SML0314
1,6,SML0324
1,6,SML0331
1,6,SML0368
1,6,SML0369
1,6,SML0372
1,6,SML0382
1,6,SML0414
1,6,SML0428
1,6,SML0445
1,6,SML0474
1,6,SML0482
1,6,SML0507
1,6,SML0522
1,6,SML0526
1,6,SML0550
1,6,SML0557
1,6,SML0560
1,6,SML0561
1,6,SML0562
1,6,SML0563
1,6,SML0585
1,6,SML0596
1,6,SML0607
1,6,SML0648
1,6,SML0654
1,6,SML0666
1,6,SML0675
1,6,SML0676
1,6,SML0683
1,6,SML0701
1,6,SML0706
1,6,SML0710
1,6,SML0711
1,6,SML0727
1,6,SML0729
1,12,SML0012
1,12,SML0014
1,12,SML0026
1,12,SML0027
1,12,SML0031
1,12,SML0034
1,12,SML0064
1,12,SML0066
1,12,SML0073
1,12,SML0074
1,12,SML0077
1,12,SML0081
1,12,SML0085
1,12,SML0091
1,12,SML0099
1,12,SML0107
1,12,SML0114
1,12,SML0119
1,12,SML0123
1,12,SML0124
1,12,SML0126
1,12,SML0136
1,12,SML0148
1,12,SML0150
1,12,SML0164
1,12,SML0169
1,12,SML0171
1,12,SML0178
1,12,SML0186
1,12,SML0187
1,12,SML0191
1,12,SML0215
1,12,SML0222
1,12,SML0230
1,12,SML0248
1,12,SML0249
1,12,SML0250
1,12,SML0263
1,12,SML0272
1,12,SML0301
1,12,SML0306
1,12,SML0307
1,12,SML0314
1,12,SML0324
1,12,SML0327
1,12,SML0331
1,12,SML0340
1,12,SML0368
1,12,SML0369
1,12,SML0371
1,12,SML0372
1,12,SML0380
1,12,SML0382
1,12,SML0414
1,12,SML0422
1,12,SML0428
1,12,SML0441
1,12,SML0444
1,12,SML0445
1,12,SML0474
1,12,SML0482
1,12,SML0500
1,12,SML0505
1,12,SML0507
1,12,SML0513
1,12,SML0522
1,12,SML0526
1,12,SML0531
1,12,SML0534
1,12,SML0550
1,12,SML0557
1,12,SML0559
1,12,SML0560
1,12,SML0561
1,12,SML0562
1,12,SML0563
1,12,SML0575
1,12,SML0576
1,12,SML0577
1,12,SML0578
1,12,SML0579
1,12,SML0585
1,12,SML0596
1,12,SML0607
1,12,SML0615
1,12,SML0635
1,12,SML0648
1,12,SML0654
1,12,SML0659
1,12,SML0666
1,12,SML0675
1,12,SML0676
1,12,SML0683
1,12,SML0701
1,12,SML0706
1,12,SML0710
1,12,SML0711
1,12,SML0721
1,12,SML0726
1,12,SML0727
1,12,SML0729
1,12,SML0732
1,21,SML0012
1,21,SML0014
1,21,SML0026
1,21,SML0027
1,21,SML0031
1,21,SML0034
1,21,SML0056
1,21,SML0064
1,21,SML0066
1,21,SML0073
1,21,SML0074
1,21,SML0077
1,21,SML0078
1,21,SML0081
1,21,SML0085
1,21,SML0091
1,21,SML0099
1,21,SML0107
1,21,SML0114
1,21,SML0119
1,21,SML0123
1,21,SML0124
1,21,SML0126
1,21,SML0136
1,21,SML0148
1,21,SML0150
1,21,SML0164
1,21,SML0169
1,21,SML0171
1,21,SML0178
1,21,SML0186
1,21,SML0187
1,21,SML0191
1,21,SML0215
1,21,SML0222
1,21,SML0230
1,21,SML0248
1,21,SML0249
1,21,SML0250
1,21,SML0263
1,21,SML0270
1,21,SML0272
1,21,SML0282
1,21,SML0301
1,21,SML0306
1,21,SML0307
1,21,SML0314
1,21,SML0324
1,21,SML0327
1,21,SML0331
1,21,SML0340
1,21,SML0341
1,21,SML0344
1,21,SML0345
1,21,SML0347
1,21,SML0368
1,21,SML0369
1,21,SML0371
1,21,SML0372
1,21,SML0380
1,21,SML0383
1,21,SML0414
1,21,SML0421
1,21,SML0428
1,21,SML0438
1,21,SML0439
1,21,SML0441
1,21,SML0445
1,21,SML0448
1,21,SML0474
1,21,SML0482
1,21,SML0487
1,21,SML0500
1,21,SML0505
1,21,SML0507
1,21,SML0513
1,21,SML0522
1,21,SML0526
1,21,SML0531
1,21,SML0534
1,21,SML0550
1,21,SML0557
1,21,SML0559
1,21,SML0560
1,21,SML0561
1,21,SML0562
1,21,SML0563
1,21,SML0575
1,21,SML0576
1,21,SML0577
1,21,SML0578
1,21,SML0579
1,21,SML0585
1,21,SML0596
1,21,SML0607
1,21,SML0615
1,21,SML0619
1,21,SML0620
1,21,SML0621
1,21,SML0635
1,21,SML0648
1,21,SML0654
1,21,SML0659
1,21,SML0666
1,21,SML0675
1,21,SML0676
1,21,SML0682
1,21,SML0683
1,21,SML0701
1,21,SML0706
1,21,SML0710
1,21,SML0711
1,21,SML0721
1,21,SML0726
1,21,SML0727
1,21,SML0729
1,21,SML0732
1,32,SML0012
1,32,SML0014
1,32,SML0026
1,32,SML0027
1,32,SML0031
1,32,SML0034
1,32,SML0064
1,32,SML0066
1,32,SML0073
1,32,SML0074
1,32,SML0077
1,32,SML0081
1,32,SML0085
1,32,SML0091
1,32,SML0099
1,32,SML0107
1,32,SML0114
1,32,SML0119
1,32,SML0123
1,32,SML0124
1,32,SML0126
1,32,SML0136
1,32,SML0148
1,32,SML0150
1,32,SML0164
1,32,SML0169
1,32,SML0171
1,32,SML0178
1,32,SML0186
1,32,SML0187
1,32,SML0188
1,32,SML0191
1,32,SML0215
1,32,SML0222
1,32,SML0230
1,32,SML0248
1,32,SML0250
1,32,SML0263
1,32,SML0270
1,32,SML0272
1,32,SML0276
1,32,SML0279
1,32,SML0282
1,32,SML0301
1,32,SML0306
1,32,SML0307
1,32,SML0314
1,32,SML0324
1,32,SML0327
1,32,SML0331
1,32,SML0340
1,32,SML0343
1,32,SML0345
1,32,SML0368
1,32,SML0369
1,32,SML0371
1,32,SML0372
1,32,SML0380
1,32,SML0382
1,32,SML0414
1,32,SML0421
1,32,SML0422
1,32,SML0428
1,32,SML0441
1,32,SML0445
1,32,SML0448
1,32,SML0474
1,32,SML0482
1,32,SML0487
1,32,SML0505
1,32,SML0507
1,32,SML0513
1,32,SML0522
1,32,SML0526
1,32,SML0531
1,32,SML0550
1,32,SML0557
1,32,SML0559
1,32,SML0560
1,32,SML0561
1,32,SML0562
1,32,SML0563
1,32,SML0575
1,32,SML0576
1,32,SML0577
1,32,SML0578
1,32,SML0579
1,32,SML0585
1,32,SML0596
1,32,SML0606
1,32,SML0607
1,32,SML0615
1,32,SML0619
1,32,SML0621
1,32,SML0635
1,32,SML0648
1,32,SML0654
1,32,SML0659
1,32,SML0666
1,32,SML0675
1,32,SML0676
1,32,SML0677
1,32,SML0683
1,32,SML0701
1,32,SML0706
1,32,SML0710
1,32,SML0711
1,32,SML0726
1,32,SML0727
1,32,SML0729
1,32,SML0732
1,44,SML0012
1,44,SML0014
1,44,SML0026
1,44,SML0027
1,44,SML0031
1,44,SML0034
1,44,SML0056
1,44,SML0064
1,44,SML0066
1,44,SML0073
1,44,SML0074
1,44,SML0077
1,44,SML0078
1,44,SML0081
1,44,SML0085
1,44,SML0091
1,44,SML0099
1,44,SML0103
1,44,SML0107
1,44,SML0114
1,44,SML0119
1,44,SML0123
1,44,SML0124
1,44,SML0126
1,44,SML0136
1,44,SML0148
1,44,SML0150
1,44,SML0164
1,44,SML0169
1,44,SML0171
1,44,SML0178
1,44,SML0186
1,44,SML0187
1,44,SML0188
1,44,SML0191
1,44,SML0212
1,44,SML0215
1,44,SML0219
1,44,SML0222
1,44,SML0230
1,44,SML0248
1,44,SML0249
1,44,SML0250
1,44,SML0263
1,44,SML0272
1,44,SML0276
1,44,SML0279
1,44,SML0301
1,44,SML0306
1,44,SML0307
1,44,SML0314
1,44,SML0322
1,44,SML0324
1,44,SML0327
1,44,SML0331
1,44,SML0340
1,44,SML0341
1,44,SML0343
1,44,SML0344
1,44,SML0345
1,44,SML0347
1,44,SML0368
1,44,SML0369
1,44,SML0371
1,44,SML0372
1,44,SML0373
1,44,SML0380
1,44,SML0382
1,44,SML0414
1,44,SML0421
1,44,SML0422
1,44,SML0428
1,44,SML0438
1,44,SML0441
1,44,SML0444
1,44,SML0445
1,44,SML0448
1,44,SML0474
1,44,SML0482
1,44,SML0487
1,44,SML0505
1,44,SML0507
1,44,SML0513
1,44,SML0522
1,44,SML0526
1,44,SML0531
1,44,SML0534
1,44,SML0550
1,44,SML0557
1,44,SML0559
1,44,SML0560
1,44,SML0561
1,44,SML0562
1,44,SML0563
1,44,SML0575
1,44,SML0576
1,44,SML0577
1,44,SML0578
1,44,SML0579
1,44,SML0585
1,44,SML0596
1,44,SML0603
1,44,SML0606
1,44,SML0607
1,44,SML0613
1,44,SML0615
1,44,SML0621
1,44,SML0635
1,44,SML0648
1,44,SML0654
1,44,SML0659
1,44,SML0666
1,44,SML0675
1,44,SML0676
1,44,SML0677
1,44,SML0683
1,44,SML0701
1,44,SML0706
1,44,SML0710
1,44,SML0711
1,44,SML0721
1,44,SML0726
1,44,SML0727
1,44,SML0728
1,44,SML0729
1,44,SML0732
2,1,SML0015
2,1,SML0016
2,1,SML0018
2,1,SML0023
2,1,SML0029
2,1,SML0030
2,1,SML0038
2,1,SML0041
2,1,SML0043
2,1,SML0045
2,1,SML0048
2,1,SML0049
2,1,SML0051
2,1,SML0052
2,1,SML0057
2,1,SML0058
2,1,SML0061
2,1,SML0088
2,1,SML0094
2,1,SML0095
2,1,SML0125
2,1,SML0138
2,1,SML0142
2,1,SML0154
2,1,SML0161
2,1,SML0162
2,1,SML0167
2,1,SML0175
2,1,SML0193
2,1,SML0194
2,1,SML0214
2,1,SML0220
2,1,SML0226
2,1,SML0239
2,1,SML0242
2,1,SML0243
2,1,SML0289
2,1,SML0295
2,1,SML0325
2,1,SML0381
2,1,SML0399
2,1,SML0400
2,1,SML0401
2,1,SML0402
2,1,SML0403
2,1,SML0404
2,1,SML0405
2,1,SML0406
2,1,SML0408
2,1,SML0409
2,1,SML0410
2,1,SML0411
2,1,SML0412
2,1,SML0431
2,1,SML0433
2,1,SML0434
2,1,SML0435
2,1,SML0491
2,1,SML0509
2,1,SML0512
2,1,SML0539
2,1,SML0554
2,1,SML0555
2,1,SML0556
2,1,SML0602
2,1,SML0604
2,1,SML0605
2,1,SML0608
2,1,SML0611
2,1,SML0612
2,1,SML0614
2,1,SML0616
2,1,SML0617
2,1,SML0624
2,1,SML0625
2,1,SML0631
2,1,SML0636
2,1,SML0639
2,1,SML0640
2,1,SML0642
2,1,SML0643
2,1,SML0644
2,1,SML0645
2,1,SML0687
2,1,SML0741
2,1,SML0742
2,1,SML0743
2,1,SML0744
2,1,SML0748
2,3,SML0015
2,3,SML0016
2,3,SML0018
2,3,SML0023
2,3,SML0026
2,3,SML0029
2,3,SML0030
2,3,SML0038
2,3,SML0041
2,3,SML0043
2,3,SML0045
2,3,SML0048
2,3,SML0049
2,3,SML0051
2,3,SML0052
2,3,SML0057
2,3,SML0058
2,3,SML0061
2,3,SML0088
2,3,SML0094
2,3,SML0095
2,3,SML0099
2,3,SML0114
2,3,SML0125
2,3,SML0138
2,3,SML0142
2,3,SML0150
2,3,SML0154
2,3,SML0161
2,3,SML0162
2,3,SML0167
2,3,SML0175
2,3,SML0188
2,3,SML0193
2,3,SML0194
2,3,SML0214
2,3,SML0220
2,3,SML0226
2,3,SML0239
2,3,SML0242
2,3,SML0243
2,3,SML0248
2,3,SML0289
2,3,SML0295
2,3,SML0325
2,3,SML0380
2,3,SML0381
2,3,SML0382
2,3,SML0399
2,3,SML0400
2,3,SML0401
2,3,SML0402
2,3,SML0403
2,3,SML0404
2,3,SML0405
2,3,SML0406
2,3,SML0408
2,3,SML0409
2,3,SML0410
2,3,SML0411
2,3,SML0412
2,3,SML0422
2,3,SML0431
2,3,SML0433
2,3,SML0434
2,3,SML0435
2,3,SML0441
2,3,SML0491
2,3,SML0509
2,3,SML0512
2,3,SML0539
2,3,SML0554
2,3,SML0555
2,3,SML0556
2,3,SML0559
2,3,SML0602
2,3,SML0604
2,3,SML0605
2,3,SML0608
2,3,SML0611
2,3,SML0612
2,3,SML0614
2,3,SML0616
2,3,SML0617
2,3,SML0624
2,3,SML0625
2,3,SML0631
2,3,SML0636
2,3,SML0639
2,3,SML0640
2,3,SML0642
2,3,SML0643
2,3,SML0644
2,3,SML0645
2,3,SML0666
2,3,SML0687
2,3,SML0727
2,3,SML0729
2,3,SML0741
2,3,SML0742
2,3,SML0743
2,3,SML0744
2,3,SML0748
2,4,SML0083
2,4,SML0188
2,4,SML0214
2,4,SML0243
2,4,SML0248
2,4,SML0380
2,4,SML0409
2,4,SML0422
2,4,SML0441
2,4,SML0559
2,4,SML0598
2,4,SML0603
2,4,SML0614
2,4,SML0619
2,4,SML0620
2,4,SML0658
2,4,SML0660
2,5,SML0015
2,5,SML0049
2,5,SML0102
2,5,SML0154
2,5,SML0175
2,5,SML0226
2,5,SML0289
2,5,SML0295
2,5,SML0381
2,5,SML0408
2,5,SML0409
2,5,SML0410
2,5,SML0491
2,5,SML0512
2,5,SML0539
2,5,SML0606
2,5,SML0611
2,5,SML0614
2,5,SML0615
2,5,SML0617
2,5,SML0619
2,5,SML0620
2,5,SML0631
2,5,SML0742
2,5,SML0744
2,6,SML0015
2,6,SML0016
2,6,SML0018
2,6,SML0023
2,6,SML0026
2,6,SML0029
2,6,SML0030
2,6,SML0038
2,6,SML0041
2,6,SML0043
2,6,SML0045
2,6,SML0048
2,6,SML0049
2,6,SML0051
2,6,SML0052
2,6,SML0057
2,6,SML0058
2,6,SML0061
2,6,SML0088
2,6,SML0094
2,6,SML0095
2,6,SML0099
2,6,SML0125
2,6,SML0138
2,6,SML0142
2,6,SML0150
2,6,SML0154
2,6,SML0161
2,6,SML0162
2,6,SML0167
2,6,SML0175
2,6,SML0193
2,6,SML0194
2,6,SML0214
2,6,SML0220
2,6,SML0226
2,6,SML0239
2,6,SML0242
2,6,SML0243
2,6,SML0248
2,6,SML0289
2,6,SML0295
2,6,SML0325
2,6,SML0381
2,6,SML0382
2,6,SML0399
2,6,SML0400
2,6,SML0401
2,6,SML0402
2,6,SML0403
2,6,SML0404
2,6,SML0405
2,6,SML0406
2,6,SML0408
2,6,SML0409
2,6,SML0410
2,6,SML0411
2,6,SML0412
2,6,SML0431
2,6,SML0433
2,6,SML0434
2,6,SML0435
2,6,SML0491
2,6,SML0509
2,6,SML0512
2,6,SML0539
2,6,SML0554
2,6,SML0555
2,6,SML0556
2,6,SML0602
2,6,SML0604
2,6,SML0605
2,6,SML0608
2,6,SML0611
2,6,SML0612
2,6,SML0616
2,6,SML0617
2,6,SML0624
2,6,SML0625
2,6,SML0631
2,6,SML0636
2,6,SML0639
2,6,SML0640
2,6,SML0642
2,6,SML0643
2,6,SML0644
2,6,SML0645
2,6,SML0666
2,6,SML0687
2,6,SML0727
2,6,SML0729
2,6,SML0741
2,6,SML0742
2,6,SML0743
2,6,SML0744
2,6,SML0748
2,12,SML0015
2,12,SML0016
2,12,SML0018
2,12,SML0023
2,12,SML0026
2,12,SML0029
2,12,SML0030
2,12,SML0038
2,12,SML0041
2,12,SML0043
2,12,SML0045
2,12,SML0048
2,12,SML0049
2,12,SML0051
2,12,SML0052
2,12,SML0057
2,12,SML0058
2,12,SML0061
2,12,SML0088
2,12,SML0094
2,12,SML0095
2,12,SML0099
2,12,SML0114
2,12,SML0125
2,12,SML0138
2,12,SML0142
2,12,SML0150
2,12,SML0154
2,12,SML0161
2,12,SML0162
2,12,SML0167
2,12,SML0175
2,12,SML0193
2,12,SML0194
2,12,SML0214
2,12,SML0220
2,12,SML0226
2,12,SML0239
2,12,SML0242
2,12,SML0243
2,12,SML0248
2,12,SML0289
2,12,SML0295
2,12,SML0325
2,12,SML0380
2,12,SML0381
2,12,SML0382
2,12,SML0399
2,12,SML0400
2,12,SML0401
2,12,SML0402
2,12,SML0403
2,12,SML0404
2,12,SML0405
2,12,SML0406
2,12,SML0408
2,12,SML0409
2,12,SML0410
2,12,SML0411
2,12,SML0412
2,12,SML0422
2,12,SML0431
2,12,SML0433
2,12,SML0434
2,12,SML0435
2,12,SML0441
2,12,SML0491
2,12,SML0509
2,12,SML0512
2,12,SML0539
2,12,SML0554
2,12,SML0555
2,12,SML0556
2,12,SML0559
2,12,SML0602
2,12,SML0604
2,12,SML0605
2,12,SML0608
2,12,SML0611
2,12,SML0612
2,12,SML0614
2,12,SML0615
2,12,SML0616
2,12,SML0617
2,12,SML0624
2,12,SML0625
2,12,SML0631
2,12,SML0636
2,12,SML0639
2,12,SML0640
2,12,SML0642
2,12,SML0643
2,12,SML0644
2,12,SML0645
2,12,SML0666
2,12,SML0687
2,12,SML0727
2,12,SML0729
2,12,SML0741
2,12,SML0742
2,12,SML0743
2,12,SML0744
2,12,SML0748
2,21,SML0015
2,21,SML0016
2,21,SML0018
2,21,SML0023
2,21,SML0026
2,21,SML0029
2,21,SML0030
2,21,SML0038
2,21,SML0041
2,21,SML0043
2,21,SML0045
2,21,SML0048
2,21,SML0049
2,21,SML0051
2,21,SML0052
2,21,SML0057
2,21,SML0058
2,21,SML0061
2,21,SML0088
2,21,SML0094
2,21,SML0095
2,21,SML0099
2,21,SML0114
2,21,SML0125
2,21,SML0138
2,21,SML0142
2,21,SML0150
2,21,SML0154
2,21,SML0161
2,21,SML0162
2,21,SML0167
2,21,SML0175
2,21,SML0193
2,21,SML0194
2,21,SML0214
2,21,SML0220
2,21,SML0226
2,21,SML0239
2,21,SML0242
2,21,SML0243
2,21,SML0248
2,21,SML0289
2,21,SML0295
2,21,SML0325
2,21,SML0380
2,21,SML0381
2,21,SML0399
2,21,SML0400
2,21,SML0401
2,21,SML0402
2,21,SML0403
2,21,SML0404
2,21,SML0405
2,21,SML0406
2,21,SML0408
2,21,SML0409
2,21,SML0410
2,21,SML0411
2,21,SML0412
2,21,SML0431
2,21,SML0433
2,21,SML0434
2,21,SML0435
2,21,SML0441
2,21,SML0491
2,21,SML0509
2,21,SML0512
2,21,SML0539
2,21,SML0554
2,21,SML0555
2,21,SML0556
2,21,SML0559
2,21,SML0602
2,21,SML0604
2,21,SML0605
2,21,SML0608
2,21,SML0611
2,21,SML0612
2,21,SML0614
2,21,SML0615
2,21,SML0616
2,21,SML0617
2,21,SML0619
2,21,SML0620
2,21,SML0624
2,21,SML0625
2,21,SML0631
2,21,SML0636
2,21,SML0639
2,21,SML0640
2,21,SML0642
2,21,SML0643
2,21,SML0644
2,21,SML0645
2,21,SML0666
2,21,SML0687
2,21,SML0727
2,21,SML0729
2,21,SML0741
2,21,SML0742
2,21,SML0743
2,21,SML0744
2,21,SML0748
2,32,SML0015
2,32,SML0016
2,32,SML0018
2,32,SML0023
2,32,SML0026
2,32,SML0029
2,32,SML0030
2,32,SML0038
2,32,SML0041
2,32,SML0043
2,32,SML0045
2,32,SML0048
2,32,SML0049
2,32,SML0051
2,32,SML0052
2,32,SML0057
2,32,SML0058
2,32,SML0061
2,32,SML0088
2,32,SML0094
2,32,SML0095
2,32,SML0099
2,32,SML0114
2,32,SML0125
2,32,SML0138
2,32,SML0142
2,32,SML0150
2,32,SML0154
2,32,SML0161
2,32,SML0162
2,32,SML0167
2,32,SML0175
2,32,SML0188
2,32,SML0193
2,32,SML0194
2,32,SML0214
2,32,SML0220
2,32,SML0226
2,32,SML0239
2,32,SML0242
2,32,SML0243
2,32,SML0248
2,32,SML0289
2,32,SML0295
2,32,SML0325
2,32,SML0380
2,32,SML0381
2,32,SML0382
2,32,SML0399
2,32,SML0400
2,32,SML0401
2,32,SML0402
2,32,SML0403
2,32,SML0404
2,32,SML0405
2,32,SML0406
2,32,SML0408
2,32,SML0409
2,32,SML0410
2,32,SML0411
2,32,SML0412
2,32,SML0422
2,32,SML0431
2,32,SML0433
2,32,SML0434
2,32,SML0435
2,32,SML0441
2,32,SML0491
2,32,SML0509
2,32,SML0512
2,32,SML0539
2,32,SML0554
2,32,SML0555
2,32,SML0556
2,32,SML0559
2,32,SML0602
2,32,SML0604
2,32,SML0605
2,32,SML0606
2,32,SML0608
2,32,SML0611
2,32,SML0612
2,32,SML0614
2,32,SML0615
2,32,SML0616
2,32,SML0617
2,32,SML0619
2,32,SML0624
2,32,SML0625
2,32,SML0631
2,32,SML0636
2,32,SML0639
2,32,SML0640
2,32,SML0642
2,32,SML0643
2,32,SML0644
2,32,SML0645
2,32,SML0666
2,32,SML0687
2,32,SML0727
2,32,SML0729
2,32,SML0741
2,32,SML0742
2,32,SML0743
2,32,SML0744
2,32,SML0748
2,44,SML0015
2,44,SML0016
2,44,SML0018
2,44,SML0023
2,44,SML0026
2,44,SML0029
2,44,SML0030
2,44,SML0038
2,44,SML0041
2,44,SML0043
2,44,SML0045
2,44,SML0048
2,44,SML0049
2,44,SML0051
2,44,SML0052
2,44,SML0057
2,44,SML0058
2,44,SML0061
2,44,SML0088
2,44,SML0094
2,44,SML0095
2,44,SML0099
2,44,SML0103
2,44,SML0114
2,44,SML0125
2,44,SML0138
2,44,SML0142
2,44,SML0150
2,44,SML0154
2,44,SML0161
2,44,SML0162
2,44,SML0167
2,44,SML0175
2,44,SML0188
2,44,SML0193
2,44,SML0194
2,44,SML0214
2,44,SML0220
2,44,SML0226
2,44,SML0239
2,44,SML0242
2,44,SML0243
2,44,SML0248
2,44,SML0289
2,44,SML0295
2,44,SML0325
2,44,SML0380
2,44,SML0381
2,44,SML0382
2,44,SML0399
2,44,SML0400
2,44,SML0401
2,44,SML0402
2,44,SML0403
2,44,SML0404
2,44,SML0405
2,44,SML0406
2,44,SML0408
2,44,SML0409
2,44,SML0410
2,44,SML0411
2,44,SML0412
2,44,SML0422
2,44,SML0431
2,44,SML0433
2,44,SML0434
2,44,SML0435
2,44,SML0441
2,44,SML0491
2,44,SML0509
2,44,SML0512
2,44,SML0539
2,44,SML0554
2,44,SML0555
2,44,SML0556
2,44,SML0559
2,44,SML0602
2,44,SML0603
2,44,SML0604
2,44,SML0605
2,44,SML0606
2,44,SML0608
2,44,SML0611
2,44,SML0612
2,44,SML0613
2,44,SML0614
2,44,SML0615
2,44,SML0616
2,44,SML0617
2,44,SML0624
2,44,SML0625
2,44,SML0631
2,44,SML0636
2,44,SML0639
2,44,SML0640
2,44,SML0642
2,44,SML0643
2,44,SML0644
2,44,SML0645
2,44,SML0666
2,44,SML0687
2,44,SML0727
2,44,SML0728
2,44,SML0729
2,44,SML0741
2,44,SML0742
2,44,SML0743
2,44,SML0744
2,44,SML0748
3,2,SML0012
3,2,SML0017
3,2,SML0031
3,2,SML0056
3,2,SML0064
3,2,SML0077
3,2,SML0078
3,2,SML0080
3,2,SML0081
3,2,SML0118
3,2,SML0119
3,2,SML0126
3,2,SML0136
3,2,SML0147
3,2,SML0148
3,2,SML0149
3,2,SML0177
3,2,SML0180
3,2,SML0184
3,2,SML0187
3,2,SML0211
3,2,SML0212
3,2,SML0219
3,2,SML0222
3,2,SML0227
3,2,SML0249
3,2,SML0250
3,2,SML0263
3,2,SML0270
3,2,SML0276
3,2,SML0279
3,2,SML0282
3,2,SML0307
3,2,SML0314
3,2,SML0322
3,2,SML0324
3,2,SML0327
3,2,SML0341
3,2,SML0342
3,2,SML0343
3,2,SML0344
3,2,SML0347
3,2,SML0368
3,2,SML0369
3,2,SML0371
3,2,SML0372
3,2,SML0373
3,2,SML0383
3,2,SML0421
3,2,SML0438
3,2,SML0439
3,2,SML0444
3,2,SML0445
3,2,SML0448
3,2,SML0449
3,2,SML0477
3,2,SML0487
3,2,SML0500
3,2,SML0513
3,2,SML0522
3,2,SML0526
3,2,SML0531
3,2,SML0534
3,2,SML0545
3,2,SML0546
3,2,SML0557
3,2,SML0561
3,2,SML0575
3,2,SML0578
3,2,SML0580
3,2,SML0591
3,2,SML0592
3,2,SML0596
3,2,SML0600
3,2,SML0621
3,2,SML0635
3,2,SML0657
3,2,SML0659
3,2,SML0676
3,2,SML0677
3,2,SML0683
3,2,SML0698
3,2,SML0721
3,2,SML0736
3,2,SML0746
3,2,SML0747
3,4,SML0012
3,4,SML0017
3,4,SML0031
3,4,SML0056
3,4,SML0064
3,4,SML0077
3,4,SML0078
3,4,SML0080
3,4,SML0081
3,4,SML0083
3,4,SML0118
3,4,SML0119
3,4,SML0126
3,4,SML0136
3,4,SML0147
3,4,SML0148
3,4,SML0149
3,4,SML0177
3,4,SML0180
3,4,SML0184
3,4,SML0187
3,4,SML0211
3,4,SML0212
3,4,SML0219
3,4,SML0222
3,4,SML0227
3,4,SML0249
3,4,SML0250
3,4,SML0263
3,4,SML0270
3,4,SML0276
3,4,SML0279
3,4,SML0282
3,4,SML0307
3,4,SML0322
3,4,SML0324
3,4,SML0327
3,4,SML0341
3,4,SML0342
3,4,SML0343
3,4,SML0344
3,4,SML0347
3,4,SML0368
3,4,SML0369
3,4,SML0371
3,4,SML0372
3,4,SML0373
3,4,SML0383
3,4,SML0421
3,4,SML0438
3,4,SML0439
3,4,SML0444
3,4,SML0445
3,4,SML0448
3,4,SML0449
3,4,SML0477
3,4,SML0487
3,4,SML0500
3,4,SML0513
3,4,SML0522
3,4,SML0526
3,4,SML0531
3,4,SML0534
3,4,SML0545
3,4,SML0546
3,4,SML0557
3,4,SML0561
3,4,SML0575
3,4,SML0578
3,4,SML0580
3,4,SML0591
3,4,SML0592
3,4,SML0596
3,4,SML0598
3,4,SML0600
3,4,SML0603
3,4,SML0619
3,4,SML0620
3,4,SML0621
3,4,SML0635
3,4,SML0657
3,4,SML0658
3,4,SML0659
3,4,SML0660
3,4,SML0676
3,4,SML0677
3,4,SML0683
3,4,SML0698
3,4,SML0721
3,4,SML0736
3,4,SML0746
3,4,SML0747
3,5,SML0012
3,5,SML0017
3,5,SML0031
3,5,SML0056
3,5,SML0064
3,5,SML0077
3,5,SML0078
3,5,SML0080
3,5,SML0081
3,5,SML0102
3,5,SML0118
3,5,SML0119
3,5,SML0126
3,5,SML0136
3,5,SML0148
3,5,SML0149
3,5,SML0187
3,5,SML0211
3,5,SML0212
3,5,SML0219
3,5,SML0222
3,5,SML0227
3,5,SML0250
3,5,SML0263
3,5,SML0270
3,5,SML0276
3,5,SML0279
3,5,SML0282
3,5,SML0307
3,5,SML0322
3,5,SML0324
3,5,SML0327
3,5,SML0341
3,5,SML0342
3,5,SML0344
3,5,SML0347
3,5,SML0368
3,5,SML0369
3,5,SML0371
3,5,SML0372
3,5,SML0373
3,5,SML0383
3,5,SML0421
3,5,SML0438
3,5,SML0439
3,5,SML0448
3,5,SML0449
3,5,SML0477
3,5,SML0500
3,5,SML0513
3,5,SML0522
3,5,SML0526
3,5,SML0531
3,5,SML0534
3,5,SML0545
3,5,SML0546
3,5,SML0557
3,5,SML0561
3,5,SML0575
3,5,SML0578
3,5,SML0591
3,5,SML0596
3,5,SML0606
3,5,SML0615
3,5,SML0619
3,5,SML0620
3,5,SML0621
3,5,SML0659
3,5,SML0676
3,5,SML0677
3,5,SML0683
3,5,SML0721
3,5,SML0736
3,5,SML0746
3,5,SML0747
3,6,SML0126
3,6,SML0136
3,6,SML0222
3,6,SML0250
3,6,SML0314
3,6,SML0324
3,6,SML0368
3,6,SML0369
3,6,SML0372
3,6,SML0445
3,6,SML0522
3,6,SML0526
3,6,SML0557
3,6,SML0561
3,6,SML0596
3,6,SML0676
3,6,SML0683
3,12,SML0012
3,12,SML0031
3,12,SML0064
3,12,SML0077
3,12,SML0081
3,12,SML0119
3,12,SML0126
3,12,SML0136
3,12,SML0148
3,12,SML0187
3,12,SML0222
3,12,SML0249
3,12,SML0250
3,12,SML0263
3,12,SML0307
3,12,SML0314
3,12,SML0324
3,12,SML0327
3,12,SML0368
3,12,SML0369
3,12,SML0371
3,12,SML0372
3,12,SML0444
3,12,SML0445
3,12,SML0500
3,12,SML0513
3,12,SML0522
3,12,SML0526
3,12,SML0531
3,12,SML0534
3,12,SML0557
3,12,SML0561
3,12,SML0575
3,12,SML0578
3,12,SML0596
3,12,SML0615
3,12,SML0635
3,12,SML0659
3,12,SML0676
3,12,SML0683
3,12,SML0721
3,21,SML0012
3,21,SML0031
3,21,SML0056
3,21,SML0064
3,21,SML0077
3,21,SML0078
3,21,SML0081
3,21,SML0119
3,21,SML0126
3,21,SML0136
3,21,SML0148
3,21,SML0187
3,21,SML0222
3,21,SML0249
3,21,SML0250
3,21,SML0263
3,21,SML0270
3,21,SML0282
3,21,SML0307
3,21,SML0314
3,21,SML0324
3,21,SML0327
3,21,SML0341
3,21,SML0344
3,21,SML0347
3,21,SML0368
3,21,SML0369
3,21,SML0371
3,21,SML0372
3,21,SML0383
3,21,SML0421
3,21,SML0438
3,21,SML0439
3,21,SML0445
3,21,SML0448
3,21,SML0487
3,21,SML0500
3,21,SML0513
3,21,SML0522
3,21,SML0526
3,21,SML0531
3,21,SML0534
3,21,SML0557
3,21,SML0561
3,21,SML0575
3,21,SML0578
3,21,SML0596
3,21,SML0615
3,21,SML0619
3,21,SML0620
3,21,SML0621
3,21,SML0635
3,21,SML0659
3,21,SML0676
3,21,SML0683
3,21,SML0721
3,32,SML0012
3,32,SML0031
3,32,SML0064
3,32,SML0077
3,32,SML0081
3,32,SML0119
3,32,SML0126
3,32,SML0136
3,32,SML0148
3,32,SML0187
3,32,SML0222
3,32,SML0250
3,32,SML0263
3,32,SML0270
3,32,SML0276
3,32,SML0279
3,32,SML0282
3,32,SML0307
3,32,SML0314
3,32,SML0324
3,32,SML0327
3,32,SML0343
3,32,SML0368
3,32,SML0369
3,32,SML0371
3,32,SML0372
3,32,SML0421
3,32,SML0445
3,32,SML0448
3,32,SML0487
3,32,SML0513
3,32,SML0522
3,32,SML0526
3,32,SML0531
3,32,SML0557
3,32,SML0561
3,32,SML0575
3,32,SML0578
3,32,SML0596
3,32,SML0606
3,32,SML0615
3,32,SML0619
3,32,SML0621
3,32,SML0635
3,32,SML0659
3,32,SML0676
3,32,SML0677
3,32,SML0683
3,44,SML0012
3,44,SML0031
3,44,SML0056
3,44,SML0064
3,44,SML0077
3,44,SML0078
3,44,SML0081
3,44,SML0103
3,44,SML0119
3,44,SML0126
3,44,SML0136
3,44,SML0148
3,44,SML0187
3,44,SML0212
3,44,SML0219
3,44,SML0222
3,44,SML0249
3,44,SML0250
3,44,SML0263
3,44,SML0276
3,44,SML0279
3,44,SML0307
3,44,SML0314
3,44,SML0322
3,44,SML0324
3,44,SML0327
3,44,SML0341
3,44,SML0343
3,44,SML0344
3,44,SML0347
3,44,SML0368
3,44,SML0369
3,44,SML0371
3,44,SML0372
3,44,SML0373
3,44,SML0421
3,44,SML0438
3,44,SML0444
3,44,SML0445
3,44,SML0448
3,44,SML0487
3,44,SML0513
3,44,SML0522
3,44,SML0526
3,44,SML0531
3,44,SML0534
3,44,SML0557
3,44,SML0561
3,44,SML0575
3,44,SML0578
3,44,SML0596
3,44,SML0603
3,44,SML0606
3,44,SML0613
3,44,SML0615
3,44,SML0621
3,44,SML0635
3,44,SML0659
3,44,SML0676
3,44,SML0677
3,44,SML0683
3,44,SML0721
3,44,SML0728
4,1,SML0015
4,1,SML0016
4,1,SML0018
4,1,SML0023
4,1,SML0029
4,1,SML0030
4,1,SML0038
4,1,SML0041
4,1,SML0043
4,1,SML0044
4,1,SML0045
4,1,SML0048
4,1,SML0049
4,1,SML0051
4,1,SML0052
4,1,SML0057
4,1,SML0058
4,1,SML0061
4,1,SML0088
4,1,SML0094
4,1,SML0095
4,1,SML0109
4,1,SML0125
4,1,SML0138
4,1,SML0142
4,1,SML0154
4,1,SML0155
4,1,SML0161
4,1,SML0162
4,1,SML0167
4,1,SML0175
4,1,SML0176
4,1,SML0182
4,1,SML0189
4,1,SML0193
4,1,SML0194
4,1,SML0196
4,1,SML0220
4,1,SML0226
4,1,SML0234
4,1,SML0239
4,1,SML0242
4,1,SML0247
4,1,SML0256
4,1,SML0257
4,1,SML0289
4,1,SML0295
4,1,SML0310
4,1,SML0311
4,1,SML0325
4,1,SML0381
4,1,SML0399
4,1,SML0400
4,1,SML0401
4,1,SML0402
4,1,SML0403
4,1,SML0404
4,1,SML0405
4,1,SML0406
4,1,SML0408
4,1,SML0410
4,1,SML0411
4,1,SML0412
4,1,SML0431
4,1,SML0432
4,1,SML0433
4,1,SML0434
4,1,SML0435
4,1,SML0476
4,1,SML0490
4,1,SML0491
4,1,SML0506
4,1,SML0509
4,1,SML0510
4,1,SML0512
4,1,SML0518
4,1,SML0538
4,1,SML0539
4,1,SML0554
4,1,SML0555
4,1,SML0556
4,1,SML0602
4,1,SML0604
4,1,SML0605
4,1,SML0608
4,1,SML0611
4,1,SML0612
4,1,SML0616
4,1,SML0617
4,1,SML0618
4,1,SML0624
4,1,SML0625
4,1,SML0631
4,1,SML0636
4,1,SML0639
4,1,SML0640
4,1,SML0642
4,1,SML0643
4,1,SML0644
4,1,SML0645
4,1,SML0646
4,1,SML0687
4,1,SML0712
4,1,SML0740
4,1,SML0741
4,1,SML0742
4,1,SML0743
4,1,SML0744
4,1,SML0748
4,2,SML0044
4,2,SML0109
4,2,SML0155
4,2,SML0176
4,2,SML0182
4,2,SML0189
4,2,SML0196
4,2,SML0234
4,2,SML0247
4,2,SML0256
4,2,SML0257
4,2,SML0310
4,2,SML0311
4,2,SML0314
4,2,SML0432
4,2,SML0476
4,2,SML0490
4,2,SML0506
4,2,SML0510
4,2,SML0518
4,2,SML0538
4,2,SML0618
4,2,SML0646
4,2,SML0712
4,2,SML0740
4,3,SML0015
4,3,SML0016
4,3,SML0018
4,3,SML0023
4,3,SML0026
4,3,SML0029
4,3,SML0030
4,3,SML0038
4,3,SML0041
4,3,SML0043
4,3,SML0044
4,3,SML0045
4,3,SML0048
4,3,SML0049
4,3,SML0051
4,3,SML0052
4,3,SML0057
4,3,SML0058
4,3,SML0061
4,3,SML0088
4,3,SML0094
4,3,SML0095
4,3,SML0099
4,3,SML0109
4,3,SML0114
4,3,SML0125
4,3,SML0138
4,3,SML0142
4,3,SML0150
4,3,SML0154
4,3,SML0155
4,3,SML0161
4,3,SML0162
4,3,SML0167
4,3,SML0175
4,3,SML0176
4,3,SML0182
4,3,SML0189
4,3,SML0193
4,3,SML0194
4,3,SML0196
4,3,SML0220
4,3,SML0226
4,3,SML0234
4,3,SML0239
4,3,SML0242
4,3,SML0247
4,3,SML0256
4,3,SML0257
4,3,SML0289
4,3,SML0295
4,3,SML0310
4,3,SML0311
4,3,SML0325
4,3,SML0381
4,3,SML0382
4,3,SML0399
4,3,SML0400
4,3,SML0401
4,3,SML0402
4,3,SML0403
4,3,SML0404
4,3,SML0405
4,3,SML0406
4,3,SML0408
4,3,SML0410
4,3,SML0411
4,3,SML0412
4,3,SML0431
4,3,SML0432
4,3,SML0433
4,3,SML0434
4,3,SML0435
4,3,SML0476
4,3,SML0490
4,3,SML0491
4,3,SML0506
4,3,SML0509
4,3,SML0510
4,3,SML0512
4,3,SML0518
4,3,SML0538
4,3,SML0539
4,3,SML0554
4,3,SML0555
4,3,SML0556
4,3,SML0602
4,3,SML0604
4,3,SML0605
4,3,SML0608
4,3,SML0611
4,3,SML0612
4,3,SML0616
4,3,SML0617
4,3,SML0618
4,3,SML0624
4,3,SML0625
4,3,SML0631
4,3,SML0636
4,3,SML0639
4,3,SML0640
4,3,SML0642
4,3,SML0643
4,3,SML0644
4,3,SML0645
4,3,SML0646
4,3,SML0666
4,3,SML0687
4,3,SML0712
4,3,SML0727
4,3,SML0729
4,3,SML0740
4,3,SML0741
4,3,SML0742
4,3,SML0743
4,3,SML0744
4,3,SML0748
4,5,SML0015
4,5,SML0049
4,5,SML0102
4,5,SML0109
4,5,SML0154
4,5,SML0155
4,5,SML0175
4,5,SML0176
4,5,SML0182
4,5,SML0189
4,5,SML0196
4,5,SML0226
4,5,SML0256
4,5,SML0289
4,5,SML0295
4,5,SML0310
4,5,SML0311
4,5,SML0381
4,5,SML0408
4,5,SML0410
4,5,SML0476
4,5,SML0491
4,5,SML0510
4,5,SML0512
4,5,SML0518
4,5,SML0538
4,5,SML0539
4,5,SML0606
4,5,SML0611
4,5,SML0615
4,5,SML0617
4,5,SML0618
4,5,SML0631
4,5,SML0740
4,5,SML0742
4,5,SML0744
4,6,SML0015
4,6,SML0016
4,6,SML0018
4,6,SML0023
4,6,SML0026
4,6,SML0029
4,6,SML0030
4,6,SML0038
4,6,SML0041
4,6,SML0043
4,6,SML0044
4,6,SML0045
4,6,SML0048
4,6,SML0049
4,6,SML0051
4,6,SML0052
4,6,SML0057
4,6,SML0058
4,6,SML0061
4,6,SML0088
4,6,SML0094
4,6,SML0095
4,6,SML0099
4,6,SML0109
4,6,SML0125
4,6,SML0138
4,6,SML0142
4,6,SML0150
4,6,SML0154
4,6,SML0155
4,6,SML0161
4,6,SML0162
4,6,SML0167
4,6,SML0175
4,6,SML0176
4,6,SML0182
4,6,SML0189
4,6,SML0193
4,6,SML0194
4,6,SML0196
4,6,SML0220
4,6,SML0226
4,6,SML0234
4,6,SML0239
4,6,SML0242
4,6,SML0247
4,6,SML0256
4,6,SML0257
4,6,SML0289
4,6,SML0295
4,6,SML0310
4,6,SML0311
4,6,SML0314
4,6,SML0325
4,6,SML0381
4,6,SML0382
4,6,SML0399
4,6,SML0400
4,6,SML0401
4,6,SML0402
4,6,SML0403
4,6,SML0404
4,6,SML0405
4,6,SML0406
4,6,SML0408
4,6,SML0410
4,6,SML0411
4,6,SML0412
4,6,SML0431
4,6,SML0432
4,6,SML0433
4,6,SML0434
4,6,SML0435
4,6,SML0476
4,6,SML0490
4,6,SML0491
4,6,SML0506
4,6,SML0509
4,6,SML0510
4,6,SML0512
4,6,SML0518
4,6,SML0538
4,6,SML0539
4,6,SML0554
4,6,SML0555
4,6,SML0556
4,6,SML0602
4,6,SML0604
4,6,SML0605
4,6,SML0608
4,6,SML0611
4,6,SML0612
4,6,SML0616
4,6,SML0617
4,6,SML0618
4,6,SML0624
4,6,SML0625
4,6,SML0631
4,6,SML0636
4,6,SML0639
4,6,SML0640
4,6,SML0642
4,6,SML0643
4,6,SML0644
4,6,SML0645
4,6,SML0646
4,6,SML0666
4,6,SML0687
4,6,SML0712
4,6,SML0727
4,6,SML0729
4,6,SML0740
4,6,SML0741
4,6,SML0742
4,6,SML0743
4,6,SML0744
4,6,SML0748
4,12,SML0015
4,12,SML0016
4,12,SML0018
4,12,SML0023
4,12,SML0026
4,12,SML0029
4,12,SML0030
4,12,SML0038
4,12,SML0041
4,12,SML0043
4,12,SML0044
4,12,SML0045
4,12,SML0048
4,12,SML0049
4,12,SML0051
4,12,SML0052
4,12,SML0057
4,12,SML0058
4,12,SML0061
4,12,SML0088
4,12,SML0094
4,12,SML0095
4,12,SML0099
4,12,SML0109
4,12,SML0114
4,12,SML0125
4,12,SML0138
4,12,SML0142
4,12,SML0150
4,12,SML0154
4,12,SML0155
4,12,SML0161
4,12,SML0162
4,12,SML0167
4,12,SML0175
4,12,SML0176
4,12,SML0182
4,12,SML0189
4,12,SML0193
4,12,SML0194
4,12,SML0196
4,12,SML0220
4,12,SML0226
4,12,SML0234
4,12,SML0239
4,12,SML0242
4,12,SML0247
4,12,SML0256
4,12,SML0257
4,12,SML0289
4,12,SML0295
4,12,SML0310
4,12,SML0311
4,12,SML0314
4,12,SML0325
4,12,SML0381
4,12,SML0382
4,12,SML0399
4,12,SML0400
4,12,SML0401
4,12,SML0402
4,12,SML0403
4,12,SML0404
4,12,SML0405
4,12,SML0406
4,12,SML0408
4,12,SML0410
4,12,SML0411
4,12,SML0412
4,12,SML0431
4,12,SML0432
4,12,SML0433
4,12,SML0434
4,12,SML0435
4,12,SML0476
4,12,SML0490
4,12,SML0491
4,12,SML0506
4,12,SML0509
4,12,SML0510
4,12,SML0512
4,12,SML0518
4,12,SML0538
4,12,SML0539
4,12,SML0554
4,12,SML0555
4,12,SML0556
4,12,SML0602
4,12,SML0604
4,12,SML0605
4,12,SML0608
4,12,SML0611
4,12,SML0612
4,12,SML0615
4,12,SML0616
4,12,SML0617
4,12,SML0618
4,12,SML0624
4,12,SML0625
4,12,SML0631
4,12,SML0636
4,12,SML0639
4,12,SML0640
4,12,SML0642
4,12,SML0643
4,12,SML0644
4,12,SML0645
4,12,SML0646
4,12,SML0666
4,12,SML0687
4,12,SML0712
4,12,SML0727
4,12,SML0729
4,12,SML0740
4,12,SML0741
4,12,SML0742
4,12,SML0743
4,12,SML0744
4,12,SML0748
4,21,SML0015
4,21,SML0016
4,21,SML0018
4,21,SML0023
4,21,SML0026
4,21,SML0029
4,21,SML0030
4,21,SML0038
4,21,SML0041
4,21,SML0043
4,21,SML0044
4,21,SML0045
4,21,SML0048
4,21,SML0049
4,21,SML0051
4,21,SML0052
4,21,SML0057
4,21,SML0058
4,21,SML0061
4,21,SML0088
4,21,SML0094
4,21,SML0095
4,21,SML0099
4,21,SML0109
4,21,SML0114
4,21,SML0125
4,21,SML0138
4,21,SML0142
4,21,SML0150
4,21,SML0154
4,21,SML0155
4,21,SML0161
4,21,SML0162
4,21,SML0167
4,21,SML0175
4,21,SML0176
4,21,SML0182
4,21,SML0189
4,21,SML0193
4,21,SML0194
4,21,SML0196
4,21,SML0220
4,21,SML0226
4,21,SML0234
4,21,SML0239
4,21,SML0242
4,21,SML0247
4,21,SML0256
4,21,SML0257
4,21,SML0289
4,21,SML0295
4,21,SML0310
4,21,SML0311
4,21,SML0314
4,21,SML0325
4,21,SML0381
4,21,SML0399
4,21,SML0400
4,21,SML0401
4,21,SML0402
4,21,SML0403
4,21,SML0404
4,21,SML0405
4,21,SML0406
4,21,SML0408
4,21,SML0410
4,21,SML0411
4,21,SML0412
4,21,SML0431
4,21,SML0432
4,21,SML0433
4,21,SML0434
4,21,SML0435
4,21,SML0476
4,21,SML0490
4,21,SML0491
4,21,SML0506
4,21,SML0509
4,21,SML0510
4,21,SML0512
4,21,SML0518
4,21,SML0538
4,21,SML0539
4,21,SML0554
4,21,SML0555
4,21,SML0556
4,21,SML0602
4,21,SML0604
4,21,SML0605
4,21,SML0608
4,21,SML0611
4,21,SML0612
4,21,SML0615
4,21,SML0616
4,21,SML0617
4,21,SML0618
4,21,SML0624
4,21,SML0625
4,21,SML0631
4,21,SML0636
4,21,SML0639
4,21,SML0640
4,21,SML0642
4,21,SML0643
4,21,SML0644
4,21,SML0645
4,21,SML0646
4,21,SML0666
4,21,SML0687
4,21,SML0712
4,21,SML0727
4,21,SML0729
4,21,SML0740
4,21,SML0741
4,21,SML0742
4,21,SML0743
4,21,SML0744
4,21,SML0748
4,32,SML0015
4,32,SML0016
4,32,SML0018
4,32,SML0023
4,32,SML0026
4,32,SML0029
4,32,SML0030
4,32,SML0038
4,32,SML0041
4,32,SML0043
4,32,SML0044
4,32,SML0045
4,32,SML0048
4,32,SML0049
4,32,SML0051
4,32,SML0052
4,32,SML0057
4,32,SML0058
4,32,SML0061
4,32,SML0088
4,32,SML0094
4,32,SML0095
4,32,SML0099
4,32,SML0109
4,32,SML0114
4,32,SML0125
4,32,SML0138
4,32,SML0142
4,32,SML0150
4,32,SML0154
4,32,SML0155
4,32,SML0161
4,32,SML0162
4,32,SML0167
4,32,SML0175
4,32,SML0176
4,32,SML0182
4,32,SML0189
4,32,SML0193
4,32,SML0194
4,32,SML0196
4,32,SML0220
4,32,SML0226
4,32,SML0234
4,32,SML0239
4,32,SML0242
4,32,SML0247
4,32,SML0256
4,32,SML0257
4,32,SML0289
4,32,SML0295
4,32,SML0310
4,32,SML0311
4,32,SML0314
4,32,SML0325
4,32,SML0381
4,32,SML0382
4,32,SML0399
4,32,SML0400
4,32,SML0401
4,32,SML0402
4,32,SML0403
4,32,SML0404
4,32,SML0405
4,32,SML0406
4,32,SML0408
4,32,SML0410
4,32,SML0411
4,32,SML0412
4,32,SML0431
4,32,SML0432
4,32,SML0433
4,32,SML0434
4,32,SML0435
4,32,SML0476
4,32,SML0490
4,32,SML0491
4,32,SML0506
4,32,SML0509
4,32,SML0510
4,32,SML0512
4,32,SML0518
4,32,SML0538
4,32,SML0539
4,32,SML0554
4,32,SML0555
4,32,SML0556
4,32,SML0602
4,32,SML0604
4,32,SML0605
4,32,SML0606
4,32,SML0608
4,32,SML0611
4,32,SML0612
4,32,SML0615
4,32,SML0616
4,32,SML0617
4,32,SML0618
4,32,SML0624
4,32,SML0625
4,32,SML0631
4,32,SML0636
4,32,SML0639
4,32,SML0640
4,32,SML0642
4,32,SML0643
4,32,SML0644
4,32,SML0645
4,32,SML0646
4,32,SML0666
4,32,SML0687
4,32,SML0712
4,32,SML0727
4,32,SML0729
4,32,SML0740
4,32,SML0741
4,32,SML0742
4,32,SML0743
4,32,SML0744
4,32,SML0748
4,44,SML0015
4,44,SML0016
4,44,SML0018
4,44,SML0023
4,44,SML0026
4,44,SML0029
4,44,SML0030
4,44,SML0038
4,44,SML0041
4,44,SML0043
4,44,SML0044
4,44,SML0045
4,44,SML0048
4,44,SML0049
4,44,SML0051
4,44,SML0052
4,44,SML0057
4,44,SML0058
4,44,SML0061
4,44,SML0088
4,44,SML0094
4,44,SML0095
4,44,SML0099
4,44,SML0103
4,44,SML0109
4,44,SML0114
4,44,SML0125
4,44,SML0138
4,44,SML0142
4,44,SML0150
4,44,SML0154
4,44,SML0155
4,44,SML0161
4,44,SML0162
4,44,SML0167
4,44,SML0175
4,44,SML0176
4,44,SML0182
4,44,SML0189
4,44,SML0193
4,44,SML0194
4,44,SML0196
4,44,SML0220
4,44,SML0226
4,44,SML0234
4,44,SML0239
4,44,SML0242
4,44,SML0247
4,44,SML0256
4,44,SML0257
4,44,SML0289
4,44,SML0295
4,44,SML0310
4,44,SML0311
4,44,SML0314
4,44,SML0325
4,44,SML0381
4,44,SML0382
4,44,SML0399
4,44,SML0400
4,44,SML0401
4,44,SML0402
4,44,SML0403
4,44,SML0404
4,44,SML0405
4,44,SML0406
4,44,SML0408
4,44,SML0410
4,44,SML0411
4,44,SML0412
4,44,SML0431
4,44,SML0432
4,44,SML0433
4,44,SML0434
4,44,SML0435
4,44,SML0476
4,44,SML0490
4,44,SML0491
4,44,SML0506
4,44,SML0509
4,44,SML0510
4,44,SML0512
4,44,SML0518
4,44,SML0538
4,44,SML0539
4,44,SML0554
4,44,SML0555
4,44,SML0556
4,44,SML0602
4,44,SML0604
4,44,SML0605
4,44,SML0606
4,44,SML0608
4,44,SML0611
4,44,SML0612
4,44,SML0613
4,44,SML0615
4,44,SML0616
4,44,SML0617
4,44,SML0618
4,44,SML0624
4,44,SML0625
4,44,SML0631
4,44,SML0636
4,44,SML0639
4,44,SML0640
4,44,SML0642
4,44,SML0643
4,44,SML0644
4,44,SML0645
4,44,SML0646
4,44,SML0666
4,44,SML0687
4,44,SML0712
4,44,SML0727
4,44,SML0728
4,44,SML0729
4,44,SML0740
4,44,SML0741
4,44,SML0742
4,44,SML0743
4,44,SML0744
4,44,SML0748
5,1,SML0016
5,1,SML0018
5,1,SML0023
5,1,SML0029
5,1,SML0030
5,1,SML0038
5,1,SML0041
5,1,SML0043
5,1,SML0044
5,1,SML0045
5,1,SML0048
5,1,SML0051
5,1,SML0052
5,1,SML0057
5,1,SML0058
5,1,SML0060
5,1,SML0061
5,1,SML0088
5,1,SML0094
5,1,SML0095
5,1,SML0125
5,1,SML0138
5,1,SML0142
5,1,SML0152
5,1,SML0161
5,1,SML0162
5,1,SML0167
5,1,SML0193
5,1,SML0194
5,1,SML0214
5,1,SML0220
5,1,SML0234
5,1,SML0239
5,1,SML0240
5,1,SML0242
5,1,SML0243
5,1,SML0247
5,1,SML0257
5,1,SML0325
5,1,SML0399
5,1,SML0400
5,1,SML0401
5,1,SML0402
5,1,SML0403
5,1,SML0404
5,1,SML0405
5,1,SML0406
5,1,SML0411
5,1,SML0412
5,1,SML0431
5,1,SML0432
5,1,SML0433
5,1,SML0434
5,1,SML0435
5,1,SML0490
5,1,SML0506
5,1,SML0509
5,1,SML0554
5,1,SML0555
5,1,SML0556
5,1,SML0602
5,1,SML0604
5,1,SML0605
5,1,SML0608
5,1,SML0612
5,1,SML0616
5,1,SML0624
5,1,SML0625
5,1,SML0636
5,1,SML0639
5,1,SML0640
5,1,SML0642
5,1,SML0643
5,1,SML0644
5,1,SML0645
5,1,SML0646
5,1,SML0663
5,1,SML0687
5,1,SML0703
5,1,SML0712
5,1,SML0730
5,1,SML0741
5,1,SML0743
5,1,SML0748
5,2,SML0027
5,2,SML0044
5,2,SML0060
5,2,SML0074
5,2,SML0107
5,2,SML0147
5,2,SML0152
5,2,SML0164
5,2,SML0169
5,2,SML0177
5,2,SML0180
5,2,SML0184
5,2,SML0186
5,2,SML0234
5,2,SML0240
5,2,SML0247
5,2,SML0249
5,2,SML0257
5,2,SML0314
5,2,SML0343
5,2,SML0428
5,2,SML0432
5,2,SML0444
5,2,SML0445
5,2,SML0482
5,2,SML0487
5,2,SML0490
5,2,SML0506
5,2,SML0560
5,2,SML0580
5,2,SML0592
5,2,SML0600
5,2,SML0635
5,2,SML0646
5,2,SML0657
5,2,SML0663
5,2,SML0698
5,2,SML0701
5,2,SML0703
5,2,SML0712
5,2,SML0726
5,2,SML0730
5,3,SML0016
5,3,SML0018
5,3,SML0023
5,3,SML0026
5,3,SML0027
5,3,SML0029
5,3,SML0030
5,3,SML0038
5,3,SML0041
5,3,SML0043
5,3,SML0044
5,3,SML0045
5,3,SML0048
5,3,SML0051
5,3,SML0052
5,3,SML0057
5,3,SML0058
5,3,SML0060
5,3,SML0061
5,3,SML0074
5,3,SML0088
5,3,SML0094
5,3,SML0095
5,3,SML0099
5,3,SML0107
5,3,SML0114
5,3,SML0125
5,3,SML0138
5,3,SML0142
5,3,SML0150
5,3,SML0152
5,3,SML0161
5,3,SML0162
5,3,SML0164
5,3,SML0167
5,3,SML0169
5,3,SML0186
5,3,SML0188
5,3,SML0193
5,3,SML0194
5,3,SML0214
5,3,SML0220
5,3,SML0234
5,3,SML0239
5,3,SML0240
5,3,SML0242
5,3,SML0243
5,3,SML0247
5,3,SML0248
5,3,SML0257
5,3,SML0325
5,3,SML0380
5,3,SML0382
5,3,SML0399
5,3,SML0400
5,3,SML0401
5,3,SML0402
5,3,SML0403
5,3,SML0404
5,3,SML0405
5,3,SML0406
5,3,SML0411
5,3,SML0412
5,3,SML0422
5,3,SML0428
5,3,SML0431
5,3,SML0432
5,3,SML0433
5,3,SML0434
5,3,SML0435
5,3,SML0441
5,3,SML0482
5,3,SML0490
5,3,SML0506
5,3,SML0509
5,3,SML0554
5,3,SML0555
5,3,SML0556
5,3,SML0559
5,3,SML0560
5,3,SML0602
5,3,SML0604
5,3,SML0605
5,3,SML0608
5,3,SML0612
5,3,SML0616
5,3,SML0624
5,3,SML0625
5,3,SML0636
5,3,SML0639
5,3,SML0640
5,3,SML0642
5,3,SML0643
5,3,SML0644
5,3,SML0645
5,3,SML0646
5,3,SML0663
5,3,SML0666
5,3,SML0687
5,3,SML0701
5,3,SML0703
5,3,SML0712
5,3,SML0726
5,3,SML0727
5,3,SML0729
5,3,SML0730
5,3,SML0741
5,3,SML0743
5,3,SML0748
5,4,SML0027
5,4,SML0060
5,4,SML0074
5,4,SML0083
5,4,SML0107
5,4,SML0147
5,4,SML0152
5,4,SML0164
5,4,SML0169
5,4,SML0177
5,4,SML0180
5,4,SML0184
5,4,SML0186
5,4,SML0188
5,4,SML0214
5,4,SML0240
5,4,SML0243
5,4,SML0248
5,4,SML0249
5,4,SML0343
5,4,SML0380
5,4,SML0422
5,4,SML0428
5,4,SML0441
5,4,SML0444
5,4,SML0445
5,4,SML0482
5,4,SML0487
5,4,SML0559
5,4,SML0560
5,4,SML0580
5,4,SML0592
5,4,SML0598
5,4,SML0600
5,4,SML0603
5,4,SML0635
5,4,SML0657
5,4,SML0658
5,4,SML0660
5,4,SML0663
5,4,SML0698
5,4,SML0701
5,4,SML0703
5,4,SML0726
5,4,SML0730
5,6,SML0016
5,6,SML0018
5,6,SML0023
5,6,SML0026
5,6,SML0027
5,6,SML0029
5,6,SML0030
5,6,SML0038
5,6,SML0041
5,6,SML0043
5,6,SML0044
5,6,SML0045
5,6,SML0048
5,6,SML0051
5,6,SML0052
5,6,SML0057
5,6,SML0058
5,6,SML0060
5,6,SML0061
5,6,SML0074
5,6,SML0088
5,6,SML0094
5,6,SML0095
5,6,SML0099
5,6,SML0107
5,6,SML0125
5,6,SML0138
5,6,SML0142
5,6,SML0150
5,6,SML0152
5,6,SML0161
5,6,SML0162
5,6,SML0167
5,6,SML0186
5,6,SML0193
5,6,SML0194
5,6,SML0214
5,6,SML0220
5,6,SML0234
5,6,SML0239
5,6,SML0240
5,6,SML0242
5,6,SML0243
5,6,SML0247
5,6,SML0248
5,6,SML0257
5,6,SML0314
5,6,SML0325
5,6,SML0382
5,6,SML0399
5,6,SML0400
5,6,SML0401
5,6,SML0402
5,6,SML0403
5,6,SML0404
5,6,SML0405
5,6,SML0406
5,6,SML0411
5,6,SML0412
5,6,SML0428
5,6,SML0431
5,6,SML0432
5,6,SML0433
5,6,SML0434
5,6,SML0435
5,6,SML0445
5,6,SML0482
5,6,SML0490
5,6,SML0506
5,6,SML0509
5,6,SML0554
5,6,SML0555
5,6,SML0556
5,6,SML0560
5,6,SML0602
5,6,SML0604
5,6,SML0605
5,6,SML0608
5,6,SML0612
5,6,SML0616
5,6,SML0624
5,6,SML0625
5,6,SML0636
5,6,SML0639
5,6,SML0640
5,6,SML0642
5,6,SML0643
5,6,SML0644
5,6,SML0645
5,6,SML0646
5,6,SML0663
5,6,SML0666
5,6,SML0687
5,6,SML0701
5,6,SML0703
5,6,SML0712
5,6,SML0727
5,6,SML0729
5,6,SML0730
5,6,SML0741
5,6,SML0743
5,6,SML0748
5,12,SML0016
5,12,SML0018
5,12,SML0023
5,12,SML0026
5,12,SML0027
5,12,SML0029
5,12,SML0030
5,12,SML0038
5,12,SML0041
5,12,SML0043
5,12,SML0044
5,12,SML0045
5,12,SML0048
5,12,SML0051
5,12,SML0052
5,12,SML0057
5,12,SML0058
5,12,SML0060
5,12,SML0061
5,12,SML0074
5,12,SML0088
5,12,SML0094
5,12,SML0095
5,12,SML0099
5,12,SML0107
5,12,SML0114
5,12,SML0125
5,12,SML0138
5,12,SML0142
5,12,SML0150
5,12,SML0152
5,12,SML0161
5,12,SML0162
5,12,SML0164
5,12,SML0167
5,12,SML0169
5,12,SML0186
5,12,SML0193
5,12,SML0194
5,12,SML0214
5,12,SML0220
5,12,SML0234
5,12,SML0239
5,12,SML0240
5,12,SML0242
5,12,SML0243
5,12,SML0247
5,12,SML0248
5,12,SML0249
5,12,SML0257
5,12,SML0314
5,12,SML0325
5,12,SML0380
5,12,SML0382
5,12,SML0399
5,12,SML0400
5,12,SML0401
5,12,SML0402
5,12,SML0403
5,12,SML0404
5,12,SML0405
5,12,SML0406
5,12,SML0411
5,12,SML0412
5,12,SML0422
5,12,SML0428
5,12,SML0431
5,12,SML0432
5,12,SML0433
5,12,SML0434
5,12,SML0435
5,12,SML0441
5,12,SML0444
5,12,SML0445
5,12,SML0482
5,12,SML0490
5,12,SML0506
5,12,SML0509
5,12,SML0554
5,12,SML0555
5,12,SML0556
5,12,SML0559
5,12,SML0560
5,12,SML0602
5,12,SML0604
5,12,SML0605
5,12,SML0608
5,12,SML0612
5,12,SML0616
5,12,SML0624
5,12,SML0625
5,12,SML0635
5,12,SML0636
5,12,SML0639
5,12,SML0640
5,12,SML0642
5,12,SML0643
5,12,SML0644
5,12,SML0645
5,12,SML0646
5,12,SML0663
5,12,SML0666
5,12,SML0687
5,12,SML0701
5,12,SML0703
5,12,SML0712
5,12,SML0726
5,12,SML0727
5,12,SML0729
5,12,SML0730
5,12,SML0741
5,12,SML0743
5,12,SML0748
5,21,SML0016
5,21,SML0018
5,21,SML0023
5,21,SML0026
5,21,SML0027
5,21,SML0029
5,21,SML0030
5,21,SML0038
5,21,SML0041
5,21,SML0043
5,21,SML0044
5,21,SML0045
5,21,SML0048
5,21,SML0051
5,21,SML0052
5,21,SML0057
5,21,SML0058
5,21,SML0060
5,21,SML0061
5,21,SML0074
5,21,SML0088
5,21,SML0094
5,21,SML0095
5,21,SML0099
5,21,SML0107
5,21,SML0114
5,21,SML0125
5,21,SML0138
5,21,SML0142
5,21,SML0150
5,21,SML0152
5,21,SML0161
5,21,SML0162
5,21,SML0164
5,21,SML0167
5,21,SML0169
5,21,SML0186
5,21,SML0193
5,21,SML0194
5,21,SML0214
5,21,SML0220
5,21,SML0234
5,21,SML0239
5,21,SML0240
5,21,SML0242
5,21,SML0243
5,21,SML0247
5,21,SML0248
5,21,SML0249
5,21,SML0257
5,21,SML0314
5,21,SML0325
5,21,SML0380
5,21,SML0399
5,21,SML0400
5,21,SML0401
5,21,SML0402
5,21,SML0403
5,21,SML0404
5,21,SML0405
5,21,SML0406
5,21,SML0411
5,21,SML0412
5,21,SML0428
5,21,SML0431
5,21,SML0432
5,21,SML0433
5,21,SML0434
5,21,SML0435
5,21,SML0441
5,21,SML0445
5,21,SML0482
5,21,SML0487
5,21,SML0490
5,21,SML0506
5,21,SML0509
5,21,SML0554
5,21,SML0555
5,21,SML0556
5,21,SML0559
5,21,SML0560
5,21,SML0602
5,21,SML0604
5,21,SML0605
5,21,SML0608
5,21,SML0612
5,21,SML0616
5,21,SML0624
5,21,SML0625
5,21,SML0635
5,21,SML0636
5,21,SML0639
5,21,SML0640
5,21,SML0642
5,21,SML0643
5,21,SML0644
5,21,SML0645
5,21,SML0646
5,21,SML0663
5,21,SML0666
5,21,SML0687
5,21,SML0701
5,21,SML0703
5,21,SML0712
5,21,SML0726
5,21,SML0727
5,21,SML0729
5,21,SML0730
5,21,SML0741
5,21,SML0743
5,21,SML0748
5,32,SML0016
5,32,SML0018
5,32,SML0023
5,32,SML0026
5,32,SML0027
5,32,SML0029
5,32,SML0030
5,32,SML0038
5,32,SML0041
5,32,SML0043
5,32,SML0044
5,32,SML0045
5,32,SML0048
5,32,SML0051
5,32,SML0052
5,32,SML0057
5,32,SML0058
5,32,SML0060
5,32,SML0061
5,32,SML0074
5,32,SML0088
5,32,SML0094
5,32,SML0095
5,32,SML0099
5,32,SML0107
5,32,SML0114
5,32,SML0125
5,32,SML0138
5,32,SML0142
5,32,SML0150
5,32,SML0152
5,32,SML0161
5,32,SML0162
5,32,SML0164
5,32,SML0167
5,32,SML0169
5,32,SML0186
5,32,SML0188
5,32,SML0193
5,32,SML0194
5,32,SML0214
5,32,SML0220
5,32,SML0234
5,32,SML0239
5,32,SML0240
5,32,SML0242
5,32,SML0243
5,32,SML0247
5,32,SML0248
5,32,SML0257
5,32,SML0314
5,32,SML0325
5,32,SML0343
5,32,SML0380
5,32,SML0382
5,32,SML0399
5,32,SML0400
5,32,SML0401
5,32,SML0402
5,32,SML0403
5,32,SML0404
5,32,SML0405
5,32,SML0406
5,32,SML0411
5,32,SML0412
5,32,SML0422
5,32,SML0428
5,32,SML0431
5,32,SML0432
5,32,SML0433
5,32,SML0434
5,32,SML0435
5,32,SML0441
5,32,SML0445
5,32,SML0482
5,32,SML0487
5,32,SML0490
5,32,SML0506
5,32,SML0509
5,32,SML0554
5,32,SML0555
5,32,SML0556
5,32,SML0559
5,32,SML0560
5,32,SML0602
5,32,SML0604
5,32,SML0605
5,32,SML0608
5,32,SML0612
5,32,SML0616
5,32,SML0624
5,32,SML0625
5,32,SML0635
5,32,SML0636
5,32,SML0639
5,32,SML0640
5,32,SML0642
5,32,SML0643
5,32,SML0644
5,32,SML0645
5,32,SML0646
5,32,SML0663
5,32,SML0666
5,32,SML0687
5,32,SML0701
5,32,SML0703
5,32,SML0712
5,32,SML0726
5,32,SML0727
5,32,SML0729
5,32,SML0730
5,32,SML0741
5,32,SML0743
5,32,SML0748
5,44,SML0016
5,44,SML0018
5,44,SML0023
5,44,SML0026
5,44,SML0027
5,44,SML0029
5,44,SML0030
5,44,SML0038
5,44,SML0041
5,44,SML0043
5,44,SML0044
5,44,SML0045
5,44,SML0048
5,44,SML0051
5,44,SML0052
5,44,SML0057
5,44,SML0058
5,44,SML0060
5,44,SML0061
5,44,SML0074
5,44,SML0088
5,44,SML0094
5,44,SML0095
5,44,SML0099
5,44,SML0103
5,44,SML0107
5,44,SML0114
5,44,SML0125
5,44,SML0138
5,44,SML0142
5,44,SML0150
5,44,SML0152
5,44,SML0161
5,44,SML0162
5,44,SML0164
5,44,SML0167
5,44,SML0169
5,44,SML0186
5,44,SML0188
5,44,SML0193
5,44,SML0194
5,44,SML0214
5,44,SML0220
5,44,SML0234
5,44,SML0239
5,44,SML0240
5,44,SML0242
5,44,SML0243
5,44,SML0247
5,44,SML0248
5,44,SML0249
5,44,SML0257
5,44,SML0314
5,44,SML0325
5,44,SML0343
5,44,SML0380
5,44,SML0382
5,44,SML0399
5,44,SML0400
5,44,SML0401
5,44,SML0402
5,44,SML0403
5,44,SML0404
5,44,SML0405
5,44,SML0406
5,44,SML0411
5,44,SML0412
5,44,SML0422
5,44,SML0428
5,44,SML0431
5,44,SML0432
5,44,SML0433
5,44,SML0434
5,44,SML0435
5,44,SML0441
5,44,SML0444
5,44,SML0445
5,44,SML0482
5,44,SML0487
5,44,SML0490
5,44,SML0506
5,44,SML0509
5,44,SML0554
5,44,SML0555
5,44,SML0556
5,44,SML0559
5,44,SML0560
5,44,SML0602
5,44,SML0603
5,44,SML0604
5,44,SML0605
5,44,SML0608
5,44,SML0612
5,44,SML0613
5,44,SML0616
5,44,SML0624
5,44,SML0625
5,44,SML0635
5,44,SML0636
5,44,SML0639
5,44,SML0640
5,44,SML0642
5,44,SML0643
5,44,SML0644
5,44,SML0645
5,44,SML0646
5,44,SML0663
5,44,SML0666
5,44,SML0687
5,44,SML0701
5,44,SML0703
5,44,SML0712
5,44,SML0726
5,44,SML0727
5,44,SML0728
5,44,SML0729
5,44,SML0730
5,44,SML0741
5,44,SML0743
5,44,SML0748
6,1,SML0013
6,1,SML0059
6,1,SML0071
6,1,SML0153
6,1,SML0329
6,1,SML0391
6,1,SML0587
6,1,SML0614
6,2,SML0012
6,2,SML0013
6,2,SML0017
6,2,SML0031
6,2,SML0034
6,2,SML0056
6,2,SML0059
6,2,SML0064
6,2,SML0066
6,2,SML0071
6,2,SML0073
6,2,SML0077
6,2,SML0078
6,2,SML0080
6,2,SML0081
6,2,SML0091
6,2,SML0118
6,2,SML0119
6,2,SML0123
6,2,SML0124
6,2,SML0147
6,2,SML0148
6,2,SML0149
6,2,SML0153
6,2,SML0164
6,2,SML0169
6,2,SML0177
6,2,SML0180
6,2,SML0184
6,2,SML0187
6,2,SML0211
6,2,SML0212
6,2,SML0215
6,2,SML0219
6,2,SML0227
6,2,SML0249
6,2,SML0263
6,2,SML0270
6,2,SML0272
6,2,SML0276
6,2,SML0279
6,2,SML0282
6,2,SML0306
6,2,SML0307
6,2,SML0322
6,2,SML0327
6,2,SML0329
6,2,SML0340
6,2,SML0341
6,2,SML0342
6,2,SML0343
6,2,SML0344
6,2,SML0345
6,2,SML0347
6,2,SML0371
6,2,SML0373
6,2,SML0383
6,2,SML0391
6,2,SML0421
6,2,SML0438
6,2,SML0439
6,2,SML0444
6,2,SML0448
6,2,SML0449
6,2,SML0477
6,2,SML0487
6,2,SML0500
6,2,SML0505
6,2,SML0513
6,2,SML0531
6,2,SML0534
6,2,SML0545
6,2,SML0546
6,2,SML0575
6,2,SML0576
6,2,SML0577
6,2,SML0578
6,2,SML0579
6,2,SML0580
6,2,SML0587
6,2,SML0591
6,2,SML0592
6,2,SML0600
6,2,SML0621
6,2,SML0635
6,2,SML0657
6,2,SML0659
6,2,SML0677
6,2,SML0682
6,2,SML0698
6,2,SML0721
6,2,SML0726
6,2,SML0732
6,2,SML0736
6,2,SML0746
6,2,SML0747
6,3,SML0013
6,3,SML0034
6,3,SML0059
6,3,SML0066
6,3,SML0071
6,3,SML0073
6,3,SML0091
6,3,SML0114
6,3,SML0123
6,3,SML0124
6,3,SML0153
6,3,SML0164
6,3,SML0169
6,3,SML0188
6,3,SML0215
6,3,SML0272
6,3,SML0306
6,3,SML0329
6,3,SML0340
6,3,SML0345
6,3,SML0380
6,3,SML0391
6,3,SML0422
6,3,SML0441
6,3,SML0505
6,3,SML0559
6,3,SML0576
6,3,SML0577
6,3,SML0579
6,3,SML0587
6,3,SML0614
6,3,SML0682
6,3,SML0726
6,3,SML0732
6,4,SML0012
6,4,SML0013
6,4,SML0017
6,4,SML0031
6,4,SML0034
6,4,SML0056
6,4,SML0059
6,4,SML0064
6,4,SML0066
6,4,SML0071
6,4,SML0073
6,4,SML0077
6,4,SML0078
6,4,SML0080
6,4,SML0081
6,4,SML0083
6,4,SML0091
6,4,SML0118
6,4,SML0119
6,4,SML0123
6,4,SML0124
6,4,SML0147
6,4,SML0148
6,4,SML0149
6,4,SML0153
6,4,SML0164
6,4,SML0169
6,4,SML0177
6,4,SML0180
6,4,SML0184
6,4,SML0187
6,4,SML0188
6,4,SML0211
6,4,SML0212
6,4,SML0215
6,4,SML0219
6,4,SML0227
6,4,SML0249
6,4,SML0263
6,4,SML0270
6,4,SML0272
6,4,SML0276
6,4,SML0279
6,4,SML0282
6,4,SML0306
6,4,SML0307
6,4,SML0322
6,4,SML0327
6,4,SML0329
6,4,SML0340
6,4,SML0341
6,4,SML0342
6,4,SML0343
6,4,SML0344
6,4,SML0345
6,4,SML0347
6,4,SML0371
6,4,SML0373
6,4,SML0380
6,4,SML0383
6,4,SML0391
6,4,SML0421
6,4,SML0422
6,4,SML0438
6,4,SML0439
6,4,SML0441
6,4,SML0444
6,4,SML0448
6,4,SML0449
6,4,SML0477
6,4,SML0487
6,4,SML0500
6,4,SML0505
6,4,SML0513
6,4,SML0531
6,4,SML0534
6,4,SML0545
6,4,SML0546
6,4,SML0559
6,4,SML0575
6,4,SML0576
6,4,SML0577
6,4,SML0578
6,4,SML0579
6,4,SML0580
6,4,SML0587
6,4,SML0591
6,4,SML0592
6,4,SML0598
6,4,SML0600
6,4,SML0603
6,4,SML0614
6,4,SML0619
6,4,SML0620
6,4,SML0621
6,4,SML0635
6,4,SML0657
6,4,SML0658
6,4,SML0659
6,4,SML0660
6,4,SML0677
6,4,SML0682
6,4,SML0698
6,4,SML0721
6,4,SML0726
6,4,SML0732
6,4,SML0736
6,4,SML0746
6,4,SML0747
6,5,SML0012
6,5,SML0013
6,5,SML0017
6,5,SML0031
6,5,SML0034
6,5,SML0056
6,5,SML0059
6,5,SML0064
6,5,SML0066
6,5,SML0071
6,5,SML0073
6,5,SML0077
6,5,SML0078
6,5,SML0080
6,5,SML0081
6,5,SML0091
6,5,SML0102
6,5,SML0118
6,5,SML0119
6,5,SML0123
6,5,SML0124
6,5,SML0148
6,5,SML0149
6,5,SML0153
6,5,SML0187
6,5,SML0211
6,5,SML0212
6,5,SML0215
6,5,SML0219
6,5,SML0227
6,5,SML0263
6,5,SML0270
6,5,SML0272
6,5,SML0276
6,5,SML0279
6,5,SML0282
6,5,SML0306
6,5,SML0307
6,5,SML0322
6,5,SML0327
6,5,SML0329
6,5,SML0340
6,5,SML0341
6,5,SML0342
6,5,SML0344
6,5,SML0345
6,5,SML0347
6,5,SML0371
6,5,SML0373
6,5,SML0383
6,5,SML0391
6,5,SML0421
6,5,SML0438
6,5,SML0439
6,5,SML0448
6,5,SML0449
6,5,SML0477
6,5,SML0500
6,5,SML0505
6,5,SML0513
6,5,SML0531
6,5,SML0534
6,5,SML0545
6,5,SML0546
6,5,SML0575
6,5,SML0576
6,5,SML0577
6,5,SML0578
6,5,SML0579
6,5,SML0587
6,5,SML0591
6,5,SML0606
6,5,SML0614
6,5,SML0615
6,5,SML0619
6,5,SML0620
6,5,SML0621
6,5,SML0659
6,5,SML0677
6,5,SML0682
6,5,SML0721
6,5,SML0732
6,5,SML0736
6,5,SML0746
6,5,SML0747
6,12,SML0012
6,12,SML0013
6,12,SML0031
6,12,SML0034
6,12,SML0059
6,12,SML0064
6,12,SML0066
6,12,SML0071
6,12,SML0073
6,12,SML0077
6,12,SML0081
6,12,SML0091
6,12,SML0114
6,12,SML0119
6,12,SML0123
6,12,SML0124
6,12,SML0148
6,12,SML0153
6,12,SML0164
6,12,SML0169
6,12,SML0187
6,12,SML0215
6,12,SML0249
6,12,SML0263
6,12,SML0272
6,12,SML0306
6,12,SML0307
6,12,SML0327
6,12,SML0329
6,12,SML0340
6,12,SML0371
6,12,SML0380
6,12,SML0422
6,12,SML0441
6,12,SML0444
6,12,SML0500
6,12,SML0505
6,12,SML0513
6,12,SML0531
6,12,SML0534
6,12,SML0559
6,12,SML0575
6,12,SML0576
6,12,SML0577
6,12,SML0578
6,12,SML0579
6,12,SML0614
6,12,SML0615
6,12,SML0635
6,12,SML0659
6,12,SML0721
6,12,SML0726
6,12,SML0732
6,21,SML0012
6,21,SML0013
6,21,SML0031
6,21,SML0034
6,21,SML0056
6,21,SML0059
6,21,SML0064
6,21,SML0066
6,21,SML0071
6,21,SML0073
6,21,SML0077
6,21,SML0078
6,21,SML0081
6,21,SML0091
6,21,SML0114
6,21,SML0119
6,21,SML0123
6,21,SML0124
6,21,SML0148
6,21,SML0153
6,21,SML0164
6,21,SML0169
6,21,SML0187
6,21,SML0215
6,21,SML0249
6,21,SML0263
6,21,SML0270
6,21,SML0272
6,21,SML0282
6,21,SML0306
6,21,SML0307
6,21,SML0327
6,21,SML0329
6,21,SML0340
6,21,SML0341
6,21,SML0344
6,21,SML0345
6,21,SML0347
6,21,SML0371
6,21,SML0380
6,21,SML0383
6,21,SML0391
6,21,SML0421
6,21,SML0438
6,21,SML0439
6,21,SML0441
6,21,SML0448
6,21,SML0487
6,21,SML0500
6,21,SML0505
6,21,SML0513
6,21,SML0531
6,21,SML0534
6,21,SML0559
6,21,SML0575
6,21,SML0576
6,21,SML0577
6,21,SML0578
6,21,SML0579
6,21,SML0587
6,21,SML0614
6,21,SML0615
6,21,SML0619
6,21,SML0620
6,21,SML0621
6,21,SML0635
6,21,SML0659
6,21,SML0682
6,21,SML0721
6,21,SML0726
6,21,SML0732
6,32,SML0012
6,32,SML0013
6,32,SML0031
6,32,SML0034
6,32,SML0059
6,32,SML0064
6,32,SML0066
6,32,SML0071
6,32,SML0073
6,32,SML0077
6,32,SML0081
6,32,SML0091
6,32,SML0114
6,32,SML0119
6,32,SML0123
6,32,SML0124
6,32,SML0148
6,32,SML0153
6,32,SML0164
6,32,SML0169
6,32,SML0187
6,32,SML0188
6,32,SML0215
6,32,SML0263
6,32,SML0270
6,32,SML0272
6,32,SML0276
6,32,SML0279
6,32,SML0282
6,32,SML0306
6,32,SML0307
6,32,SML0327
6,32,SML0329
6,32,SML0340
6,32,SML0343
6,32,SML0345
6,32,SML0371
6,32,SML0380
6,32,SML0421
6,32,SML0422
6,32,SML0441
6,32,SML0448
6,32,SML0487
6,32,SML0505
6,32,SML0513
6,32,SML0531
6,32,SML0559
6,32,SML0575
6,32,SML0576
6,32,SML0577
6,32,SML0578
6,32,SML0579
6,32,SML0587
6,32,SML0606
6,32,SML0614
6,32,SML0615
6,32,SML0619
6,32,SML0621
6,32,SML0635
6,32,SML0659
6,32,SML0677
6,32,SML0726
6,32,SML0732
6,44,SML0012
6,44,SML0013
6,44,SML0031
6,44,SML0034
6,44,SML0056
6,44,SML0059
6,44,SML0064
6,44,SML0066
6,44,SML0071
6,44,SML0073
6,44,SML0077
6,44,SML0078
6,44,SML0081
6,44,SML0091
6,44,SML0103
6,44,SML0114
6,44,SML0119
6,44,SML0123
6,44,SML0124
6,44,SML0148
6,44,SML0153
6,44,SML0164
6,44,SML0169
6,44,SML0187
6,44,SML0188
6,44,SML0212
6,44,SML0215
6,44,SML0219
6,44,SML0249
6,44,SML0263
6,44,SML0272
6,44,SML0276
6,44,SML0279
6,44,SML0306
6,44,SML0307
6,44,SML0322
6,44,SML0327
6,44,SML0329
6,44,SML0340
6,44,SML0341
6,44,SML0343
6,44,SML0344
6,44,SML0345
6,44,SML0347
6,44,SML0371
6,44,SML0373
6,44,SML0380
6,44,SML0391
6,44,SML0421
6,44,SML0422
6,44,SML0438
6,44,SML0441
6,44,SML0444
6,44,SML0448
6,44,SML0487
6,44,SML0505
6,44,SML0513
6,44,SML0531
6,44,SML0534
6,44,SML0559
6,44,SML0575
6,44,SML0576
6,44,SML0577
6,44,SML0578
6,44,SML0579
6,44,SML0587
6,44,SML0603
6,44,SML0606
6,44,SML0613
6,44,SML0614
6,44,SML0615
6,44,SML0621
6,44,SML0635
6,44,SML0659
6,44,SML0677
6,44,SML0721
6,44,SML0726
6,44,SML0728
6,44,SML0732
12,1,SML0391
12,1,SML0587
12,2,SML0017
12,2,SML0056
12,2,SML0078
12,2,SML0080
12,2,SML0118
12,2,SML0147
12,2,SML0149
12,2,SML0177
12,2,SML0180
12,2,SML0184
12,2,SML0211
12,2,SML0212
12,2,SML0219
12,2,SML0227
12,2,SML0270
12,2,SML0276
12,2,SML0279
12,2,SML0282
12,2,SML0322
12,2,SML0341
12,2,SML0342
12,2,SML0343
12,2,SML0344
12,2,SML0345
12,2,SML0347
12,2,SML0373
12,2,SML0383
12,2,SML0391
12,2,SML0421
12,2,SML0438
12,2,SML0439
12,2,SML0448
12,2,SML0449
12,2,SML0477
12,2,SML0487
12,2,SML0545
12,2,SML0546
12,2,SML0580
12,2,SML0587
12,2,SML0591
12,2,SML0592
12,2,SML0600
12,2,SML0621
12,2,SML0657
12,2,SML0677
12,2,SML0682
12,2,SML0698
12,2,SML0736
12,2,SML0746
12,2,SML0747
12,3,SML0188
12,3,SML0345
12,3,SML0391
12,3,SML0587
12,3,SML0682
12,4,SML0017
12,4,SML0056
12,4,SML0078
12,4,SML0080
12,4,SML0083
12,4,SML0118
12,4,SML0147
12,4,SML0149
12,4,SML0177
12,4,SML0180
12,4,SML0184
12,4,SML0188
12,4,SML0211
12,4,SML0212
12,4,SML0219
12,4,SML0227
12,4,SML0270
12,4,SML0276
12,4,SML0279
12,4,SML0282
12,4,SML0322
12,4,SML0341
12,4,SML0342
12,4,SML0343
12,4,SML0344
12,4,SML0345
12,4,SML0347
12,4,SML0373
12,4,SML0383
12,4,SML0391
12,4,SML0421
12,4,SML0438
12,4,SML0439
12,4,SML0448
12,4,SML0449
12,4,SML0477
12,4,SML0487
12,4,SML0545
12,4,SML0546
12,4,SML0580
12,4,SML0587
12,4,SML0591
12,4,SML0592
12,4,SML0598
12,4,SML0600
12,4,SML0603
12,4,SML0619
12,4,SML0620
12,4,SML0621
12,4,SML0657
12,4,SML0658
12,4,SML0660
12,4,SML0677
12,4,SML0682
12,4,SML0698
12,4,SML0736
12,4,SML0746
12,4,SML0747
12,5,SML0017
12,5,SML0056
12,5,SML0078
12,5,SML0080
12,5,SML0102
12,5,SML0118
12,5,SML0149
12,5,SML0211
12,5,SML0212
12,5,SML0219
12,5,SML0227
12,5,SML0270
12,5,SML0276
12,5,SML0279
12,5,SML0282
12,5,SML0322
12,5,SML0341
12,5,SML0342
12,5,SML0344
12,5,SML0345
12,5,SML0347
12,5,SML0373
12,5,SML0383
12,5,SML0391
12,5,SML0421
12,5,SML0438
12,5,SML0439
12,5,SML0448
12,5,SML0449
12,5,SML0477
12,5,SML0545
12,5,SML0546
12,5,SML0587
12,5,SML0591
12,5,SML0606
12,5,SML0619
12,5,SML0620
12,5,SML0621
12,5,SML0677
12,5,SML0682
12,5,SML0736
12,5,SML0746
12,5,SML0747
12,21,SML0056
12,21,SML0078
12,21,SML0270
12,21,SML0282
12,21,SML0341
12,21,SML0344
12,21,SML0345
12,21,SML0347
12,21,SML0383
12,21,SML0391
12,21,SML0421
12,21,SML0438
12,21,SML0439
12,21,SML0448
12,21,SML0487
12,21,SML0587
12,21,SML0619
12,21,SML0620
12,21,SML0621
12,21,SML0682
12,32,SML0188
12,32,SML0270
12,32,SML0276
12,32,SML0279
12,32,SML0282
12,32,SML0343
12,32,SML0345
12,32,SML0421
12,32,SML0448
12,32,SML0487
12,32,SML0587
12,32,SML0606
12,32,SML0619
12,32,SML0621
12,32,SML0677
12,44,SML0056
12,44,SML0078
12,44,SML0103
12,44,SML0188
12,44,SML0212
12,44,SML0219
12,44,SML0276
12,44,SML0279
12,44,SML0322
12,44,SML0341
12,44,SML0343
12,44,SML0344
12,44,SML0345
12,44,SML0347
12,44,SML0373
12,44,SML0391
12,44,SML0421
12,44,SML0438
12,44,SML0448
12,44,SML0487
12,44,SML0587
12,44,SML0603
12,44,SML0606
12,44,SML0613
12,44,SML0621
12,44,SML0677
12,44,SML0728
21,2,SML0017
21,2,SML0080
21,2,SML0118
21,2,SML0147
21,2,SML0149
21,2,SML0177
21,2,SML0180
21,2,SML0184
21,2,SML0211
21,2,SML0212
21,2,SML0219
21,2,SML0227
21,2,SML0276
21,2,SML0279
21,2,SML0322
21,2,SML0342
21,2,SML0343
21,2,SML0373
21,2,SML0444
21,2,SML0449
21,2,SML0477
21,2,SML0545
21,2,SML0546
21,2,SML0580
21,2,SML0591
21,2,SML0592
21,2,SML0600
21,2,SML0657
21,2,SML0677
21,2,SML0698
21,2,SML0736
21,2,SML0746
21,2,SML0747
21,3,SML0188
21,3,SML0382
21,3,SML0422
21,4,SML0017
21,4,SML0080
21,4,SML0083
21,4,SML0118
21,4,SML0147
21,4,SML0149
21,4,SML0177
21,4,SML0180
21,4,SML0184
21,4,SML0188
21,4,SML0211
21,4,SML0212
21,4,SML0219
21,4,SML0227
21,4,SML0276
21,4,SML0279
21,4,SML0322
21,4,SML0342
21,4,SML0343
21,4,SML0373
21,4,SML0422
21,4,SML0444
21,4,SML0449
21,4,SML0477
21,4,SML0545
21,4,SML0546
21,4,SML0580
21,4,SML0591
21,4,SML0592
21,4,SML0598
21,4,SML0600
21,4,SML0603
21,4,SML0657
21,4,SML0658
21,4,SML0660
21,4,SML0677
21,4,SML0698
21,4,SML0736
21,4,SML0746
21,4,SML0747
21,5,SML0017
21,5,SML0080
21,5,SML0102
21,5,SML0118
21,5,SML0149
21,5,SML0211
21,5,SML0212
21,5,SML0219
21,5,SML0227
21,5,SML0276
21,5,SML0279
21,5,SML0322
21,5,SML0342
21,5,SML0373
21,5,SML0449
21,5,SML0477
21,5,SML0545
21,5,SML0546
21,5,SML0591
21,5,SML0606
21,5,SML0677
21,5,SML0736
21,5,SML0746
21,5,SML0747
21,6,SML0382
21,12,SML0382
21,12,SML0422
21,12,SML0444
21,32,SML0188
21,32,SML0276
21,32,SML0279
21,32,SML0343
21,32,SML0382
21,32,SML0422
21,32,SML0606
21,32,SML0677
21,44,SML0103
21,44,SML0188
21,44,SML0212
21,44,SML0219
21,44,SML0276
21,44,SML0279
21,44,SML0322
21,44,SML0343
21,44,SML0373
21,44,SML0382
21,44,SML0422
21,44,SML0444
21,44,SML0603
21,44,SML0606
21,44,SML0613
21,44,SML0677
21,44,SML0728
32,1,SML0391
32,2,SML0017
32,2,SML0056
32,2,SML0078
32,2,SML0080
32,2,SML0118
32,2,SML0147
32,2,SML0149
32,2,SML0177
32,2,SML0180
32,2,SML0184
32,2,SML0211
32,2,SML0212
32,2,SML0219
32,2,SML0227
32,2,SML0249
32,2,SML0322
32,2,SML0341
32,2,SML0342
32,2,SML0344
32,2,SML0347
32,2,SML0373
32,2,SML0383
32,2,SML0391
32,2,SML0438
32,2,SML0439
32,2,SML0444
32,2,SML0449
32,2,SML0477
32,2,SML0500
32,2,SML0534
32,2,SML0545
32,2,SML0546
32,2,SML0580
32,2,SML0591
32,2,SML0592
32,2,SML0600
32,2,SML0657
32,2,SML0682
32,2,SML0698
32,2,SML0721
32,2,SML0736
32,2,SML0746
32,2,SML0747
32,3,SML0391
32,3,SML0682
32,4,SML0017
32,4,SML0056
32,4,SML0078
32,4,SML0080
32,4,SML0083
32,4,SML0118
32,4,SML0147
32,4,SML0149
32,4,SML0177
32,4,SML0180
32,4,SML0184
32,4,SML0211
32,4,SML0212
32,4,SML0219
32,4,SML0227
32,4,SML0249
32,4,SML0322
32,4,SML0341
32,4,SML0342
32,4,SML0344
32,4,SML0347
32,4,SML0373
32,4,SML0383
32,4,SML0391
32,4,SML0438
32,4,SML0439
32,4,SML0444
32,4,SML0449
32,4,SML0477
32,4,SML0500
32,4,SML0534
32,4,SML0545
32,4,SML0546
32,4,SML0580
32,4,SML0591
32,4,SML0592
32,4,SML0598
32,4,SML0600
32,4,SML0603
32,4,SML0620
32,4,SML0657
32,4,SML0658
32,4,SML0660
32,4,SML0682
32,4,SML0698
32,4,SML0721
32,4,SML0736
32,4,SML0746
32,4,SML0747
32,5,SML0017
32,5,SML0056
32,5,SML0078
32,5,SML0080
32,5,SML0102
32,5,SML0118
32,5,SML0149
32,5,SML0211
32,5,SML0212
32,5,SML0219
32,5,SML0227
32,5,SML0322
32,5,SML0341
32,5,SML0342
32,5,SML0344
32,5,SML0347
32,5,SML0373
32,5,SML0383
32,5,SML0391
32,5,SML0438
32,5,SML0439
32,5,SML0449
32,5,SML0477
32,5,SML0500
32,5,SML0534
32,5,SML0545
32,5,SML0546
32,5,SML0591
32,5,SML0620
32,5,SML0682
32,5,SML0721
32,5,SML0736
32,5,SML0746
32,5,SML0747
32,12,SML0249
32,12,SML0444
32,12,SML0500
32,12,SML0534
32,12,SML0721
32,21,SML0056
32,21,SML0078
32,21,SML0249
32,21,SML0341
32,21,SML0344
32,21,SML0347
32,21,SML0383
32,21,SML0391
32,21,SML0438
32,21,SML0439
32,21,SML0500
32,21,SML0534
32,21,SML0620
32,21,SML0682
32,21,SML0721
32,44,SML0056
32,44,SML0078
32,44,SML0103
32,44,SML0212
32,44,SML0219
32,44,SML0249
32,44,SML0322
32,44,SML0341
32,44,SML0344
32,44,SML0347
32,44,SML0373
32,44,SML0391
32,44,SML0438
32,44,SML0444
32,44,SML0534
32,44,SML0603
32,44,SML0613
32,44,SML0721
32,44,SML0728
44,2,SML0017
44,2,SML0080
44,2,SML0118
44,2,SML0147
44,2,SML0149
44,2,SML0177
44,2,SML0180
44,2,SML0184
44,2,SML0211
44,2,SML0227
44,2,SML0270
44,2,SML0282
44,2,SML0342
44,2,SML0383
44,2,SML0439
44,2,SML0449
44,2,SML0477
44,2,SML0500
44,2,SML0545
44,2,SML0546
44,2,SML0580
44,2,SML0591
44,2,SML0592
44,2,SML0600
44,2,SML0657
44,2,SML0682
44,2,SML0698
44,2,SML0736
44,2,SML0746
44,2,SML0747
44,3,SML0682
44,4,SML0017
44,4,SML0080
44,4,SML0083
44,4,SML0118
44,4,SML0147
44,4,SML0149
44,4,SML0177
44,4,SML0180
44,4,SML0184
44,4,SML0211
44,4,SML0227
44,4,SML0270
44,4,SML0282
44,4,SML0342
44,4,SML0383
44,4,SML0439
44,4,SML0449
44,4,SML0477
44,4,SML0500
44,4,SML0545
44,4,SML0546
44,4,SML0580
44,4,SML0591
44,4,SML0592
44,4,SML0598
44,4,SML0600
44,4,SML0619
44,4,SML0620
44,4,SML0657
44,4,SML0658
44,4,SML0660
44,4,SML0682
44,4,SML0698
44,4,SML0736
44,4,SML0746
44,4,SML0747
44,5,SML0017
44,5,SML0080
44,5,SML0102
44,5,SML0118
44,5,SML0149
44,5,SML0211
44,5,SML0227
44,5,SML0270
44,5,SML0282
44,5,SML0342
44,5,SML0383
44,5,SML0439
44,5,SML0449
44,5,SML0477
44,5,SML0500
44,5,SML0545
44,5,SML0546
44,5,SML0591
44,5,SML0619
44,5,SML0620
44,5,SML0682
44,5,SML0736
44,5,SML0746
44,5,SML0747
44,12,SML0500
44,21,SML0270
44,21,SML0282
44,21,SML0383
44,21,SML0439
44,21,SML0500
44,21,SML0619
44,21,SML0620
44,21,SML0682
44,32,SML0270
44,32,SML0282
44,32,SML0619
